htv_region_dm.deviceid	htv_region_dm.city	htv_region_dm.province	htv_region_dm.date_time
00500300000351800038748F1BDA58C6	0931	58	20210901
00500300000355500057748F1B0C6B90	0931	58	20210901
005801FF0001005005D300692D37D275	0939	58	20210901
005801FF0001005005D300692D37D287	0933	58	20210901
005801FF0001005005D300692D37D2E8	0933	58	20210901
005801FF0001005005D300692D37D310	0938	58	20210901
005801FF0001005005D300692D37D339	0933	58	20210901
005801FF0001005005D300692D37D33D	0938	58	20210901
005801FF0001005005D300692D37D34F	0939	58	20210901
005801FF0001005005D300692D37D35D	0938	58	20210901
005801FF0001005005D300692D37D3DE	0938	58	20210901
005801FF0001005005D300692D37D3E0	0938	58	20210901
005801FF0001005005D300692D37D3E7	0933	58	20210901
005801FF0001005005D300692D37D445	0938	58	20210901
005801FF0001005005D300692D37D447	0933	58	20210901
005801FF0001005005D300692D37D451	0938	58	20210901
005801FF0001005005D300692D37D467	0933	58	20210901
005801FF0001005005D300692D37D46F	0933	58	20210901
005801FF0001005005D300692D37D498	0938	58	20210901
005801FF0001005005D300692D37D49A	0933	58	20210901
005801FF0001005005D300692D37D4CA	0939	58	20210901
005801FF0001005005D300692D37D580	0938	58	20210901
005801FF0001005005D300692D37D584	0938	58	20210901
005801FF0001005005D300692D37D599	0938	58	20210901
005801FF0001005005D300692D37D5B3	0938	58	20210901
005801FF0001005005D300692D37D5B7	0938	58	20210901
005801FF0001005005D300692D37D5DF	0938	58	20210901
005801FF0001005005D300692D37D601	0938	58	20210901
005801FF0001005005D300692D37D659	0933	58	20210901
005801FF0001005005D300692D37D682	0938	58	20210901
005801FF0001005005D300692D37D6B6	0938	58	20210901
005801FF0001005005D300692D37D6C1	0933	58	20210901
005801FF0001005005D300692D37D6C8	0938	58	20210901
005801FF0001005005D300692D37D6D1	0939	58	20210901
005801FF0001005005D300692D37D6D4	0939	58	20210901
005801FF0001005005D300692D37D6F3	0938	58	20210901
005801FF0001005005D300692D37D703	0933	58	20210901
005801FF0001005005D300692D37D70E	0933	58	20210901
005801FF0001005005D300692D37D71B	0938	58	20210901
005801FF0001005005D300692D37D725	0933	58	20210901
005801FF0001005005D300692D37D732	0938	58	20210901
005801FF0001005005D300692D37D737	0933	58	20210901
005801FF0001005005D300692D37D738	0938	58	20210901
005801FF0001005005D300692D37D76A	0933	58	20210901
005801FF0001005005D300692D37D7B9	0938	58	20210901
005801FF0001005005D300692D37D7EC	0933	58	20210901
005801FF0001005005D300692D37D7EE	0933	58	20210901
005801FF0001005005D300692D37D7F0	0933	58	20210901
005801FF0001005005D300692D37D819	0933	58	20210901
005801FF0001005005D300692D37D81A	0938	58	20210901
005801FF0001005005D300692D37D85F	0933	58	20210901
005801FF0001005005D300692D37D861	0933	58	20210901
005801FF0001005005D300692D37D872	0938	58	20210901
005801FF0001005005D300692D37D877	0939	58	20210901
005801FF0001005005D300692D37D883	0933	58	20210901
005801FF0001005005D300692D37D88B	0938	58	20210901
005801FF0001005005D300692D37D88C	0938	58	20210901
005801FF0001005005D300692D37D895	0938	58	20210901
005801FF0001005005D300692D37D89A	0938	58	20210901
005801FF0001005005D300692D37D8C1	0938	58	20210901
005801FF0001005005D300692D37D8D2	0938	58	20210901
005801FF0001005005D300692D37D914	0939	58	20210901
005801FF0001005005D300692D37D94C	0938	58	20210901
005801FF0001005005D300692D37D971	0939	58	20210901
005801FF0001005005D300692D37D976	0938	58	20210901
005801FF0001005005D300692D37D980	0938	58	20210901
005801FF0001005005D300692D37D9A3	0938	58	20210901
005801FF0001005005D300692D37D9A5	0938	58	20210901
005801FF0001005005D300692D37D9BA	0938	58	20210901
005801FF0001005005D300692D37D9C7	0938	58	20210901
005801FF0001005005D300692D37D9D6	0938	58	20210901
005801FF0001005005D300692D37D9DE	0938	58	20210901
005801FF0001005005D300692D37DA13	0938	58	20210901
005801FF0001005005D300692D37DA3A	0938	58	20210901
005801FF0001005005D300692D37DA57	0938	58	20210901
005801FF0001005005D300692D37DA5F	0938	58	20210901
005801FF0001005005D300692D37DA64	0933	58	20210901
005801FF0001005005D300692D37DABB	0938	58	20210901
005801FF0001005005D300692D37DAE9	0938	58	20210901
005801FF0001005005D300692D37DB28	0938	58	20210901
005801FF0001005005D300692D37DB43	0938	58	20210901
005801FF0001005005D300692D37DB57	0938	58	20210901
005801FF0001005005D300692D37DB8C	0938	58	20210901
005801FF0001005005D300692D37DBBF	0938	58	20210901
005801FF0001005005D300692D37DBDE	0938	58	20210901
005801FF0001005005D300692D37DBE8	0933	58	20210901
005801FF0001005005D300692D37DC2F	0938	58	20210901
005801FF0001005005D300692D37DC30	0939	58	20210901
005801FF0001005005D300692D37DC55	0938	58	20210901
005801FF0001005005D300692D37DC58	0938	58	20210901
005801FF0001005005D300692D37DC86	0938	58	20210901
005801FF0001005005D300692D37DCAD	0939	58	20210901
005801FF0001005005D300692D37DCB0	0938	58	20210901
005801FF0001005005D300692D37DCCA	0938	58	20210901
005801FF0001005005D300692D37DCCE	0938	58	20210901
005801FF0001005005D300692D37DCD3	0938	58	20210901
005801FF0001005005D300692D37DCDF	0938	58	20210901
005801FF0001005005D300692D37DCEC	0939	58	20210901
005801FF0001005005D300692D37DD18	0938	58	20210901
005801FF0001005005D300692D37DD36	0939	58	20210901
005801FF0001005005D300692D37DD37	0938	58	20210901
005801FF0001005005D300692D37DD5B	0938	58	20210901
005801FF0001005005D300692D37DD61	0939	58	20210901
005801FF0001005005D300692D37DD77	0938	58	20210901
005801FF0001005005D300692D37DD8D	0938	58	20210901
005801FF0001005005D300692D37DDBD	0939	58	20210901
005801FF0001005005D300692D37DE12	0938	58	20210901
005801FF0001005005D300692D37DEAC	0938	58	20210901
005801FF0001005005D300692D37DEB9	0938	58	20210901
005801FF0001005005D300692D37DF2B	0938	58	20210901
005801FF0001005005D300692D37DF51	0938	58	20210901
005801FF0001005005D300692D37DF53	0938	58	20210901
005801FF0001005005D300692D37DF96	0939	58	20210901
005801FF0001005005D300692D37DF97	0939	58	20210901
005801FF0001005005D300692D37DF9C	0938	58	20210901
005801FF0001005005D300692D37DF9F	0938	58	20210901
005801FF0001005005D300692D37E006	0939	58	20210901
005801FF0001005005D300692D37E04A	0939	58	20210901
005801FF0001005005D300692D37E06B	0938	58	20210901
005801FF0001005005D300692D37E0A7	0938	58	20210901
005801FF0001005005D300692D37E0B1	0938	58	20210901
005801FF0001005005D300692D37E0C5	0938	58	20210901
005801FF0001005005D300692D37E0D8	0938	58	20210901
005801FF0001005005D300692D37E111	0938	58	20210901
005801FF0001005005D300692D37E152	0938	58	20210901
005801FF0001005005D300692D37E171	0938	58	20210901
005801FF0001005005D300692D37E1AE	0939	58	20210901
005801FF0001005005D300692D37E1AF	0938	58	20210901
005801FF0001005005D300692D37E1DD	0938	58	20210901
005801FF0001005005D300692D37E20A	0939	58	20210901
005801FF0001005005D300692D37E219	0938	58	20210901
005801FF0001005005D300692D37E27F	0938	58	20210901
005801FF0001005005D300692D37E280	0939	58	20210901
005801FF0001005005D300692D37E2A4	0938	58	20210901
005801FF0001005005D300692D37E2C3	0938	58	20210901
005801FF0001005005D300692D37E340	0938	58	20210901
005801FF0001005005D300692D37E370	0938	58	20210901
005801FF0001005005D300692D37E37C	0938	58	20210901
005801FF0001005005D300692D37E380	0938	58	20210901
005801FF0001005005D300692D37E3E2	0938	58	20210901
005801FF0001005005D300692D37E3F0	0938	58	20210901
005801FF0001005005D300692D37E415	0938	58	20210901
005801FF0001005005D300692D37E447	0938	58	20210901
005801FF0001005005D300692D37E44D	0939	58	20210901
005801FF0001005005D300692D37E45D	0938	58	20210901
005801FF0001005005D300692D37E474	0938	58	20210901
005801FF0001005005D300692D37E483	0938	58	20210901
005801FF0001005005D300692D37E4DE	0938	58	20210901
005801FF0001005005D300692D37E525	0938	58	20210901
005801FF0001005005D300692D37E527	0938	58	20210901
005801FF0001005005D300692D37E55B	0938	58	20210901
005801FF0001005005D300692D37E568	0938	58	20210901
005801FF0001005005D300692D37E57C	0938	58	20210901
005801FF0001005005D300692D37E590	0938	58	20210901
005801FF0001005005D300692D37E59D	0938	58	20210901
005801FF0001005005D300692D37E5A5	0933	58	20210901
005801FF0001005005D300692D37E5AC	0933	58	20210901
005801FF0001005005D300692D37E5E9	0938	58	20210901
005801FF0001005005D300692D37E60A	0938	58	20210901
005801FF0001005005D300692D37E627	0938	58	20210901
005801FF0001005005D300692D37E63F	0938	58	20210901
005801FF0001005005D300692D37E6AA	0938	58	20210901
005801FF0001005005D300692D37E6B3	0938	58	20210901
005801FF0001005005D300692D37E80B	0939	58	20210901
005801FF0001005005D300692D37E81B	0938	58	20210901
005801FF0001005005D300692D37E82E	0938	58	20210901
005801FF0001005005D300692D37E85C	0938	58	20210901
005801FF0001005005D300692D37E85D	0938	58	20210901
005801FF0001005005D300692D37E8A2	0939	58	20210901
005801FF0001005005D300692D37E8BA	0938	58	20210901
005801FF0001005005D300692D37E8F4	0938	58	20210901
005801FF0001005005D300692D37E8F6	0939	58	20210901
005801FF0001005005D300692D37E904	0939	58	20210901
005801FF0001005005D300692D37E918	0939	58	20210901
005801FF0001005005D300692D37E925	0938	58	20210901
005801FF0001005005D300692D37E9A0	0939	58	20210901
005801FF0001005005D300692D37E9CF	0938	58	20210901
005801FF0001005005D300692D37E9FE	0938	58	20210901
005801FF0001005005D300692D37EA2D	0938	58	20210901
005801FF0001005005D300692D37EA44	0938	58	20210901
005801FF0001005005D300692D37EAA1	0938	58	20210901
005801FF0001005005D300692D37EAA8	0939	58	20210901
005801FF0001005005D300692D37EAA9	0938	58	20210901
005801FF0001005005D300692D37EAED	0938	58	20210901
005801FF0001005005D300692D37EB0A	0938	58	20210901
005801FF0001005005D300692D37EB1F	0933	58	20210901
005801FF0001005005D300692D37EB73	0938	58	20210901
005801FF0001005005D300692D37EB74	0939	58	20210901
005801FF0001005005D300692D37EB8D	0939	58	20210901
005801FF0001005005D300692D37EBAB	0939	58	20210901
005801FF0001005005D300692D37EBFB	0939	58	20210901
005801FF0001005005D300692D37EC1C	0939	58	20210901
005801FF0001005005D300692D37EC37	0939	58	20210901
005801FF0001005005D300692D37EC4F	0939	58	20210901
005801FF0001005005D300692D37EC8C	0939	58	20210901
005801FF0001005005D300692D37EC9F	0939	58	20210901
005801FF0001005005D300692D37ECB4	0939	58	20210901
005801FF0001005005D300692D37ECBC	0939	58	20210901
005801FF0001005005D300692D37ED16	0939	58	20210901
005801FF0001005005D300692D37ED20	0939	58	20210901
005801FF0001005005D300692D37ED3D	0939	58	20210901
005801FF0001005005D300692D37ED7B	0939	58	20210901
005801FF0001005005D300692D37EDB4	0939	58	20210901
005801FF0001005005D300692D37EDE7	0939	58	20210901
005801FF0001005005D300692D37EE3D	0939	58	20210901
005801FF0001005005D300692D37EE4D	0939	58	20210901
005801FF0001005005D300692D37EE94	0939	58	20210901
005801FF0001005005D300692D37EEAF	0939	58	20210901
005801FF0001005005D300692D37EEB4	0939	58	20210901
005801FF0001005005D300692D37EECA	0938	58	20210901
005801FF0001005005D300692D37EED3	0939	58	20210901
005801FF0001005005D300692D37EF2E	0939	58	20210901
005801FF0001005005D300692D37EF3E	0939	58	20210901
005801FF0001005005D300692D37EF5F	0939	58	20210901
005801FF0001005005D300692D37EF90	0939	58	20210901
005801FF0001005005D300692D37EFAA	0939	58	20210901
005801FF0001005005D300692D37EFAC	0939	58	20210901
005801FF0001005005D300692D37EFD7	0939	58	20210901
005801FF0001005005D300692D37EFEB	0939	58	20210901
005801FF0001005005D300692D37EFF9	0939	58	20210901
005801FF0001005005D300692D37F003	0938	58	20210901
005801FF0001005005D300692D37F038	0938	58	20210901
005801FF0001005005D300692D37F04E	0938	58	20210901
005801FF0001005005D300692D37F059	0939	58	20210901
005801FF0001005005D300692D37F0C2	0939	58	20210901
005801FF0001005005D300692D37F0D1	0938	58	20210901
005801FF0001005005D300692D37F0E3	0938	58	20210901
005801FF0001005005D300692D37F108	0939	58	20210901
005801FF0001005005D300692D37F112	0938	58	20210901
005801FF0001005005D300692D37F147	0939	58	20210901
005801FF0001005005D300692D37F15D	0938	58	20210901
005801FF0001005005D300692D37F19B	0938	58	20210901
005801FF0001005005D300692D37F1BD	0939	58	20210901
005801FF0001005005D300692D37F1BF	0938	58	20210901
005801FF0001005005D300692D37F1C1	0939	58	20210901
005801FF0001005005D300692D37F1F2	0939	58	20210901
005801FF0001005005D300692D37F239	0939	58	20210901
005801FF0001005005D300692D37F25E	0939	58	20210901
005801FF0001005005D300692D37F28A	0939	58	20210901
005801FF0001005005D300692D37F293	0939	58	20210901
005801FF0001005005D300692D37F29C	0939	58	20210901
005801FF0001005005D300692D37F2AC	0938	58	20210901
005801FF0001005005D300692D37F30E	0939	58	20210901
005801FF0001005005D300692D37F34E	0939	58	20210901
005801FF0001005005D300692D37F353	0939	58	20210901
005801FF0001005005D300692D37F372	0939	58	20210901
005801FF0001005005D300692D37F39A	0939	58	20210901
005801FF0001005005D300692D37F3A9	0939	58	20210901
005801FF0001005005D300692D37F3D1	0939	58	20210901
005801FF0001005005D300692D37F3D8	0939	58	20210901
005801FF0001005005D300692D37F3FB	0939	58	20210901
005801FF0001005005D300692D37F428	0938	58	20210901
005801FF0001005005D300692D37F44E	0938	58	20210901
005801FF0001005005D300692D37F461	0938	58	20210901
005801FF0001005005D300692D37F471	0938	58	20210901
005801FF0001005005D300692D37F47F	0938	58	20210901
005801FF0001005005D300692D37F492	0938	58	20210901
005801FF0001005005D300692D37F4BD	0938	58	20210901
005801FF0001005005D300692D37F4D8	0938	58	20210901
005801FF0001005005D300692D37F4EE	0938	58	20210901
005801FF0001005005D300692D37F51E	0938	58	20210901
005801FF0001005005D300692D37F545	0938	58	20210901
005801FF0001005005D300692D37F55C	0938	58	20210901
005801FF0001005005D300692D37F593	0938	58	20210901
005801FF0001005005D300692D37F5AE	0938	58	20210901
005801FF0001005005D300692D37F5B7	0938	58	20210901
005801FF0001005005D300692D37F5D1	0938	58	20210901
005801FF0001005005D300692D37F616	0938	58	20210901
005801FF0001005005D300692D37F62E	0938	58	20210901
005801FF0001005005D300692D37F683	0938	58	20210901
005801FF0001005005D300692D37F68C	0939	58	20210901
005801FF0001005005D300692D37F6D7	0938	58	20210901
005801FF0001005005D300692D37F70D	0939	58	20210901
005801FF0001005005D300692D37F73A	0939	58	20210901
005801FF0001005005D300692D37F77C	0938	58	20210901
005801FF0001005005D300692D37F7E0	0938	58	20210901
005801FF0001005005D300692D37F7EB	0939	58	20210901
005801FF0001005005D300692D37F7F1	0939	58	20210901
005801FF0001005005D300692D37F811	0939	58	20210901
005801FF0001005005D300692D37F815	0939	58	20210901
005801FF0001005005D300692D37F85E	0939	58	20210901
005801FF0001005005D300692D37F876	0939	58	20210901
005801FF0001005005D300692D37F87E	0939	58	20210901
005801FF0001005005D300692D37F8B5	0939	58	20210901
005801FF0001005005D300692D37F8B9	0939	58	20210901
005801FF0001005005D300692D37F8CB	0939	58	20210901
005801FF0001005005D300692D37F8D0	0939	58	20210901
005801FF0001005005D300692D37F927	0939	58	20210901
005801FF0001005005D300692D37F942	0939	58	20210901
005801FF0001005005D300692D37F95D	0939	58	20210901
005801FF0001005005D300692D37F9CD	0939	58	20210901
005801FF0001005005D300692D37FA13	0939	58	20210901
005801FF0001005005D300692D37FA14	0939	58	20210901
005801FF0001005005D300692D37FA3E	0939	58	20210901
005801FF0001005005D300692D37FA74	0939	58	20210901
005801FF0001005005D300692D37FABC	0939	58	20210901
005801FF0001005005D300692D37FAD3	0939	58	20210901
005801FF0001005005D300692D37FAD8	0939	58	20210901
005801FF0001005005D300692D37FAE9	0939	58	20210901
005801FF0001005005D300692D37FB1B	0939	58	20210901
005801FF0001005005D300692D37FB25	0939	58	20210901
005801FF0001005005D300692D37FB36	0938	58	20210901
005801FF0001005005D300692D37FB40	0939	58	20210901
005801FF0001005005D300692D37FBD2	0939	58	20210901
005801FF0001005005D300692D37FBEA	0939	58	20210901
005801FF0001005005D300692D37FC49	0939	58	20210901
005801FF0001005005D300692D37FC55	0939	58	20210901
005801FF0001005005D300692D37FC7E	0939	58	20210901
005801FF0001005005D300692D37FCE6	0939	58	20210901
005801FF0001005005D300692D37FD36	0939	58	20210901
005801FF0001005005D300692D37FD53	0939	58	20210901
005801FF0001005005D300692D37FD8B	0939	58	20210901
005801FF0001005005D300692D37FD90	0939	58	20210901
005801FF0001005005D300692D37FDF3	0939	58	20210901
005801FF0001005005D300692D37FE26	0939	58	20210901
005801FF0001005005D300692D37FE3A	0939	58	20210901
005801FF0001005005D300692D37FE4B	0939	58	20210901
005801FF0001005005D300692D37FE6A	0939	58	20210901
005801FF0001005005D300692D37FEC0	0939	58	20210901
005801FF0001005005D300692D37FEC7	0938	58	20210901
005801FF0001005005D300692D37FEC9	0939	58	20210901
005801FF0001005005D300692D37FEE5	0939	58	20210901
005801FF0001005005D300692D37FEF7	0939	58	20210901
005801FF0001005005D300692D37FEFD	0939	58	20210901
005801FF0001005005D300692D37FF24	0939	58	20210901
005801FF0001005005D300692D37FFDD	0939	58	20210901
005801FF0001005005D300692D380009	0939	58	20210901
005801FF0001005005D300692D380011	0939	58	20210901
005801FF0001005005D300692D380014	0939	58	20210901
005801FF0001005005D300692D380020	0939	58	20210901
005801FF0001005005D300692D380051	0939	58	20210901
005801FF0001005005D300692D3800A2	0939	58	20210901
005801FF0001005005D300692D3800BC	0939	58	20210901
005801FF0001005005D300692D3800BD	0939	58	20210901
005801FF0001005005D300692D3800D9	0939	58	20210901
005801FF0001005005D300692D3800F8	0939	58	20210901
005801FF0001005005D300692D380128	0939	58	20210901
005801FF0001005005D300692D380139	0938	58	20210901
005801FF0001005005D300692D380177	0938	58	20210901
005801FF0001005005D300692D38018F	0939	58	20210901
005801FF0001005005D300692D3801D7	0939	58	20210901
005801FF0001005005D300692D380211	0939	58	20210901
005801FF0001005005D300692D38021D	0939	58	20210901
005801FF0001005005D300692D380271	0938	58	20210901
005801FF0001005005D300692D380272	0939	58	20210901
005801FF0001005005D300692D3802F7	0938	58	20210901
005801FF0001005005D300692D380382	0939	58	20210901
005801FF0001005005D300692D380390	0939	58	20210901
005801FF0001005005D300692D3803D1	0939	58	20210901
005801FF0001005005D300692D3803F4	0938	58	20210901
005801FF0001005005D300692D380427	0939	58	20210901
005801FF0001005005D300692D380473	0938	58	20210901
005801FF0001005005D300692D38047C	0939	58	20210901
005801FF0001005005D300692D3804B6	0939	58	20210901
005801FF0001005005D300692D3804C5	0939	58	20210901
005801FF0001005005D300692D3804D6	0939	58	20210901
005801FF0001005005D300692D3804DB	0939	58	20210901
005801FF0001005005D300692D380505	0939	58	20210901
005801FF0001005005D300692D38050B	0938	58	20210901
005801FF0001005005D300692D38051C	0939	58	20210901
005801FF0001005005D300692D380546	0939	58	20210901
005801FF0001005005D300692D38056B	0939	58	20210901
005801FF0001005005D300692D380570	0939	58	20210901
005801FF0001005005D300692D3805D4	0939	58	20210901
005801FF0001005005D300692D3805D5	0938	58	20210901
005801FF0001005005D300692D3805D9	0939	58	20210901
005801FF0001005005D300692D38065A	0939	58	20210901
005801FF0001005005D300692D3806B6	0939	58	20210901
005801FF0001005005D300692D3806BC	0939	58	20210901
005801FF0001005005D300692D3806D5	0939	58	20210901
005801FF0001005005D300692D3806F8	0939	58	20210901
005801FF0001005005D300692D380702	0939	58	20210901
005801FF0001005005D300692D380728	0939	58	20210901
005801FF0001005005D300692D38078F	0939	58	20210901
005801FF0001005005D300692D3807AB	0939	58	20210901
005801FF0001005005D300692D3807FC	0939	58	20210901
005801FF0001005005D300692D380868	0939	58	20210901
005801FF0001005005D300692D380869	0939	58	20210901
005801FF0001005005D300692D3808EB	0939	58	20210901
005801FF0001005005D300692D380903	0939	58	20210901
005801FF0001005005D300692D38090B	0939	58	20210901
005801FF0001005005D300692D380914	0939	58	20210901
005801FF0001005005D300692D380924	0938	58	20210901
005801FF0001005005D300692D380937	0938	58	20210901
005801FF0001005005D300692D38093A	0939	58	20210901
005801FF0001005005D300692D38093D	0939	58	20210901
005801FF0001005005D300692D38098E	0938	58	20210901
005801FF0001005005D300692D380990	0938	58	20210901
005801FF0001005005D300692D380996	0939	58	20210901
005801FF0001005005D300692D380A06	0938	58	20210901
005801FF0001005005D300692D380AA6	0938	58	20210901
005801FF0001005005D300692D380ABF	0938	58	20210901
005801FF0001005005D300692D380AC8	0938	58	20210901
005801FF0001005005D300692D380B2A	0938	58	20210901
005801FF0001005005D300692D380B4D	0938	58	20210901
005801FF0001005005D300692D380B4F	0938	58	20210901
005801FF0001005005D300692D380B59	0938	58	20210901
005801FF0001005005D300692D380B5E	0938	58	20210901
005801FF0001005005D300692D380BCD	0938	58	20210901
005801FF0001005005D300692D380BD5	0939	58	20210901
005801FF0001005005D300692D380BE4	0938	58	20210901
005801FF0001005005D300692D380C06	0939	58	20210901
005801FF0001005005D300692D380C6B	0938	58	20210901
005801FF0001005005D300692D380CBA	0938	58	20210901
005801FF0001005005D300692D380CC8	0938	58	20210901
005801FF0001005005D300692D380D38	0939	58	20210901
005801FF0001005005D300692D380D96	0939	58	20210901
005801FF0001005005D300692D380E1D	0939	58	20210901
005801FF0001005005D300692D380E20	0939	58	20210901
005801FF0001005005D300692D380E83	0939	58	20210901
005801FF0001005005D300692D380EE3	0939	58	20210901
005801FF0001005005D300692D380EEC	0939	58	20210901
005801FF0001005005D300692D380F1F	0939	58	20210901
005801FF0001005005D300692D380F87	0939	58	20210901
005801FF0001005005D300692D380F8E	0939	58	20210901
005801FF0001005005D300692D380FBB	0939	58	20210901
005801FF0001005005D300692D380FD6	0939	58	20210901
005801FF0001005005D300692D380FDB	0939	58	20210901
005801FF0001005005D300692D381000	0939	58	20210901
005801FF0001005005D300692D381001	0939	58	20210901
005801FF0001005005D300692D38105B	0939	58	20210901
005801FF0001005005D300692D381082	0939	58	20210901
005801FF0001005005D300692D38108A	0939	58	20210901
005801FF0001005005D300692D3810C6	0939	58	20210901
005801FF0001005005D300692D3810D0	0939	58	20210901
005801FF0001005005D300692D381106	0939	58	20210901
005801FF0001005005D300692D381122	0939	58	20210901
005801FF0001005005D300692D381134	0938	58	20210901
005801FF0001005005D300692D381160	0939	58	20210901
005801FF0001005005D300692D38117A	0939	58	20210901
005801FF0001005005D300692D381188	0939	58	20210901
005801FF0001005005D300692D3811A0	0938	58	20210901
005801FF0001005005D300692D38120B	0939	58	20210901
005801FF0001005005D300692D38126F	0939	58	20210901
005801FF0001005005D300692D38128C	0939	58	20210901
005801FF0001005005D300692D38128E	0939	58	20210901
005801FF0001005005D300692D381297	0939	58	20210901
005801FF0001005005D300692D3812AB	0939	58	20210901
005801FF0001005005D300692D3812CA	0939	58	20210901
005801FF0001005005D300692D3812CD	0939	58	20210901
005801FF0001005005D300692D38136E	0939	58	20210901
005801FF0001005005D300692D3813AE	0939	58	20210901
005801FF0001005005D300692D3813BE	0939	58	20210901
005801FF0001005005D300692D3813EB	0939	58	20210901
005801FF0001005005D300692D381424	0939	58	20210901
005801FF0001005005D300692D38145A	0939	58	20210901
005801FF0001005005D300692D381468	0939	58	20210901
005801FF0001005005D300692D3814A5	0939	58	20210901
005801FF0001005005D300692D3814B4	0939	58	20210901
005801FF0001005005D300692D3814C0	0939	58	20210901
005801FF0001005005D300692D3814CB	0939	58	20210901
005801FF0001005005D300692D3814CF	0939	58	20210901
005801FF0001005005D300692D3814FE	0939	58	20210901
005801FF0001005005D300692D381519	0939	58	20210901
005801FF0001005005D300692D381528	0939	58	20210901
005801FF0001005005D300692D38153B	0939	58	20210901
005801FF0001005005D300692D3815F7	0938	58	20210901
005801FF0001005005D300692D381643	0938	58	20210901
005801FF0001005005D300692D381666	0939	58	20210901
005801FF0001005005D300692D3816A3	0938	58	20210901
005801FF0001005005D300692D3816DD	0938	58	20210901
005801FF0001005005D300692D3816FD	0938	58	20210901
005801FF0001005005D300692D381704	0938	58	20210901
005801FF0001005005D300692D381718	0938	58	20210901
005801FF0001005005D300692D38175D	0939	58	20210901
005801FF0001005005D300692D38176C	0939	58	20210901
005801FF0001005005D300692D381795	0939	58	20210901
005801FF0001005005D300692D38179E	0939	58	20210901
005801FF0001005005D300692D381836	0938	58	20210901
005801FF0001005005D300692D38183B	0939	58	20210901
005801FF0001005005D300692D381852	0938	58	20210901
005801FF0001005005D300692D381856	0939	58	20210901
005801FF0001005005D300692D381871	0938	58	20210901
005801FF0001005005D300692D381872	0938	58	20210901
005801FF0001005005D300692D38187A	0938	58	20210901
005801FF0001005005D300692D38187E	0938	58	20210901
005801FF0001005005D300692D3818F1	0939	58	20210901
005801FF0001005005D300692D3818FE	0939	58	20210901
005801FF0001005005D300692D381979	0939	58	20210901
005801FF0001005005D300692D3819B5	0939	58	20210901
005801FF0001005005D300692D3819C1	0939	58	20210901
005801FF0001005005D300692D3819D9	0939	58	20210901
005801FF0001005005D300692D381A0C	0939	58	20210901
005801FF0001005005D300692D381A26	0939	58	20210901
005801FF0001005005D300692D381A74	0938	58	20210901
005801FF0001005005D300692D381AB8	0939	58	20210901
005801FF0001005005D300692D381AE7	0939	58	20210901
005801FF0001005005D300692D381B01	0939	58	20210901
005801FF0001005005D300692D381B27	0939	58	20210901
005801FF0001005005D300692D381B35	0938	58	20210901
005801FF0001005005D300692D381B8D	0939	58	20210901
005801FF0001005005D300692D381BF4	0938	58	20210901
005801FF0001005005D300692D381BFE	0939	58	20210901
005801FF0001005005D300692D381C10	0939	58	20210901
005801FF0001005005D300692D381C15	0939	58	20210901
005801FF0001005005D300692D381C1C	0939	58	20210901
005801FF0001005005D300692D381C67	0939	58	20210901
005801FF0001005005D300692D381CFF	0939	58	20210901
005801FF0001005005D300692D381D51	0939	58	20210901
005801FF0001005005D300692D381D5A	0939	58	20210901
005801FF0001005005D300692D381DD7	0938	58	20210901
005801FF0001005005D300692D381DDF	0939	58	20210901
005801FF0001005005D300692D381DF4	0939	58	20210901
005801FF0001005005D300692D381DFD	0939	58	20210901
005801FF0001005005D300692D381E0C	0939	58	20210901
005801FF0001005005D300692D381E0E	0939	58	20210901
005801FF0001005005D300692D381E2C	0938	58	20210901
005801FF0001005005D300692D381E44	0939	58	20210901
005801FF0001005005D300692D381EB3	0939	58	20210901
005801FF0001005005D300692D381EBC	0939	58	20210901
005801FF0001005005D300692D381EC4	0939	58	20210901
005801FF0001005005D300692D381ECC	0939	58	20210901
005801FF0001005005D300692D381EF9	0939	58	20210901
005801FF0001005005D300692D381F43	0939	58	20210901
005801FF0001005005D300692D381F51	0939	58	20210901
005801FF0001005005D300692D381F77	0938	58	20210901
005801FF0001005005D300692D381F98	0938	58	20210901
005801FF0001005005D300692D381FAB	0938	58	20210901
005801FF0001005005D300692D381FBE	0938	58	20210901
005801FF0001005005D300692D381FE9	0938	58	20210901
005801FF0001005005D300692D381FFE	0938	58	20210901
005801FF0001005005D300692D382020	0938	58	20210901
005801FF0001005005D300692D38202A	0939	58	20210901
005801FF0001005005D300692D382038	0938	58	20210901
005801FF0001005006D400692D3D9C52	0931	58	20210901
005801FF0001005006D400692D3D9C87	0931	58	20210901
005801FF0001005006D400692D3D9C96	0931	58	20210901
005801FF0001005006D400692D3D9CFC	0930	58	20210901
005801FF0001005006D400692D3D9D1C	0931	58	20210901
005801FF0001005006D400692D3D9D80	0931	58	20210901
005801FF0001005006D400692D3D9D89	0934	58	20210901
005801FF0001005006D400692D3D9DD4	0931	58	20210901
005801FF0001005006D400692D3D9E1F	0931	58	20210901
005801FF0001005006D400692D3D9E6A	0931	58	20210901
005801FF0001005006D400692D3D9E6E	0931	58	20210901
005801FF0001005006D400692D3D9EA0	0934	58	20210901
005801FF0001005006D400692D3D9F1D	0934	58	20210901
005801FF0001005006D400692D3D9F2B	0939	58	20210901
005801FF0001005006D400692D3D9F6F	0934	58	20210901
005801FF0001005006D400692D3DA087	0931	58	20210901
005801FF0001005006D400692D3DA095	0931	58	20210901
005801FF0001005006D400692D3DA096	0931	58	20210901
005801FF0001005006D400692D3DA0D7	0931	58	20210901
005801FF0001005006D400692D3DA18F	0931	58	20210901
005801FF0001005006D400692D3DA1A1	0931	58	20210901
005801FF0001005006D400692D3DA1B8	0930	58	20210901
005801FF0001005006D400692D3DA1C8	0930	58	20210901
005801FF0001005006D400692D3DA226	0938	58	20210901
005801FF0001005006D400692D3DA241	0931	58	20210901
005801FF0001005006D400692D3DA2CF	0931	58	20210901
005801FF0001005006D400692D3DA358	0931	58	20210901
005801FF0001005006D400692D3DA360	0934	58	20210901
005801FF0001005006D400692D3DA389	0939	58	20210901
005801FF0001005006D400692D3DA398	0939	58	20210901
005801FF0001005006D400692D3DA3CF	0939	58	20210901
005801FF0001005006D400692D3DA4D0	0931	58	20210901
005801FF0001005006D400692D3DA4E9	0931	58	20210901
005801FF0001005006D400692D3DA5A9	0931	58	20210901
005801FF0001005006D400692D3DA629	0939	58	20210901
005801FF0001005006D400692D3DA65D	0934	58	20210901
005801FF0001005006D400692D3DA68A	0939	58	20210901
005801FF0001005006D400692D3DA6BE	0931	58	20210901
005801FF0001005006D400692D3DA70C	0931	58	20210901
005801FF0001005006D400692D3DA788	0939	58	20210901
005801FF0001005006D400692D3DA796	0939	58	20210901
005801FF0001005006D400692D3DA7F1	0943	58	20210901
005801FF0001005006D400692D3DA830	0931	58	20210901
005801FF0001005006D400692D3DA852	0931	58	20210901
005801FF0001005006D400692D3DA877	0931	58	20210901
005801FF0001005006D400692D3DA8EB	0931	58	20210901
005801FF0001005006D400692D3DA8FE	0931	58	20210901
005801FF0001005006D400692D3DA91B	0931	58	20210901
005801FF0001005006D400692D3DA921	0931	58	20210901
005801FF0001005006D400692D3DA951	0931	58	20210901
005801FF0001005006D400692D3DA97C	0931	58	20210901
005801FF0001005006D400692D3DAA01	0931	58	20210901
005801FF0001005006D400692D3DAA0A	0931	58	20210901
005801FF0001005006D400692D3DAA27	0931	58	20210901
005801FF0001005006D400692D3DAA2A	0931	58	20210901
005801FF0001005006D400692D3DAA37	0931	58	20210901
005801FF0001005006D400692D3DAA47	0930	58	20210901
005801FF0001005006D400692D3DAA64	0934	58	20210901
005801FF0001005006D400692D3DAA6C	0931	58	20210901
005801FF0001005006D400692D3DAA6D	0931	58	20210901
005801FF0001005006D400692D3DAB22	0931	58	20210901
005801FF0001005006D400692D3DAB7F	0934	58	20210901
005801FF0001005006D400692D3DABEE	0931	58	20210901
005801FF0001005006D400692D3DAC17	0938	58	20210901
005801FF0001005006D400692D3DAC18	0934	58	20210901
005801FF0001005006D400692D3DAC8B	0939	58	20210901
005801FF0001005006D400692D3DACC9	0931	58	20210901
005801FF0001005006D400692D3DACEC	0931	58	20210901
005801FF0001005006D400692D3DAD0A	0931	58	20210901
005801FF0001005006D400692D3DAD1B	0931	58	20210901
005801FF0001005006D400692D3DAD35	0931	58	20210901
005801FF0001005006D400692D3DAD5D	0931	58	20210901
005801FF0001005006D400692D3DAD7E	0930	58	20210901
005801FF0001005006D400692D3DADA8	0931	58	20210901
005801FF0001005006D400692D3DADDB	0931	58	20210901
005801FF0001005006D400692D3DADF5	0939	58	20210901
005801FF0001005006D400692D3DAE54	0930	58	20210901
005801FF0001005006D400692D3DAEA0	0931	58	20210901
005801FF0001005006D400692D3DAEB8	0943	58	20210901
005801FF0001005006D400692D3DAEF8	0931	58	20210901
005801FF0001005006D400692D3DAF06	0931	58	20210901
005801FF0001005006D400692D3DAF11	0931	58	20210901
005801FF0001005006D400692D3DAFD3	0931	58	20210901
005801FF0001005006D400692D3DB0D8	0934	58	20210901
005801FF0001005006D400692D3DB1BF	0938	58	20210901
005801FF0001005006D400692D3DB27E	0943	58	20210901
005801FF0001005006D400692D3DB29B	0943	58	20210901
005801FF0001005006D400692D3DB29E	0931	58	20210901
005801FF0001005006D400692D3DB2FA	0931	58	20210901
005801FF0001005006D400692D3DB317	0939	58	20210901
005801FF0001005006D400692D3DB323	0931	58	20210901
005801FF0001005006D400692D3DB326	0931	58	20210901
005801FF0001005006D400692D3DB32E	0943	58	20210901
005801FF0001005006D400692D3DB357	0938	58	20210901
005801FF0001005006D400692D3DB36F	0930	58	20210901
005801FF0001005006D400692D3DB3AE	0943	58	20210901
005801FF0001005006D400692D3DB3FB	0931	58	20210901
005801FF0001005006D400692D3DB47C	0931	58	20210901
005801FF0001005006D400692D3DB4B0	0931	58	20210901
005801FF0001005006D400692D3DB4FA	0943	58	20210901
005801FF0001005006D400692D3DB59F	0931	58	20210901
005801FF0001005006D400692D3DB6A5	0931	58	20210901
005801FF0001005006D400692D3DB6EB	0939	58	20210901
005801FF0001005006D400692D3DB79A	0938	58	20210901
005801FF0001005006D400692D3DB7F4	0939	58	20210901
005801FF0001005006D400692D3DB8D5	0939	58	20210901
005801FF0001005006D400692D3DB918	0934	58	20210901
005801FF0001005006D400692D3DBC44	0938	58	20210901
005801FF0001005006D400692D3DBC4D	0931	58	20210901
005801FF0001005006D400692D3DBC6C	0943	58	20210901
005801FF0001005006D400692D3DBC73	0943	58	20210901
005801FF0001005006D400692D3DBCD3	0934	58	20210901
005801FF0001005006D400692D3DBCDC	0934	58	20210901
005801FF0001005006D400692D3DBE63	0943	58	20210901
005801FF0001005006D400692D3DBE7C	0931	58	20210901
005801FF0001005006D400692D3DBE9E	0939	58	20210901
005801FF0001005006D400692D3DBEF6	0931	58	20210901
005801FF0001005006D400692D3DBFAD	0931	58	20210901
005801FF0001005006D400692D3DBFB9	0931	58	20210901
005801FF0001005006D400692D3DBFD6	0931	58	20210901
005801FF0001005006D400692D3DBFD7	0931	58	20210901
005801FF0001005006D400692D3DBFEF	0931	58	20210901
005801FF0001005006D400692D3DC02F	0931	58	20210901
005801FF0001005006D400692D3DC060	0938	58	20210901
005801FF0001005006D400692D3DC096	0931	58	20210901
005801FF0001005006D400692D3DC112	0939	58	20210901
005801FF0001005006D400692D3DC28C	0943	58	20210901
005801FF0001005006D400692D3DC2EE	0931	58	20210901
005801FF0001005006D400692D3DC2EF	0931	58	20210901
005801FF0001005006D400692D3DC314	0939	58	20210901
005801FF0001005006D400692D3DC319	0931	58	20210901
005801FF0001005006D400692D3DC34F	0931	58	20210901
005801FF0001005006D400692D3DC396	0938	58	20210901
005801FF0001005006D400692D3DC3AC	0931	58	20210901
005801FF00010050F6E52C43BE5C9F4E	0931	58	20210901
005801FF00010050F6E52C43BE5C9F91	0937	58	20210901
005801FF00010050F6E52C43BE5C9FB0	0931	58	20210901
005801FF00010050F6E52C43BE5CA07F	0932	58	20210901
005801FF00010050F6E52C43BE5CA0C3	0931	58	20210901
005801FF00010050F6E52C43BE5CA0D3	0930	58	20210901
005801FF00010050F6E52C43BE5CA0D8	0931	58	20210901
005801FF00010050F6E52C43BE5CA0F7	0931	58	20210901
005801FF00010050F6E52C43BE5CA138	0930	58	20210901
005801FF00010050F6E52C43BE5CA14B	0930	58	20210901
005801FF00010050F6E52C43BE5CA19F	0937	58	20210901
005801FF00010050F6E52C43BE5CA1C9	0937	58	20210901
005801FF00010050F6E52C43BE5CA1D6	0931	58	20210901
005801FF00010050F6E52C43BE5CA1DD	0937	58	20210901
005801FF00010050F6E52C43BE5CA1EB	0937	58	20210901
005801FF00010050F6E52C43BE5CA22B	0931	58	20210901
005801FF00010050F6E52C43BE5CA2F2	0931	58	20210901
005801FF00010050F6E52C43BE5CA345	0943	58	20210901
005801FF00010050F6E52C43BE5CA363	0937	58	20210901
005801FF00010050F6E52C43BE5CA393	0937	58	20210901
005801FF00010050F6E52C43BE5CA443	0937	58	20210901
005801FF00010050F6E52C43BE5CA46E	0937	58	20210901
005801FF00010050F6E52C43BE5CA471	0931	58	20210901
005801FF00010050F6E52C43BE5CA488	0931	58	20210901
005801FF00010050F6E52C43BE5CA49C	0931	58	20210901
005801FF00010050F6E52C43BE5CA519	0931	58	20210901
005801FF00010050F6E52C43BE5CA53F	0931	58	20210901
005801FF00010050F6E52C43BE5CA579	0937	58	20210901
005801FF00010050F6E52C43BE5CA609	0931	58	20210901
005801FF00010050F6E52C43BE5CA61D	0937	58	20210901
005801FF00010050F6E52C43BE5CA66F	0937	58	20210901
005801FF00010050F6E52C43BE5CA67F	0937	58	20210901
005801FF00010050F6E52C43BE5CA694	0931	58	20210901
005801FF00010050F6E52C43BE5CA6B9	0937	58	20210901
005801FF00010050F6E52C43BE5CA6EA	0937	58	20210901
005801FF00010050F6E52C43BE5CA6EF	0939	58	20210901
005801FF00010050F6E52C43BE5CA729	0931	58	20210901
005801FF00010050F6E52C43BE5CA7E8	0931	58	20210901
005801FF00010050F6E52C43BE5CA7F5	0931	58	20210901
005801FF00010050F6E52C43BE5CA7FD	0931	58	20210901
005801FF00010050F6E52C43BE5CA80B	0931	58	20210901
005801FF00010050F6E52C43BE5CA816	0931	58	20210901
005801FF00010050F6E52C43BE5CA81D	0931	58	20210901
005801FF00010050F6E52C43BE5CA831	0931	58	20210901
005801FF00010050F6E52C43BE5CA833	0931	58	20210901
005801FF00010050F6E52C43BE5CA85C	0931	58	20210901
005801FF00010050F6E52C43BE5CA8AC	0931	58	20210901
005801FF00010050F6E52C43BE5CA8C6	0931	58	20210901
005801FF00010050F6E52C43BE5CA8C9	0931	58	20210901
005801FF00010050F6E52C43BE5CA91B	0931	58	20210901
005801FF00010050F6E52C43BE5CA931	0931	58	20210901
005801FF00010050F6E52C43BE5CA94B	0947	58	20210901
005801FF00010050F6E52C43BE5CA950	0937	58	20210901
005801FF00010050F6E52C43BE5CA955	0937	58	20210901
005801FF00010050F6E52C43BE5CA961	0937	58	20210901
005801FF00010050F6E52C43BE5CA9C3	0931	58	20210901
005801FF00010050F6E52C43BE5CA9F5	0931	58	20210901
005801FF00010050F6E52C43BE5CAA06	0931	58	20210901
005801FF00010050F6E52C43BE5CAA07	0931	58	20210901
005801FF00010050F6E52C43BE5CAA5B	0931	58	20210901
005801FF00010050F6E52C43BE5CAA6E	0931	58	20210901
005801FF00010050F6E52C43BE5CAA6F	0931	58	20210901
005801FF00010050F6E52C43BE5CAA86	0931	58	20210901
005801FF00010050F6E52C43BE5CAB1F	0943	58	20210901
005801FF00010050F6E52C43BE5CAC80	0931	58	20210901
005801FF00010050F6E52C43BE5CAD80	0932	58	20210901
005801FF00010050F6E52C43BE5CADE8	0931	58	20210901
005801FF00010050F6E52C43BE5CAE15	0934	58	20210901
005801FF00010050F6E52C43BE5CAE89	0930	58	20210901
005801FF00010050F6E52C43BE5CAEA5	0934	58	20210901
005801FF00010050F6E52C43BE5CAEC5	0934	58	20210901
005801FF00010050F6E52C43BE5CAF26	0937	58	20210901
005801FF00010050F6E52C43BE5CAF6F	0931	58	20210901
005801FF00010050F6E52C43BE5CB0B4	0943	58	20210901
005801FF00010050F6E52C43BE5CB0D6	0931	58	20210901
005801FF00010050F6E52C43BE5CB0E2	0947	58	20210901
005801FF00010050F6E52C43BE5CB0FD	0943	58	20210901
005801FF00010050F6E52C43BE5CB10E	0943	58	20210901
005801FF00010050F6E52C43BE5CB17F	0932	58	20210901
005801FF00010050F6E52C43BE5CB1D5	0932	58	20210901
005801FF00010050F6E52C43BE5CB286	0932	58	20210901
005801FF00010050F6E52C43BE5CB287	0943	58	20210901
005801FF00010050F6E52C43BE5CB293	0932	58	20210901
005801FF00010050F6E52C43BE5CB373	0938	58	20210901
005801FF00010050F6E52C43BE5CB39D	0939	58	20210901
005801FF00010050F6E52C43BE5CB3B0	0939	58	20210901
005801FF00010050F6E52C43BE5CB3FB	0939	58	20210901
005801FF00010050F6E52C43BE5CB3FD	0939	58	20210901
005801FF00010050F6E52C43BE5CB44F	0930	58	20210901
005801FF00010050F6E52C43BE5CB467	0939	58	20210901
005801FF00010050F6E52C43BE5CB517	0938	58	20210901
005801FF00010050F6E52C43BE5CB543	0939	58	20210901
005801FF00010050F6E52C43BE5CB5ED	0931	58	20210901
005801FF00010050F6E52C43BE5CB60F	0939	58	20210901
005801FF00010050F6E52C43BE5CB61C	0931	58	20210901
005801FF00010050F6E52C43BE5CB634	0939	58	20210901
005801FF00010050F6E52C43BE5CB6A8	0937	58	20210901
005801FF00010050F6E52C43BE5CB6B7	0937	58	20210901
005801FF00010050F6E52C43BE5CB6E8	0931	58	20210901
005801FF00010050F6E52C43BE5CB721	0931	58	20210901
005801FF00010050F6E52C43BE5CB786	0931	58	20210901
005801FF00010050F6E52C43BE5CB78F	0931	58	20210901
005801FF00010050F6E52C43BE5CB793	0931	58	20210901
005801FF00010050F6E52C43BE5CB7C4	0931	58	20210901
005801FF00010050F6E52C43BE5CB7DA	0931	58	20210901
005801FF00010050F6E52C43BE5CB7F0	0931	58	20210901
005801FF00010050F6E52C43BE5CB7F8	0931	58	20210901
005801FF00010050F6E52C43BE5CB838	0931	58	20210901
005801FF00010050F6E52C43BE5CB851	0931	58	20210901
005801FF00010050F6E52C43BE5CB8B3	0931	58	20210901
005801FF00010050F6E52C43BE5CB8B7	0937	58	20210901
005801FF00010050F6E52C43BE5CB8C6	0931	58	20210901
005801FF00010050F6E52C43BE5CB8D7	0931	58	20210901
005801FF00010050F6E52C43BE5CB911	0931	58	20210901
005801FF00010050F6E52C43BE5CB946	0931	58	20210901
005801FF00010050F6E52C43BE5CBA09	0937	58	20210901
005801FF00010050F6E52C43BE5CBA12	0937	58	20210901
005801FF00010050F6E52C43BE5CBA16	0937	58	20210901
005801FF00010050F6E52C43BE5CBA3E	0937	58	20210901
005801FF00010050F6E52C43BE5CBA76	0931	58	20210901
005801FF00010050F6E52C43BE5CBA90	0931	58	20210901
005801FF00010050F6E52C43BE5CBAA8	0931	58	20210901
005801FF00010050F6E52C43BE5CBAB2	0931	58	20210901
005801FF00010050F6E52C43BE5CBACF	0937	58	20210901
005801FF00010050F6E52C43BE5CBB18	0931	58	20210901
005801FF00010050F6E52C43BE5CBB30	0939	58	20210901
005801FF00010050F6E52C43BE5CBB71	0931	58	20210901
005801FF00010050F6E52C43BE5CBB7F	0931	58	20210901
005801FF00010050F6E52C43BE5CBBCD	0939	58	20210901
005801FF00010050F6E52C43BE5CBC79	0931	58	20210901
005801FF00010050F6E52C43BE5CBD44	0939	58	20210901
005801FF00010050F6E52C43BE5CBDE4	0931	58	20210901
005801FF00010050F6E52C43BE5CBE19	0932	58	20210901
005801FF00010050F6E52C43BE5CBEAB	0932	58	20210901
005801FF00010050F6E52C43BE5CBEBD	0932	58	20210901
005801FF00010050F6E52C43BE5CBF23	0932	58	20210901
005801FF00010050F6E52C43BE5CC067	0931	58	20210901
005801FF00010050F6E52C43BE5CC0AD	0931	58	20210901
005801FF00010050F6E52C43BE5CC0B8	0931	58	20210901
005801FF00010050F6E52C43BE5CC0C2	0931	58	20210901
005801FF00010050F6E52C43BE5CC0DC	0931	58	20210901
005801FF00010050F6E52C43BE5CC21A	0931	58	20210901
005801FF00010050F6E52C43BE5CC280	0931	58	20210901
005801FF00010050F6E52C43BE5CC291	0934	58	20210901
005801FF00010050F6E52C43BE5CC297	0934	58	20210901
005801FF00010050F6E52C43BE5CC2F1	0931	58	20210901
005801FF00010050F6E52C43BE5CC31C	0934	58	20210901
005801FF00010050F6E52C43BE5CC32C	0932	58	20210901
005801FF00010050F6E52C43BE5CC3B2	0934	58	20210901
005801FF00010050F6E52C43BE5CC3BF	0934	58	20210901
005801FF00010050F6E52C43BE5CC3D8	0931	58	20210901
005801FF00010050F6E52C43BE5CC451	0931	58	20210901
005801FF00010050F6E52C43BE5CC48F	0934	58	20210901
005801FF00010050F6E52C43BE5CC492	0931	58	20210901
005801FF00010050F6E52C43BE5CC4BA	0931	58	20210901
005801FF00010050F6E52C43BE5CC51A	0931	58	20210901
005801FF00010050F6E52C43BE5CC51F	0931	58	20210901
005801FF00010050F6E52C43BE5CC570	0932	58	20210901
005801FF00010050F6E52C43BE5CC7AD	0939	58	20210901
005801FF00010050F6E52C43BE5CC7B2	0931	58	20210901
005801FF00010050F6E52C43BE5CC7E3	0938	58	20210901
005801FF00010050F6E52C43BE5CC7E8	0938	58	20210901
005801FF00010050F6E52C43BE5CC7EF	0939	58	20210901
005801FF00010050F6E52C43BE5CC83B	0939	58	20210901
005801FF00010050F6E52C43BE5CC844	0939	58	20210901
005801FF00010050F6E52C43BE5CC946	0931	58	20210901
005801FF00010050F6E52C43BE5CC996	0938	58	20210901
005801FF00010050F6E52C43BE5CC9DE	0934	58	20210901
005801FF00010050F6E52C43BE5CCA32	0930	58	20210901
005801FF00010050F6E52C43BE5CCAA0	0931	58	20210901
005801FF00010050F6E52C43BE5CCB02	0930	58	20210901
005801FF00010050F6E52C43BE5CCB27	0930	58	20210901
005801FF00010050F6E52C43BE5CCB4C	0943	58	20210901
005801FF00010050F6E52C43BE5CCBC4	0943	58	20210901
005801FF00010050F6E52C43BE5CCBC7	0931	58	20210901
005801FF00010050F6E52C43BE5CCBF2	0934	58	20210901
005801FF00010050F6E52C43BE5CCC9B	0931	58	20210901
005801FF00010050F6E52C43BE5CCD68	0932	58	20210901
005801FF00010050F6E52C43BE5CCDFE	0939	58	20210901
005801FF00010050F6E52C43BE5CCEC5	0934	58	20210901
005801FF00010050F6E52C43BE5CCEDB	0931	58	20210901
005801FF00010050F6E52C43BE5CCF04	0931	58	20210901
005801FF00010050F6E52C43BE5CCF3F	0931	58	20210901
005801FF00010050F6E52C43BE5CCF7D	0931	58	20210901
005801FF00010050F6E52C43BE5CCFD6	0931	58	20210901
005801FF00010050F6E52C43BE5CD003	0931	58	20210901
005801FF00010050F6E52C43BE5CD0BD	0931	58	20210901
005801FF00010050F6E52C43BE5CD118	0931	58	20210901
005801FF00010050F6E52C43BE5CD138	0934	58	20210901
005801FF00010050F6E52C43BE5CD154	0931	58	20210901
005801FF00010050F6E52C43BE5CD1FF	0930	58	20210901
005801FF00010050F6E52C43BE5CD2A3	0931	58	20210901
005801FF0001007001B960D21C4425F3	0937	58	20210901
005801FF0001007001B960D21C44266C	0937	58	20210901
005801FF0001007001B960D21C442675	0937	58	20210901
005801FF0001007001B960D21C44273A	0943	58	20210901
005801FF0001007001B960D21C442761	0937	58	20210901
005801FF0001007001B960D21C442795	0937	58	20210901
005801FF0001007001B960D21C4427D7	0937	58	20210901
005801FF0001007001B960D21C4427EA	0943	58	20210901
005801FF0001007001B960D21C4427F9	0943	58	20210901
005801FF0001007001B960D21C442800	0937	58	20210901
005801FF0001007001B960D21C442882	0937	58	20210901
005801FF0001007001B960D21C4428A4	0937	58	20210901
005801FF0001007001B960D21C4429AA	0943	58	20210901
005801FF0001007001B960D21C4429B9	0943	58	20210901
005801FF0001007001B960D21C4429D1	0943	58	20210901
005801FF0001007001B960D21C4429E2	0943	58	20210901
005801FF0001007001B960D21C442A0B	0943	58	20210901
005801FF0001007001B960D21C442A64	0943	58	20210901
005801FF0001007001B960D21C442A90	0943	58	20210901
005801FF0001007001B960D21C442AB8	0943	58	20210901
005801FF0001007001B960D21C442AD7	0943	58	20210901
005801FF0001007001B960D21C442B57	0937	58	20210901
005801FF0001007001B960D21C442B7C	0937	58	20210901
005801FF0001007001B960D21C442B83	0937	58	20210901
005801FF0001007001B960D21C442BEE	0937	58	20210901
005801FF0001007001B960D21C442BFB	0937	58	20210901
005801FF0001007001B960D21C442C2C	0937	58	20210901
005801FF0001007001B960D21C442C4B	0937	58	20210901
005801FF0001007001B960D21C442C53	0937	58	20210901
005801FF0001007001B960D21C442CAD	0937	58	20210901
005801FF0001007001B960D21C442CB6	0943	58	20210901
005801FF0001007001B960D21C442D23	0943	58	20210901
005801FF0001007001B960D21C442D29	0943	58	20210901
005801FF0001007001B960D21C442D4D	0943	58	20210901
005801FF0001007001B960D21C442DC4	0943	58	20210901
005801FF0001007001B960D21C442E0A	0943	58	20210901
005801FF0001007001B960D21C442E58	0943	58	20210901
005801FF0001007001B960D21C442EE1	0937	58	20210901
005801FF0001007001B960D21C442EE9	0943	58	20210901
005801FF0001007001B960D21C442F0F	0943	58	20210901
005801FF0001007001B960D21C442F53	0937	58	20210901
005801FF0001007001B960D21C442FA4	0937	58	20210901
005801FF0001007001B960D21C443045	0937	58	20210901
005801FF0001007001B960D21C44304D	0937	58	20210901
005801FF0001007001B960D21C44305C	0937	58	20210901
005801FF0001007001B960D21C44305F	0937	58	20210901
005801FF0001007001B960D21C443073	0937	58	20210901
005801FF0001007001B960D21C443094	0937	58	20210901
005801FF0001007001B960D21C4430A8	0937	58	20210901
005801FF0001007001B960D21C443151	0937	58	20210901
005801FF0001007001B960D21C44315A	0937	58	20210901
005801FF0001007001B960D21C443173	0937	58	20210901
005801FF0001007001B960D21C44319F	0937	58	20210901
005801FF0001007001B960D21C4431B2	0937	58	20210901
005801FF0001007001B960D21C4431B4	0937	58	20210901
005801FF0001007001B960D21C4431CA	0937	58	20210901
005801FF0001007001B960D21C44320E	0937	58	20210901
005801FF0001007001B960D21C44329F	0937	58	20210901
005801FF0001007001B960D21C44331C	0937	58	20210901
005801FF0001007001B960D21C44334A	0937	58	20210901
005801FF0001007001B960D21C44337F	0937	58	20210901
005801FF0001007001B960D21C443404	0937	58	20210901
005801FF0001007001B960D21C443430	0937	58	20210901
005801FF0001007001B960D21C443468	0937	58	20210901
005801FF0001007001B960D21C443490	0937	58	20210901
005801FF0001007001B960D21C4434A5	0937	58	20210901
005801FF0001007001B960D21C443508	0937	58	20210901
005801FF0001007001B960D21C443549	0937	58	20210901
005801FF0001007001B960D21C443572	0943	58	20210901
005801FF0001007001B960D21C4435A3	0937	58	20210901
005801FF0001007001B960D21C4435E0	0943	58	20210901
005801FF0001007001B960D21C4435F9	0937	58	20210901
005801FF0001007001B960D21C443601	0937	58	20210901
005801FF0001007001B960D21C44361D	0937	58	20210901
005801FF0001007001B960D21C443620	0937	58	20210901
005801FF0001007001B960D21C44365C	0937	58	20210901
005801FF0001007001B960D21C443675	0937	58	20210901
005801FF0001007001B960D21C44367F	0937	58	20210901
005801FF0001007001B960D21C44368E	0943	58	20210901
005801FF0001007001B960D21C4436A0	0937	58	20210901
005801FF0001007001B960D21C4436C5	0937	58	20210901
005801FF0001007001B960D21C4436E1	0937	58	20210901
005801FF0001007001B960D21C44374C	0937	58	20210901
005801FF0001007001B960D21C443752	0937	58	20210901
005801FF0001007001B960D21C443785	0937	58	20210901
005801FF0001007001B960D21C44378D	0937	58	20210901
005801FF0001007001B960D21C4437AC	0943	58	20210901
005801FF0001007001B960D21C443807	0943	58	20210901
005801FF0001007001B960D21C44381C	0943	58	20210901
005801FF0001007001B960D21C443824	0943	58	20210901
005801FF0001007001B960D21C443868	0943	58	20210901
005801FF0001007001B960D21C443872	0943	58	20210901
005801FF0001007001B960D21C4438AC	0943	58	20210901
005801FF0001007001B960D21C4438EF	0937	58	20210901
005801FF0001007001B960D21C443928	0937	58	20210901
005801FF0001007001B960D21C443947	0943	58	20210901
005801FF0001007001B960D21C44396C	0943	58	20210901
005801FF0001007001B960D21C443970	0943	58	20210901
005801FF0001007001B960D21C443974	0943	58	20210901
005801FF0001007001B960D21C443982	0943	58	20210901
005801FF0001007001B960D21C443989	0943	58	20210901
005801FF0001007001B960D21C44399A	0943	58	20210901
005801FF0001007001B960D21C4439A7	0943	58	20210901
005801FF0001007001B960D21C4439A8	0943	58	20210901
005801FF0001007001B960D21C4439EB	0943	58	20210901
005801FF0001007001B960D21C4439F7	0943	58	20210901
005801FF0001007001B960D21C4439FA	0937	58	20210901
005801FF0001007001B960D21C4439FF	0937	58	20210901
005801FF0001007001B960D21C443A3D	0937	58	20210901
005801FF0001007001B960D21C443AAA	0943	58	20210901
005801FF0001007001B960D21C443AF8	0943	58	20210901
005801FF0001007001B960D21C443B1E	0943	58	20210901
005801FF0001007001B960D21C443BA8	0943	58	20210901
005801FF0001007001B960D21C443BB9	0943	58	20210901
005801FF0001007001B960D21C443BC9	0943	58	20210901
005801FF0001007001B960D21C443BDE	0943	58	20210901
005801FF0001007001B960D21C443C81	0943	58	20210901
005801FF0001007001B960D21C443CA2	0943	58	20210901
005801FF0001007001B960D21C443CE3	0943	58	20210901
005801FF0001007001B960D21C443D2C	0937	58	20210901
005801FF0001007001B960D21C443D3F	0943	58	20210901
005801FF0001007001B960D21C443D66	0937	58	20210901
005801FF0001007001B960D21C443DA5	0937	58	20210901
005801FF0001007001B960D21C443DC6	0937	58	20210901
005801FF0001007001B960D21C443E06	0937	58	20210901
005801FF0001007001B960D21C443E17	0943	58	20210901
005801FF0001007001B960D21C443E3F	0937	58	20210901
005801FF0001007001B960D21C443E66	0937	58	20210901
005801FF0001007001B960D21C443EF1	0943	58	20210901
005801FF0001007001B960D21C443EF2	0937	58	20210901
005801FF0001007001B960D21C443FE3	0937	58	20210901
005801FF0001007001B960D21C444017	0937	58	20210901
005801FF0001007001B960D21C44401A	0937	58	20210901
005801FF0001007001B960D21C444035	0937	58	20210901
005801FF0001007001B960D21C444036	0937	58	20210901
005801FF0001007001B960D21C444069	0937	58	20210901
005801FF0001007001B960D21C444084	0943	58	20210901
005801FF0001007001B960D21C44408D	0943	58	20210901
005801FF0001007001B960D21C4440A6	0937	58	20210901
005801FF0001007001B960D21C4440EB	0937	58	20210901
005801FF0001007001B960D21C4440ED	0937	58	20210901
005801FF0001007001B960D21C444162	0937	58	20210901
005801FF0001007001B960D21C4441BA	0937	58	20210901
005801FF0001007001B960D21C4441EE	0937	58	20210901
005801FF0001007001B960D21C444224	0937	58	20210901
005801FF0001007001B960D21C44424A	0943	58	20210901
005801FF0001007001B960D21C4442F6	0937	58	20210901
005801FF0001007001B960D21C444376	0937	58	20210901
005801FF0001007001B960D21C4443E9	0937	58	20210901
005801FF0001007001B960D21C4443EB	0937	58	20210901
