htv_child_order_dm.deviceid	htv_child_order_dm.child_light_not_order	htv_child_order_dm.child_middle_not_order	htv_child_order_dm.child_high_not_order	htv_child_order_dm.date_time
004903FF001847800001748F1B108D54	0	1	0	20210901
005801FF0001005005D300692D37E82F	1	0	0	20210901
005801FF0001005005D300692D37ECD4	1	0	0	20210901
005801FF0001005005D300692D37F7F5	1	0	0	20210901
005801FF0001005005D300692D37F8BF	0	1	0	20210901
005801FF0001005005D300692D37FFA0	1	0	0	20210901
005801FF0001005005D300692D38026E	1	0	0	20210901
005801FF0001005005D300692D380BA3	1	0	0	20210901
005801FF0001005005D300692D3812C3	1	0	0	20210901
005801FF0001005005D300692D381D4F	1	0	0	20210901
005801FF00010050F6E52C43BE5CBD2D	1	0	0	20210901
005801FF00010050F6E52C43BE5CCAA0	0	1	0	20210901
005801FF0001007001B960D21C44254C	0	1	0	20210901
005801FF0001007001B960D21C4425F3	1	0	0	20210901
005801FF0001007001B960D21C442650	0	0	1	20210901
005801FF0001007001B960D21C4426C4	1	0	0	20210901
005801FF0001007001B960D21C44273A	1	0	0	20210901
005801FF0001007001B960D21C44279D	0	0	1	20210901
005801FF0001007001B960D21C4427CE	0	1	0	20210901
005801FF0001007001B960D21C44294B	0	1	0	20210901
005801FF0001007001B960D21C442956	0	0	1	20210901
005801FF0001007001B960D21C442972	1	0	0	20210901
005801FF0001007001B960D21C442A1C	0	0	1	20210901
005801FF0001007001B960D21C442AA9	0	1	0	20210901
005801FF0001007001B960D21C442BD7	0	1	0	20210901
005801FF0001007001B960D21C442BDF	1	0	0	20210901
005801FF0001007001B960D21C442BE1	1	0	0	20210901
005801FF0001007001B960D21C442CCE	1	0	0	20210901
005801FF0001007001B960D21C442DB9	1	0	0	20210901
005801FF0001007001B960D21C442DE9	1	0	0	20210901
005801FF0001007001B960D21C442DEF	0	1	0	20210901
005801FF0001007001B960D21C442E35	0	0	1	20210901
005801FF0001007001B960D21C442E37	0	0	1	20210901
005801FF0001007001B960D21C442E64	1	0	0	20210901
005801FF0001007001B960D21C442E97	0	0	1	20210901
005801FF0001007001B960D21C442F0F	0	1	0	20210901
005801FF0001007001B960D21C442F2A	0	1	0	20210901
005801FF0001007001B960D21C442F5C	1	0	0	20210901
005801FF0001007001B960D21C44300E	1	0	0	20210901
005801FF0001007001B960D21C44300F	0	0	1	20210901
005801FF0001007001B960D21C44326C	1	0	0	20210901
005801FF0001007001B960D21C443330	0	0	1	20210901
005801FF0001007001B960D21C443384	1	0	0	20210901
005801FF0001007001B960D21C443391	1	0	0	20210901
005801FF0001007001B960D21C443396	0	1	0	20210901
005801FF0001007001B960D21C44345F	1	0	0	20210901
005801FF0001007001B960D21C443586	1	0	0	20210901
005801FF0001007001B960D21C4435AA	1	0	0	20210901
005801FF0001007001B960D21C4435CC	0	1	0	20210901
005801FF0001007001B960D21C4435E0	0	1	0	20210901
005801FF0001007001B960D21C4435E7	0	1	0	20210901
005801FF0001007001B960D21C4435F9	0	0	1	20210901
005801FF0001007001B960D21C443601	1	0	0	20210901
005801FF0001007001B960D21C443620	1	0	0	20210901
005801FF0001007001B960D21C443705	1	0	0	20210901
005801FF0001007001B960D21C443790	0	0	1	20210901
005801FF0001007001B960D21C4437AC	1	0	0	20210901
005801FF0001007001B960D21C443830	1	0	0	20210901
005801FF0001007001B960D21C443876	1	0	0	20210901
005801FF0001007001B960D21C4439A8	0	1	0	20210901
005801FF0001007001B960D21C443A90	0	1	0	20210901
005801FF0001007001B960D21C443AC1	0	1	0	20210901
005801FF0001007001B960D21C443AEA	0	0	1	20210901
005801FF0001007001B960D21C443AF2	1	0	0	20210901
005801FF0001007001B960D21C443DFF	0	0	1	20210901
005801FF0001007001B960D21C443E0F	0	1	0	20210901
005801FF0001007001B960D21C443EC5	0	1	0	20210901
005801FF0001007001B960D21C443EE5	1	0	0	20210901
005801FF0001007001B960D21C443F0C	1	0	0	20210901
005801FF0001007001B960D21C443F2C	1	0	0	20210901
005801FF0001007001B960D21C443F5C	1	0	0	20210901
005801FF0001007001B960D21C443F89	1	0	0	20210901
005801FF0001007001B960D21C444083	1	0	0	20210901
005801FF0001007001B960D21C444099	1	0	0	20210901
005801FF0001007001B960D21C444156	0	1	0	20210901
005801FF0001007001B960D21C44421B	1	0	0	20210901
005801FF0001007001B960D21C444246	1	0	0	20210901
005801FF0001007001B960D21C4442AE	0	0	1	20210901
005801FF0001007001B960D21C4442DC	0	0	1	20210901
005801FF0001007001B960D21C444333	0	1	0	20210901
005801FF0001007001B960D21C44436D	1	0	0	20210901
005801FF0001007001B960D21C44447F	1	0	0	20210901
005801FF0001007001B960D21C444495	1	0	0	20210901
005801FF0001007001B960D21C444522	1	0	0	20210901
005801FF0001007001B960D21C444526	0	1	0	20210901
005801FF0001007001B960D21C444547	1	0	0	20210901
005801FF0001007001B960D21C444732	0	0	1	20210901
005801FF0001007001B960D21C4447CB	0	1	0	20210901
005801FF0001007001B960D21C444822	1	0	0	20210901
005801FF0001007001B960D21C4448B9	1	0	0	20210901
005801FF0001007001B960D21C444BC7	1	0	0	20210901
005801FF0001007001B960D21C444C17	1	0	0	20210901
005801FF0001007003B860D21C3E1A8C	1	0	0	20210901
005801FF0001007003B860D21C3E1AB1	1	0	0	20210901
005801FF0001007003B860D21C3E1AD9	1	0	0	20210901
005801FF0001007003B860D21C3E1AF3	0	0	1	20210901
005801FF0001007003B860D21C3E1AF5	0	0	1	20210901
005801FF0001007003B860D21C3E1B49	0	1	0	20210901
005801FF0001007003B860D21C3E1B57	1	0	0	20210901
005801FF0001007003B860D21C3E1B98	1	0	0	20210901
005801FF0001007003B860D21C3E1C1F	0	1	0	20210901
005801FF0001007003B860D21C3E1C21	0	0	1	20210901
005801FF0001007003B860D21C3E1C31	1	0	0	20210901
005801FF0001007003B860D21C3E1C65	1	0	0	20210901
005801FF0001007003B860D21C3E1CBD	1	0	0	20210901
005801FF0001007003B860D21C3E1D99	0	1	0	20210901
005801FF0001007003B860D21C3E1E34	0	0	1	20210901
005801FF0001007003B860D21C3E1F2B	0	0	1	20210901
005801FF0001007003B860D21C3E1FB5	0	0	1	20210901
005801FF0001007003B860D21C3E20E5	1	0	0	20210901
005801FF0001007003B860D21C3E20FC	1	0	0	20210901
005801FF0001007003B860D21C3E21C6	1	0	0	20210901
005801FF0001007003B860D21C3E224F	1	0	0	20210901
005801FF0001007003B860D21C3E2256	0	0	1	20210901
005801FF0001007003B860D21C3E227A	1	0	0	20210901
005801FF0001007003B860D21C3E22C5	1	0	0	20210901
005801FF0001007003B860D21C3E2311	1	0	0	20210901
005801FF0001007003B860D21C3E23C0	0	0	1	20210901
005801FF0001007003B860D21C3E241E	1	0	0	20210901
005801FF0001007003B860D21C3E2541	1	0	0	20210901
005801FF0001007003B860D21C3E25A7	0	0	1	20210901
005801FF0001007003B860D21C3E2656	1	0	0	20210901
005801FF0001007003B860D21C3E2669	1	0	0	20210901
005801FF0001007003B860D21C3E268A	0	1	0	20210901
005801FF0001007003B860D21C3E2690	1	0	0	20210901
005801FF0001007003B860D21C3E26C1	0	0	1	20210901
005801FF0001007003B860D21C3E2720	0	0	1	20210901
005801FF0001007003B860D21C3E272D	0	1	0	20210901
005801FF0001007003B860D21C3E27CE	0	1	0	20210901
005801FF0001007003B860D21C3E2814	0	1	0	20210901
005801FF0001007003B860D21C3E283B	1	0	0	20210901
005801FF0001007003B860D21C3E28CA	1	0	0	20210901
005801FF0001007003B860D21C3E2920	0	0	1	20210901
005801FF0001007003B860D21C3E295E	1	0	0	20210901
005801FF0001007003B860D21C3E2984	1	0	0	20210901
005801FF0001007003B860D21C3E29A1	1	0	0	20210901
005801FF0001007003B860D21C3E29DD	0	1	0	20210901
005801FF0001007003B860D21C3E2A89	0	0	1	20210901
005801FF0001007003B860D21C3E2B39	0	1	0	20210901
005801FF0001007003B860D21C3E2BE6	0	1	0	20210901
005801FF0001007003B860D21C3E2BE9	0	0	1	20210901
005801FF0001007003B860D21C3E2C9C	0	1	0	20210901
005801FF0001007003B860D21C3E2CB2	1	0	0	20210901
005801FF0001007003B860D21C3E2CF8	1	0	0	20210901
005801FF0001007003B860D21C3E2D53	0	1	0	20210901
005801FF0001007003B860D21C3E2D71	1	0	0	20210901
005801FF0001007003B860D21C3E2F34	1	0	0	20210901
005801FF0001007003B860D21C3E2F90	0	0	1	20210901
005801FF0001007003B860D21C3E2F94	0	1	0	20210901
005801FF0001007003B860D21C3E2FA6	1	0	0	20210901
005801FF0001007003B860D21C3E302F	1	0	0	20210901
005801FF0001007003B860D21C3E305C	0	0	1	20210901
005801FF0001007003B860D21C3E30CF	0	0	1	20210901
005801FF0001007003B860D21C3E30D2	0	0	1	20210901
005801FF0001007003B860D21C3E3126	0	0	1	20210901
005801FF0001007003B860D21C3E3145	1	0	0	20210901
005801FF0001007003B860D21C3E31FD	1	0	0	20210901
005801FF0001007003B860D21C3E322E	0	0	1	20210901
005801FF0001007003B860D21C3E3230	1	0	0	20210901
005801FF0001007003B860D21C3E3238	1	0	0	20210901
005801FF0001007003B860D21C3E32E6	0	1	0	20210901
005801FF0001007003B860D21C3E32FC	0	1	0	20210901
005801FF0001007003B860D21C3E3350	0	1	0	20210901
005801FF0001007003B860D21C3E3366	0	1	0	20210901
005801FF0001007003B860D21C3E33DE	1	0	0	20210901
005801FF0001007003B860D21C3E3431	1	0	0	20210901
005801FF0001007003B860D21C3E34A7	1	0	0	20210901
005801FF0001007003B860D21C3E34B2	0	0	1	20210901
005801FF0001007003B860D21C3E3545	1	0	0	20210901
005801FF0001007003B860D21C3E354A	0	0	1	20210901
005801FF0001007003B860D21C3E35E8	1	0	0	20210901
005801FF0001007003B860D21C3E3654	1	0	0	20210901
005801FF0001007003B860D21C3E367C	1	0	0	20210901
005801FF0001007003B860D21C3E368A	0	1	0	20210901
005801FF0001007003B860D21C3E36A0	1	0	0	20210901
005801FF0001007003B860D21C3E36B3	0	0	1	20210901
005801FF0001007003B860D21C3E3822	1	0	0	20210901
005801FF0001007003B860D21C3E3826	0	0	1	20210901
005801FF0001007003B860D21C3E3844	0	1	0	20210901
005801FF0001007003B860D21C3E38FD	1	0	0	20210901
005801FF0001007003B860D21C3E390E	0	1	0	20210901
005801FF0001007003B860D21C3E391F	0	1	0	20210901
005801FF0001007003B860D21C3E3A87	0	0	1	20210901
005801FF0001007003B860D21C3E3AB3	1	0	0	20210901
005801FF0001007003B860D21C3E3AC0	1	0	0	20210901
005801FF0001007003B860D21C3E3ACB	0	0	1	20210901
005801FF0001007003B860D21C3E3B30	0	1	0	20210901
005801FF0001007003B860D21C3E3B36	0	0	1	20210901
005801FF0001007003B860D21C3E3B59	0	0	1	20210901
005801FF0001007003B860D21C3E3BB1	0	0	1	20210901
005801FF0001007003B860D21C3E3C08	0	1	0	20210901
005801FF0001007003B860D21C3E3C0E	0	0	1	20210901
005801FF0001007003B860D21C3E3C4E	1	0	0	20210901
005801FF0001007003B860D21C3E3CC9	1	0	0	20210901
005801FF0001007003B860D21C3E3D7D	0	0	1	20210901
005801FF0001007003B860D21C3E3DB7	1	0	0	20210901
005801FF0001007003B860D21C3E3DD0	1	0	0	20210901
005801FF0001007003B860D21C3E3DF8	0	1	0	20210901
005801FF0001007003B860D21C3E3EA3	0	0	1	20210901
005801FF0001007003B860D21C3E3EAA	1	0	0	20210901
005801FF0001007003B860D21C3E3F01	0	0	1	20210901
005801FF0001007003B860D21C3E3F9C	1	0	0	20210901
005801FF0001007003B860D21C3E3FCB	0	0	1	20210901
005801FF0001007003B860D21C3E3FD2	0	1	0	20210901
005801FF0001007003B860D21C3E3FD4	1	0	0	20210901
005801FF0001007003B860D21C3E3FE5	1	0	0	20210901
005801FF0001007003B860D21C3E405C	1	0	0	20210901
005801FF0001007003B860D21C3E4087	1	0	0	20210901
005801FF0001007003B860D21C3E40CD	0	0	1	20210901
005801FF0001007003B860D21C3E40F4	0	0	1	20210901
005801FF0001007003B860D21C3E412E	0	0	1	20210901
005801FF0001007003B860D21C3E4149	0	0	1	20210901
005801FF0001007003B860D21C3E416F	1	0	0	20210901
005801FF0001007005B860D21C3044F9	1	0	0	20210901
005801FF0001007005B860D21C304511	1	0	0	20210901
005801FF0001007005B860D21C30451D	0	1	0	20210901
005801FF0001007005B860D21C304535	1	0	0	20210901
005801FF0001007005B860D21C3045B7	1	0	0	20210901
005801FF0001007005B860D21C304659	1	0	0	20210901
005801FF0001007005B860D21C3046B9	1	0	0	20210901
005801FF0001007005B860D21C304748	0	1	0	20210901
005801FF0001007005B860D21C304824	1	0	0	20210901
005801FF0001007005B860D21C3048E4	1	0	0	20210901
005801FF0001007005B860D21C3049E2	0	1	0	20210901
005801FF0001007005B860D21C3049FB	1	0	0	20210901
005801FF0001007005B860D21C304A7C	1	0	0	20210901
005801FF0001007005B860D21C304ADD	1	0	0	20210901
005801FF0001007005B860D21C304B4A	0	1	0	20210901
005801FF0001007005B860D21C304B8F	0	0	1	20210901
005801FF0001007005B860D21C304BA1	0	1	0	20210901
005801FF0001007005B860D21C304C05	1	0	0	20210901
005801FF0001007005B860D21C304C5B	1	0	0	20210901
005801FF0001007005B860D21C304CFF	1	0	0	20210901
005801FF0001007005B860D21C304E5D	1	0	0	20210901
005801FF0001007005B860D21C304F53	1	0	0	20210901
005801FF0001007005B860D21C304F5D	1	0	0	20210901
005801FF0001007005B860D21C304F8E	1	0	0	20210901
005801FF0001007005B860D21C305073	0	0	1	20210901
005801FF0001007005B860D21C305097	1	0	0	20210901
005801FF0001007005B860D21C3050C5	0	1	0	20210901
005801FF0001007005B860D21C30514A	0	0	1	20210901
005801FF0001007005B860D21C3051A8	1	0	0	20210901
005801FF0001007005B860D21C305231	1	0	0	20210901
005801FF0001007005B860D21C3052A6	0	0	1	20210901
005801FF0001007005B860D21C30533B	0	1	0	20210901
005801FF0001007005B860D21C3053BB	1	0	0	20210901
005801FF0001007005B860D21C305513	1	0	0	20210901
005801FF0001007005B860D21C305567	0	1	0	20210901
005801FF0001007005B860D21C305593	1	0	0	20210901
005801FF0001007005B860D21C3055D8	0	0	1	20210901
005801FF0001007005B860D21C3055DD	0	1	0	20210901
005801FF0001007005B860D21C3055EE	0	0	1	20210901
005801FF0001007005B860D21C305606	0	1	0	20210901
005801FF0001007005B860D21C305621	0	0	1	20210901
005801FF0001007005B860D21C30566F	1	0	0	20210901
005801FF0001007005B860D21C3056C5	0	0	1	20210901
005801FF0001007005B860D21C3057C2	0	1	0	20210901
005801FF0001007005B860D21C305818	1	0	0	20210901
005801FF0001007005B860D21C305820	1	0	0	20210901
005801FF0001007005B860D21C3058C0	1	0	0	20210901
005801FF0001007005B860D21C3058D2	1	0	0	20210901
005801FF0001007005B860D21C3058F1	0	1	0	20210901
005801FF0001007005B860D21C305990	1	0	0	20210901
005801FF0001007005B860D21C305A38	1	0	0	20210901
005801FF0001007005B860D21C305A65	1	0	0	20210901
005801FF0001007005B860D21C305A8B	0	1	0	20210901
005801FF0001007005B860D21C305AD1	1	0	0	20210901
005801FF0001007005B860D21C305AF0	1	0	0	20210901
005801FF0001007005B860D21C305C0A	1	0	0	20210901
005801FF0001007005B860D21C305CBC	0	1	0	20210901
005801FF0001007005B860D21C305CDC	0	1	0	20210901
005801FF0001007005B860D21C305D27	0	0	1	20210901
005801FF0001007005B860D21C305D37	1	0	0	20210901
005801FF0001007005B860D21C305D7A	0	1	0	20210901
005801FF0001007005B860D21C305DB0	1	0	0	20210901
005801FF0001007005B860D21C305FB5	1	0	0	20210901
005801FF0001007005B860D21C305FDB	1	0	0	20210901
005801FF0001007005B860D21C306099	1	0	0	20210901
005801FF0001007005B860D21C3060A7	1	0	0	20210901
005801FF0001007005B860D21C3060F7	1	0	0	20210901
005801FF0001007005B860D21C306181	1	0	0	20210901
005801FF0001007005B860D21C306186	1	0	0	20210901
005801FF0001007005B860D21C306201	1	0	0	20210901
005801FF0001007005B860D21C3062DC	1	0	0	20210901
005801FF0001007005B860D21C3062E2	1	0	0	20210901
005801FF0001007005B860D21C306350	0	1	0	20210901
005801FF0001007005B860D21C306355	1	0	0	20210901
005801FF0001007005B860D21C30641E	0	0	1	20210901
005801FF0001007005B860D21C306486	0	1	0	20210901
005801FF0001007005B860D21C30648D	1	0	0	20210901
005801FF0001007005B860D21C30648F	1	0	0	20210901
005801FF0001007005B860D21C306583	1	0	0	20210901
005801FF0001007005B860D21C30659C	1	0	0	20210901
005801FF0001007005B860D21C3065C0	0	0	1	20210901
005801FF0001007005B860D21C3065DB	1	0	0	20210901
005801FF0001007005B860D21C306684	0	1	0	20210901
005801FF0001007005B860D21C3066BE	1	0	0	20210901
005801FF0001007005B860D21C3066E2	1	0	0	20210901
005801FF0001007005B860D21C3066F2	0	0	1	20210901
005801FF0001007005B860D21C306716	0	1	0	20210901
005801FF0001007005B860D21C30671D	1	0	0	20210901
005801FF0001007005B860D21C306752	0	0	1	20210901
005801FF0001007005B860D21C306777	1	0	0	20210901
005801FF0001007005B860D21C3067BF	1	0	0	20210901
005801FF0001007005B860D21C30682E	0	1	0	20210901
005801FF0001007005B860D21C3068A4	1	0	0	20210901
005801FF0001007005B860D21C3069A5	0	0	1	20210901
005801FF0001007005B860D21C3069C2	1	0	0	20210901
005801FF0001007005B860D21C3069E1	1	0	0	20210901
005801FF0001007005B860D21C306A1C	1	0	0	20210901
005801FF0001007005B860D21C306A23	0	1	0	20210901
005801FF0001007005B860D21C306A3C	1	0	0	20210901
005801FF0001007005B860D21C306A4B	0	0	1	20210901
005801FF0001007005B860D21C306B16	0	1	0	20210901
005801FF0001007005B860D21C306B2F	1	0	0	20210901
005801FF0001007005B860D21C306B34	0	1	0	20210901
005801FF0001007005B860D21C306B44	1	0	0	20210901
005801FF0001007005B860D21C306B4E	0	0	1	20210901
005801FF0001007005B860D21C306BE1	1	0	0	20210901
005801FF0001007005B860D21C306C5F	0	0	1	20210901
005801FF0001007005B860D21C306C64	0	0	1	20210901
005801FF0001007005B860D21C306E52	0	0	1	20210901
005801FF0001007005B860D21C306E7D	1	0	0	20210901
005801FF0001007005B860D21C306F0B	1	0	0	20210901
005801FF0001007005B860D21C306F12	0	1	0	20210901
005801FF0001007005B860D21C306F93	1	0	0	20210901
005801FF0001007005B860D21C306FFB	1	0	0	20210901
005801FF0001007005B860D21C30704A	0	0	1	20210901
005801FF0001007005B860D21C30704B	1	0	0	20210901
005801FF0001007005B860D21C3070FB	1	0	0	20210901
005801FF0001007005B860D21C307161	0	1	0	20210901
005801FF0001007005B860D21C30725B	1	0	0	20210901
005801FF0001007005B860D21C3072D3	1	0	0	20210901
005801FF0001007005B860D21C307362	1	0	0	20210901
005801FF0001007005B860D21C307365	0	1	0	20210901
005801FF0001007005B860D21C30741E	1	0	0	20210901
005801FF0001007005B860D21C30749B	0	1	0	20210901
005801FF0001007005B860D21C307576	1	0	0	20210901
005801FF0001007005B860D21C307656	0	1	0	20210901
005801FF0001007005B860D21C307678	0	0	1	20210901
005801FF0001007005B860D21C3076F1	0	1	0	20210901
005801FF0001007005B860D21C307768	1	0	0	20210901
005801FF0001007005B860D21C30776F	1	0	0	20210901
005801FF0001007005B860D21C3077AC	0	1	0	20210901
005801FF0001007005B860D21C3077BB	0	1	0	20210901
005801FF0001007005B860D21C3077F1	1	0	0	20210901
005801FF0001007005B860D21C3077F7	0	0	1	20210901
005801FF0001007005B860D21C3077F9	0	1	0	20210901
005801FF0001007005B860D21C307800	1	0	0	20210901
005801FF0001007005B860D21C307806	1	0	0	20210901
005801FF0001007005B860D21C307843	0	1	0	20210901
005801FF0001007005B860D21C30789E	1	0	0	20210901
005801FF0001007005B860D21C3078BD	0	1	0	20210901
005801FF0001007005B860D21C3078EA	0	1	0	20210901
005801FF0001007005B860D21C307A01	0	0	1	20210901
005801FF0001007005B860D21C307A29	0	0	1	20210901
005801FF0001007005B860D21C307A2D	0	0	1	20210901
005801FF0001007005B860D21C307A4F	1	0	0	20210901
005801FF0001007005B860D21C307AA4	0	1	0	20210901
005801FF0001007005B860D21C307B66	0	0	1	20210901
005801FF0001007005B860D21C307BCA	0	1	0	20210901
005801FF0001007005B860D21C307C6A	0	0	1	20210901
005801FF0001007005B860D21C307CA4	0	1	0	20210901
005801FF0001007005B860D21C307D13	1	0	0	20210901
005801FF0001007005B860D21C307D67	0	0	1	20210901
005801FF0001007005B860D21C307DB1	1	0	0	20210901
005801FF0001007005B860D21C307E26	0	0	1	20210901
005801FF0001007005B860D21C307ECC	0	0	1	20210901
005801FF0001007005B860D21C307FEB	1	0	0	20210901
005801FF0001007005B860D21C3080D1	0	0	1	20210901
005801FF0001007005B860D21C30811E	0	0	1	20210901
005801FF0001007005B860D21C30816F	1	0	0	20210901
005801FF0001007005B860D21C30826C	0	0	1	20210901
005801FF0001007005B860D21C30827E	1	0	0	20210901
005801FF0001007005B860D21C3082CA	1	0	0	20210901
005801FF0001007005B860D21C3082EB	0	1	0	20210901
005801FF0001007005B860D21C30841B	1	0	0	20210901
005801FF0001007005B860D21C30847D	1	0	0	20210901
005801FF0001007005B860D21C308481	0	0	1	20210901
005801FF0001007005B860D21C30848E	0	1	0	20210901
005801FF0001007005B860D21C3084A5	1	0	0	20210901
005801FF0001007005B860D21C3084C5	1	0	0	20210901
005801FF0001007005B860D21C3084DB	0	0	1	20210901
005801FF0001007005B860D21C3084E9	0	0	1	20210901
005801FF0001007005B860D21C308515	0	1	0	20210901
005801FF0001007005B860D21C308580	1	0	0	20210901
005801FF0001007005B860D21C30873D	1	0	0	20210901
005801FF0001007005B860D21C308781	1	0	0	20210901
005801FF0001007005B860D21C308782	1	0	0	20210901
005801FF0001007005B860D21C3087AD	1	0	0	20210901
005801FF0001007005B860D21C30886C	1	0	0	20210901
005801FF0001007005B860D21C308997	0	0	1	20210901
005801FF0001007005B860D21C3089B8	0	1	0	20210901
005801FF0001007005B860D21C308ABB	1	0	0	20210901
005801FF0001007005B860D21C308B18	1	0	0	20210901
005801FF0001007005B860D21C308C43	0	0	1	20210901
005801FF0001007005B860D21C308CE2	0	0	1	20210901
005801FF0001007005B860D21C308CEB	0	0	1	20210901
005801FF0001007005B860D21C308D82	0	0	1	20210901
005801FF0001007005B860D21C308DF1	1	0	0	20210901
005801FF0001007005B860D21C308E0C	0	0	1	20210901
005801FF0001007005B860D21C308ED9	1	0	0	20210901
005801FF0001007005B860D21C308EDF	0	0	1	20210901
005801FF0001007005B860D21C308F9F	0	1	0	20210901
005801FF0001007005B860D21C309016	0	0	1	20210901
005801FF0001007005B860D21C30915E	1	0	0	20210901
005801FF0001007005B860D21C309205	0	0	1	20210901
005801FF0001007005B860D21C30920C	1	0	0	20210901
005801FF0001007005B860D21C309278	0	1	0	20210901
005801FF0001007005B860D21C3092B8	1	0	0	20210901
005801FF0001007005B860D21C30931B	0	1	0	20210901
005801FF0001007005B860D21C309344	1	0	0	20210901
005801FF0001007005B860D21C30942C	0	0	1	20210901
005801FF0001007005B860D21C3095E7	1	0	0	20210901
005801FF0001007005B860D21C309626	0	1	0	20210901
005801FF0001007005B860D21C30964E	1	0	0	20210901
005801FF0001007005B860D21C3096B1	1	0	0	20210901
005801FF0001007005B860D21C309700	1	0	0	20210901
005801FF0001007005B860D21C309744	0	0	1	20210901
005801FF0001007005B860D21C30974A	0	1	0	20210901
005801FF0001007005B860D21C30975C	0	0	1	20210901
005801FF0001007005B860D21C3098A8	0	1	0	20210901
005801FF0001007005B860D21C30996B	0	1	0	20210901
005801FF0001007005B860D21C3099EA	1	0	0	20210901
005801FF0001007005B860D21C309A04	1	0	0	20210901
005801FF0001007005B860D21C309A28	1	0	0	20210901
005801FF0001007005B860D21C309A49	1	0	0	20210901
005801FF0001007005B860D21C309A9E	1	0	0	20210901
005801FF0001007005B860D21C309AB0	0	1	0	20210901
005801FF0001007005B860D21C309BD8	0	1	0	20210901
005801FF0001007005B860D21C309C86	1	0	0	20210901
005801FF0001007005B860D21C309D64	0	0	1	20210901
005801FF0001007005B860D21C309E38	0	0	1	20210901
005801FF0001007005B860D21C309E95	1	0	0	20210901
005801FF0001007005B860D21C309EE3	0	1	0	20210901
005801FF0001007005B860D21C309F08	1	0	0	20210901
005801FF0001007005B860D21C309F6E	0	0	1	20210901
005801FF0001007005B860D21C30A01F	1	0	0	20210901
005801FF0001007005B860D21C30A060	0	1	0	20210901
005801FF0001007005B860D21C30A079	0	1	0	20210901
005801FF0001007005B860D21C30A1FF	0	0	1	20210901
005801FF0001007005B860D21C30A232	1	0	0	20210901
005801FF0001007005B860D21C30A309	1	0	0	20210901
005801FF0001007005B860D21C30A332	1	0	0	20210901
005801FF0001007005B860D21C30A33B	0	1	0	20210901
005801FF0001007005B860D21C30A35E	0	1	0	20210901
005801FF0001007005B860D21C30A37F	1	0	0	20210901
005801FF0001007005B860D21C30A3AF	0	1	0	20210901
005801FF0001007005B860D21C30A3EC	1	0	0	20210901
005801FF0001007005B860D21C30A422	0	0	1	20210901
005801FF0001007005B860D21C30A44A	1	0	0	20210901
005801FF0001007005B860D21C30A466	0	1	0	20210901
005801FF0001007005B860D21C30A46A	1	0	0	20210901
005801FF0001007005B860D21C30A46F	0	1	0	20210901
005801FF0001007005B860D21C30A474	1	0	0	20210901
005801FF0001007005B860D21C30A49B	0	1	0	20210901
005801FF0001007005B860D21C30A4A4	1	0	0	20210901
005801FF0001007005B860D21C30A4B0	0	1	0	20210901
005801FF0001007005B860D21C30A4C4	0	0	1	20210901
005801FF0001007005B860D21C30A4C6	0	0	1	20210901
005801FF0001007005B860D21C30A4F6	1	0	0	20210901
005801FF0001007005B860D21C30A4F7	0	1	0	20210901
005801FF0001007005B860D21C30A641	0	1	0	20210901
005801FF0001007005B860D21C30A6DB	0	0	1	20210901
005801FF0001007005B860D21C30A6E8	0	1	0	20210901
005801FF0001007005B860D21C30A774	1	0	0	20210901
005801FF0001007005B860D21C30A779	1	0	0	20210901
005801FF0001007005B860D21C30A7BD	1	0	0	20210901
005801FF0001007005B860D21C30A819	0	0	1	20210901
005801FF0001007005B860D21C30A836	1	0	0	20210901
005801FF0001007005B860D21C30A856	0	0	1	20210901
005801FF0001007005B860D21C30A85C	1	0	0	20210901
005801FF0001007005B860D21C30A86F	0	0	1	20210901
005801FF0001007005B860D21C30A910	1	0	0	20210901
005801FF0001007005B860D21C30A917	0	0	1	20210901
005801FF0001007005B860D21C30A935	1	0	0	20210901
005801FF0001007005B860D21C30AA26	1	0	0	20210901
005801FF0001007005B860D21C30AA8C	0	1	0	20210901
005801FF0001007005B860D21C30AAC5	0	0	1	20210901
005801FF0001007005B860D21C30AADD	0	1	0	20210901
005801FF0001007005B860D21C30AAEE	0	0	1	20210901
005801FF0001007005B860D21C30AAF3	1	0	0	20210901
005801FF0001007005B860D21C30AB1B	1	0	0	20210901
005801FF0001007005B860D21C30AB40	1	0	0	20210901
005801FF0001007005B860D21C30AB70	1	0	0	20210901
005801FF0001007005B860D21C30ABF2	1	0	0	20210901
005801FF0001007005B860D21C30ABFE	1	0	0	20210901
005801FF0001007005B860D21C30AC19	1	0	0	20210901
005801FF0001007005B860D21C30AC2A	0	1	0	20210901
005801FF0001007005B860D21C30ACE2	1	0	0	20210901
005801FF0001007005B860D21C30AD0B	0	0	1	20210901
005801FF0001007005B860D21C30AD0C	0	1	0	20210901
005801FF0001007005B860D21C30AD19	1	0	0	20210901
005801FF0001007005B860D21C30AD2E	0	1	0	20210901
005801FF0001007005B860D21C30AD6E	1	0	0	20210901
005801FF0001007005B860D21C30AD72	0	0	1	20210901
005801FF0001007005B860D21C30AD80	0	0	1	20210901
005801FF0001007005B860D21C30ADA6	1	0	0	20210901
005801FF0001007005B860D21C30ADD1	0	1	0	20210901
005801FF0001007005B860D21C30ADDC	1	0	0	20210901
005801FF0001007005B860D21C30ADEA	1	0	0	20210901
005801FF0001007005B860D21C30AE01	0	0	1	20210901
005801FF0001007005B860D21C30AE5F	0	0	1	20210901
005801FF0001007005B860D21C30AE74	0	0	1	20210901
005801FF0001007005B860D21C30AECB	1	0	0	20210901
005801FF0001007005B860D21C30AED9	0	0	1	20210901
005801FF0001007005B860D21C30AEDE	0	1	0	20210901
005801FF0001007005B860D21C30AEE3	0	1	0	20210901
005801FF0001007005B860D21C30AEFA	0	0	1	20210901
005801FF0001007005B860D21C30AF2B	1	0	0	20210901
005801FF0001007005B860D21C30B019	0	1	0	20210901
005801FF0001007005B860D21C30B02D	0	0	1	20210901
005801FF0001007005B860D21C30B073	0	0	1	20210901
005801FF0001007005B860D21C30B076	0	0	1	20210901
005801FF0001007005B860D21C30B15B	1	0	0	20210901
005801FF0001007005B860D21C30B234	0	0	1	20210901
005801FF0001007005B860D21C30B290	0	1	0	20210901
005801FF0001007005B860D21C30B2A1	1	0	0	20210901
005801FF0001007005B860D21C30B2F3	1	0	0	20210901
005801FF0001007005B860D21C30B372	1	0	0	20210901
005801FF0001007005B860D21C30B384	1	0	0	20210901
005801FF0001007005B860D21C30B3BC	1	0	0	20210901
005801FF0001007005B860D21C30B3CB	1	0	0	20210901
005801FF0001007005B860D21C30B404	1	0	0	20210901
005801FF0001007005B860D21C30B40E	0	0	1	20210901
005801FF0001007005B860D21C30B516	0	0	1	20210901
005801FF0001007005B860D21C30B5A1	1	0	0	20210901
005801FF0001007005B860D21C30B5B6	1	0	0	20210901
005801FF0001007005B860D21C30B5BB	1	0	0	20210901
005801FF0001007005B860D21C30B5C1	1	0	0	20210901
005801FF0001007005B860D21C30B605	0	1	0	20210901
005801FF0001007005B860D21C30B648	1	0	0	20210901
005801FF0001007005B860D21C30B656	1	0	0	20210901
005801FF0001007005B860D21C30B66A	1	0	0	20210901
005801FF0001007005B860D21C30B67D	1	0	0	20210901
005801FF0001007005B860D21C30B6BC	0	0	1	20210901
005801FF0001007005B860D21C30B6DF	0	0	1	20210901
005801FF0001007005B860D21C30B71A	0	1	0	20210901
005801FF0001007005B860D21C30B76D	0	0	1	20210901
005801FF0001007005B860D21C30B838	0	1	0	20210901
005801FF0001007005B860D21C30B869	1	0	0	20210901
005801FF0001007005B860D21C30B896	0	1	0	20210901
005801FF0001007005B860D21C30B89E	0	0	1	20210901
005801FF0001007005B860D21C30B910	1	0	0	20210901
005801FF0001007005B860D21C30B958	0	0	1	20210901
005801FF0001007005B860D21C30B9AA	0	1	0	20210901
005801FF0001007005B860D21C30B9C8	0	0	1	20210901
005801FF0001007005B860D21C30B9CD	1	0	0	20210901
005801FF0001007005B860D21C30BA30	1	0	0	20210901
005801FF0001007005B860D21C30BA61	0	0	1	20210901
005801FF0001007005B860D21C30BAA6	1	0	0	20210901
005801FF0001007005B860D21C30BBF4	0	1	0	20210901
005801FF0001007005B860D21C30BC17	0	1	0	20210901
005801FF0001007005B860D21C30BC91	0	1	0	20210901
005801FF0001007005B860D21C30BCBC	0	1	0	20210901
005801FF0001007005B860D21C30BD28	1	0	0	20210901
005801FF0001007005B860D21C30BD3D	0	1	0	20210901
005801FF0001007005B860D21C30BD78	0	1	0	20210901
005801FF0001007005B860D21C30BE27	1	0	0	20210901
005801FF0001007005B860D21C30BED9	0	0	1	20210901
005801FF0001007005B860D21C30BFD1	1	0	0	20210901
005801FF0001007005B860D21C30C0A4	0	0	1	20210901
005801FF0001007005B860D21C30C0CF	1	0	0	20210901
005801FF0001007005B860D21C30C196	0	1	0	20210901
005801FF0001007005B860D21C30C1E3	1	0	0	20210901
005801FF0001007005B860D21C30C1E5	0	0	1	20210901
005801FF0001007005B860D21C30C213	0	0	1	20210901
005801FF0001007005B860D21C30C2B3	1	0	0	20210901
005801FF0001007005B860D21C30C2E3	0	1	0	20210901
005801FF0001007005B860D21C30C30B	0	0	1	20210901
005801FF0001007005B860D21C30C489	0	0	1	20210901
005801FF0001007005B860D21C30C4CB	1	0	0	20210901
005801FF0001007005B860D21C30C4EE	0	1	0	20210901
005801FF0001007005B860D21C30C4FA	0	0	1	20210901
005801FF0001007005B860D21C30C557	1	0	0	20210901
005801FF0001007005B860D21C30C562	1	0	0	20210901
005801FF0001007005B860D21C30C5C4	1	0	0	20210901
005801FF0001007005B860D21C30C60C	1	0	0	20210901
005801FF0001007005B860D21C30C658	1	0	0	20210901
005801FF0001007005B860D21C30C671	0	0	1	20210901
005801FF0001007005B860D21C30C67F	0	0	1	20210901
005801FF0001007005B860D21C30C684	0	1	0	20210901
005801FF0001007005B860D21C30C685	1	0	0	20210901
005801FF0001007005B860D21C30C6C1	0	0	1	20210901
005801FF0001007005B860D21C30C799	0	0	1	20210901
005801FF0001007005B860D21C30C7F3	1	0	0	20210901
005801FF0001007005B860D21C30C818	0	1	0	20210901
005801FF0001007005B860D21C30C8C1	0	1	0	20210901
005801FF0001007005B860D21C30C91E	0	0	1	20210901
005801FF0001007005B860D21C30C9AC	1	0	0	20210901
005801FF0001007005B860D21C30C9C9	0	1	0	20210901
005801FF0001007005B860D21C30C9DC	1	0	0	20210901
005801FF0001007005B860D21C30CA53	1	0	0	20210901
005801FF0001007005B860D21C30CA6C	1	0	0	20210901
005801FF0001007005B860D21C30CA84	0	0	1	20210901
005801FF0001007005B860D21C30CACF	0	1	0	20210901
005801FF0001007005B860D21C30CAFA	0	0	1	20210901
005801FF0001007005B860D21C30CB14	1	0	0	20210901
005801FF0001007005B860D21C30CB1F	1	0	0	20210901
005801FF0001007005B860D21C30CB2D	1	0	0	20210901
005801FF0001007005B860D21C30CB3F	0	1	0	20210901
005801FF0001007005B860D21C30CB5E	0	1	0	20210901
005801FF0001007005B860D21C30CB6D	1	0	0	20210901
005801FF0001007005B860D21C30CB75	0	0	1	20210901
005801FF0001007005B860D21C30CC02	1	0	0	20210901
005801FF0001007005B860D21C30CC0A	1	0	0	20210901
005801FF0001007005B860D21C30CC14	0	0	1	20210901
005801FF0001007005B860D21C30CC27	1	0	0	20210901
005801FF0001007005B860D21C30CC4B	1	0	0	20210901
005801FF0001007005B860D21C30CC4F	0	1	0	20210901
005801FF0001007005B860D21C30CCB8	0	1	0	20210901
005801FF0001007005B860D21C30CCCA	0	1	0	20210901
005801FF0001007005B860D21C30CCE4	1	0	0	20210901
005801FF0001007005B860D21C30CCEB	0	1	0	20210901
005801FF0001007005B860D21C30CD43	1	0	0	20210901
005801FF0001007005B860D21C30CD51	0	1	0	20210901
005801FF0001007005B860D21C30CD55	1	0	0	20210901
005801FF0001007005B860D21C30CD68	0	1	0	20210901
005801FF0001007005B860D21C30CD93	1	0	0	20210901
005801FF0001007005B860D21C30CD96	0	0	1	20210901
005801FF0001007005B860D21C30CDAB	0	0	1	20210901
005801FF0001007005B860D21C30CDD1	0	0	1	20210901
005801FF0001007005B860D21C30CDD9	0	1	0	20210901
005801FF0001007005B860D21C30CE7A	1	0	0	20210901
005801FF0001007005B860D21C30CEFF	1	0	0	20210901
005801FF0001007005B860D21C30CF6D	0	1	0	20210901
005801FF0001007005B860D21C30CF74	0	0	1	20210901
005801FF0001007005B860D21C30CFE8	0	0	1	20210901
005801FF0001007005B860D21C30CFF9	1	0	0	20210901
005801FF0001007005B860D21C30D013	1	0	0	20210901
005801FF0001007005B860D21C30D031	0	0	1	20210901
005801FF0001007005B860D21C30D03D	0	0	1	20210901
005801FF0001007005B860D21C30D05C	0	0	1	20210901
005801FF0001007005B860D21C30D0BC	1	0	0	20210901
005801FF0001007005B860D21C30D0D3	1	0	0	20210901
005801FF0001007005B860D21C30D0F7	0	1	0	20210901
005801FF0001007005B860D21C30D0FC	0	0	1	20210901
005801FF0001007005B860D21C30D108	1	0	0	20210901
005801FF0001007005B860D21C30D12B	1	0	0	20210901
005801FF0001007005B860D21C30D1E7	0	1	0	20210901
005801FF0001007005B860D21C30D21B	0	0	1	20210901
005801FF0001007005B860D21C30D223	1	0	0	20210901
005801FF0001007005B860D21C30D258	1	0	0	20210901
005801FF0001007005B860D21C30D265	1	0	0	20210901
005801FF0001007005B860D21C30D2C9	1	0	0	20210901
005801FF0001007005B860D21C30D2D0	0	1	0	20210901
005801FF0001007005B860D21C30D2D4	0	0	1	20210901
005801FF0001007005B860D21C30D2EE	1	0	0	20210901
005801FF0001007005B860D21C30D37C	0	1	0	20210901
005801FF0001007005B860D21C30D380	0	1	0	20210901
005801FF0001007005B860D21C30D3A3	1	0	0	20210901
005801FF0001007005B860D21C30D3AF	0	1	0	20210901
005801FF0001007005B860D21C30D442	1	0	0	20210901
005801FF0001007005B860D21C30D467	1	0	0	20210901
005801FF0001007005B860D21C30D4BB	0	0	1	20210901
005801FF0001007005B860D21C30D4DC	1	0	0	20210901
005801FF0001007005B860D21C30D583	1	0	0	20210901
005801FF0001007005B860D21C30D642	0	0	1	20210901
005801FF0001007005B860D21C30D65F	0	0	1	20210901
005801FF0001007005B860D21C30D688	0	0	1	20210901
005801FF0001007005B860D21C30D68E	0	1	0	20210901
005801FF0001007005B860D21C30D6CC	1	0	0	20210901
005801FF0001007005B860D21C30D791	0	0	1	20210901
005801FF0001007005B860D21C30D85B	0	0	1	20210901
005801FF0001007005B860D21C30D8DC	1	0	0	20210901
005801FF0001007005B860D21C30D907	1	0	0	20210901
005801FF0001007005B860D21C30DA72	1	0	0	20210901
005801FF0001007005B860D21C30DAF1	1	0	0	20210901
005801FF0001007005B860D21C30DB37	0	0	1	20210901
005801FF0001007005B860D21C30DC9C	1	0	0	20210901
005801FF0001007005B860D21C30DD50	0	0	1	20210901
005801FF0001007005B860D21C30DD6F	1	0	0	20210901
005801FF0001007005B860D21C30DDE0	0	0	1	20210901
005801FF0001007005B860D21C30DE34	1	0	0	20210901
005801FF0001007005B860D21C30DED4	0	0	1	20210901
005801FF0001007005B860D21C30DF1F	0	0	1	20210901
005801FF0001007005B860D21C30DF66	0	0	1	20210901
005801FF0001007005B860D21C30DF9B	0	1	0	20210901
005801FF0001007005B860D21C30DFF9	0	0	1	20210901
005801FF0001007005B860D21C30E191	0	0	1	20210901
005801FF0001007005B860D21C30E21D	0	1	0	20210901
005801FF0001007005B860D21C30E25E	1	0	0	20210901
005801FF0001007005B860D21C30E294	1	0	0	20210901
005801FF0001007005B860D21C30E2C5	1	0	0	20210901
005801FF0001007005B860D21C30E2CD	1	0	0	20210901
005801FF0001007005B860D21C30E2F5	0	1	0	20210901
005801FF0001007005B860D21C30E36F	0	1	0	20210901
005801FF0001007005B860D21C30E381	0	1	0	20210901
005801FF0001007005B860D21C30E3FE	1	0	0	20210901
005801FF0001007005B860D21C30E431	0	0	1	20210901
005801FF0001007005B860D21C30E48C	1	0	0	20210901
005801FF0001007005B860D21C30E536	1	0	0	20210901
005801FF0001007005B860D21C30E54D	1	0	0	20210901
005801FF0001007005B860D21C30E58F	0	1	0	20210901
005801FF0001007005B860D21C30E5E8	0	1	0	20210901
005801FF0001007005B860D21C30E68C	1	0	0	20210901
005801FF0001007005B860D21C30E6A4	0	0	1	20210901
005801FF0001007005B860D21C30E6C7	0	1	0	20210901
005801FF0001007005B860D21C30E6C9	1	0	0	20210901
005801FF0001007005B860D21C30E6F8	0	0	1	20210901
005801FF0001007005B860D21C30E836	1	0	0	20210901
005801FF0001007005B860D21C30E841	1	0	0	20210901
005801FF0001007005B860D21C30E8D4	0	0	1	20210901
005801FF0001007005B860D21C30E8E4	1	0	0	20210901
005801FF0001007005B860D21C30E8F1	0	0	1	20210901
005801FF0001007005B860D21C30E918	1	0	0	20210901
005801FF0001007005B860D21C30E947	0	1	0	20210901
005801FF0001007005B860D21C30E98C	0	0	1	20210901
005801FF0001007005B860D21C30EA19	0	0	1	20210901
005801FF0001007005B860D21C30EA83	0	0	1	20210901
005801FF0001007005B860D21C30EAA6	1	0	0	20210901
005801FF0001007005B860D21C30EAA9	0	1	0	20210901
005801FF0001007005B860D21C30EBED	0	0	1	20210901
005801FF0001007005B860D21C30EBFA	0	1	0	20210901
005801FF0001007005B860D21C30ECA7	0	1	0	20210901
005801FF0001007005B860D21C30ECC7	0	0	1	20210901
005801FF0001007005B860D21C30ED4C	1	0	0	20210901
005801FF0001007005B860D21C30EDBA	1	0	0	20210901
005801FF0001007005B860D21C30EDD5	0	1	0	20210901
005801FF0001007005B860D21C30EDF4	1	0	0	20210901
005801FF0001007005B860D21C30EEAA	1	0	0	20210901
005801FF0001007005B860D21C30EEE6	1	0	0	20210901
005801FF0001007005B860D21C30EEF0	0	0	1	20210901
005801FF0001007005B860D21C30EF25	0	0	1	20210901
005801FF0001007005B860D21C30EF61	0	1	0	20210901
005801FF0001007005B860D21C30EF88	1	0	0	20210901
005801FF0001007005B860D21C30EF8F	0	0	1	20210901
005801FF0001007005B860D21C30F051	0	0	1	20210901
005801FF0001007005B860D21C30F0A1	1	0	0	20210901
005801FF0001007005B860D21C30F12E	1	0	0	20210901
005801FF0001007005B860D21C30F13F	0	0	1	20210901
005801FF0001007005B860D21C30F140	1	0	0	20210901
005801FF0001007005B860D21C30F245	0	1	0	20210901
005801FF0001007005B860D21C30F298	1	0	0	20210901
005801FF0001007005B860D21C30F2D3	1	0	0	20210901
005801FF0001007005B860D21C30F34C	1	0	0	20210901
005801FF0001007005B860D21C30F35D	1	0	0	20210901
005801FF0001007005B860D21C30F3DF	1	0	0	20210901
005801FF0001007005B860D21C30F52A	1	0	0	20210901
005801FF0001007005B860D21C30F6CF	1	0	0	20210901
005801FF0001007005B860D21C30F7AE	0	1	0	20210901
005801FF0001007005B860D21C30F7C2	1	0	0	20210901
005801FF0001007005B860D21C30F80F	0	0	1	20210901
005801FF0001007005B860D21C30F818	0	1	0	20210901
005801FF0001007005B860D21C30F8EC	1	0	0	20210901
005801FF0001007005B860D21C30F91F	0	0	1	20210901
005801FF0001007005B860D21C30F956	0	1	0	20210901
005801FF0001007005B860D21C30F9D2	1	0	0	20210901
005801FF0001007005B860D21C30FA14	0	1	0	20210901
005801FF0001007005B860D21C30FA3B	1	0	0	20210901
005801FF0001007005B860D21C30FA59	0	1	0	20210901
005801FF0001007005B860D21C30FA74	0	0	1	20210901
005801FF0001007005B860D21C30FAEC	1	0	0	20210901
005801FF0001007005B860D21C30FBFA	1	0	0	20210901
005801FF0001007005B860D21C30FC16	1	0	0	20210901
005801FF0001007005B860D21C30FCBA	0	0	1	20210901
005801FF0001007005B860D21C30FD61	0	0	1	20210901
005801FF0001007005B860D21C30FE61	0	1	0	20210901
005801FF0001007005B860D21C30FE62	0	1	0	20210901
005801FF0001007005B860D21C30FF4D	1	0	0	20210901
005801FF0001007005B860D21C310112	0	1	0	20210901
005801FF0001007005B860D21C310114	0	1	0	20210901
005801FF0001007005B860D21C31014D	0	0	1	20210901
005801FF0001007005B860D21C31019E	0	0	1	20210901
005801FF0001007005B860D21C3101B5	0	0	1	20210901
005801FF0001007005B860D21C3101B6	1	0	0	20210901
005801FF0001007005B860D21C3101CD	0	1	0	20210901
005801FF0001007005B860D21C3101DE	0	0	1	20210901
005801FF0001007005B860D21C310248	0	0	1	20210901
005801FF0001007005B860D21C310283	1	0	0	20210901
005801FF0001007005B860D21C3102A6	0	1	0	20210901
005801FF0001007005B860D21C3102EB	0	0	1	20210901
005801FF0001007005B860D21C3103CB	1	0	0	20210901
005801FF0001007005B860D21C31053B	1	0	0	20210901
005801FF0001007005B860D21C3105A7	1	0	0	20210901
005801FF0001007005B860D21C31062E	0	0	1	20210901
005801FF0001007005B860D21C310683	0	0	1	20210901
005801FF0001007005B860D21C3106C4	1	0	0	20210901
005801FF0001007005B860D21C31070B	0	0	1	20210901
005801FF0001007005B860D21C310761	0	1	0	20210901
005801FF0001007005B860D21C31076A	0	0	1	20210901
005801FF0001007005B860D21C310783	0	0	1	20210901
005801FF0001007005B860D21C3107D0	1	0	0	20210901
005801FF0001007005B860D21C31081F	1	0	0	20210901
005801FF0001007005B860D21C310892	1	0	0	20210901
005801FF0001007005B860D21C3E93DF	1	0	0	20210901
005801FF0001007005B860D21C3E9418	1	0	0	20210901
005801FF0001007005B860D21C3E944B	0	0	1	20210901
005801FF0001007005B860D21C3E94CB	1	0	0	20210901
005801FF0001007005B860D21C3E9521	0	1	0	20210901
005801FF0001007005B860D21C3E9580	0	1	0	20210901
005801FF0001007005B860D21C3E95D2	1	0	0	20210901
005801FF0001007005B860D21C3E95E7	1	0	0	20210901
005801FF0001007005B860D21C3E9613	1	0	0	20210901
005801FF0001007005B860D21C3E96EC	1	0	0	20210901
005801FF0001007005B860D21C3E977B	1	0	0	20210901
005801FF0001007005B860D21C3E97AF	1	0	0	20210901
005801FF0001007005B860D21C3E97F2	0	0	1	20210901
005801FF0001007005B860D21C3E9807	1	0	0	20210901
005801FF0001007005B860D21C3E980C	0	0	1	20210901
005801FF0001007005B860D21C3E9880	0	1	0	20210901
005801FF0001007005B860D21C3E98D2	1	0	0	20210901
005801FF0001007005B860D21C3E98DC	0	0	1	20210901
005801FF0001007005B860D21C3E98ED	1	0	0	20210901
005801FF0001007005B860D21C3E9914	1	0	0	20210901
005801FF0001007005B860D21C3E9968	0	1	0	20210901
005801FF0001007005B860D21C3E99C4	0	0	1	20210901
005801FF0001007005B860D21C3E99C9	0	0	1	20210901
005801FF0001007005B860D21C3E9A1E	0	1	0	20210901
005801FF0001007005B860D21C3E9A32	1	0	0	20210901
005801FF0001007005B860D21C3E9A40	1	0	0	20210901
005801FF0001007005B860D21C3E9A73	0	0	1	20210901
005801FF0001007005B860D21C3E9AC1	1	0	0	20210901
005801FF0001007005B860D21C3E9B30	1	0	0	20210901
005801FF0001007005B860D21C3E9B58	0	0	1	20210901
005801FF0001007005B860D21C3E9B75	0	1	0	20210901
005801FF0001007005B860D21C3E9C1A	0	0	1	20210901
005801FF0001007005B860D21C3E9CB1	1	0	0	20210901
005801FF0001007005B860D21C3E9D51	1	0	0	20210901
005801FF0001007005B860D21C3E9D56	1	0	0	20210901
005801FF0001007005B860D21C3E9D73	0	0	1	20210901
005801FF0001007005B860D21C3E9D9B	1	0	0	20210901
005801FF0001007005B860D21C3E9DBC	1	0	0	20210901
005801FF0001007005B860D21C3E9DD5	1	0	0	20210901
005801FF0001007005B860D21C3E9DF1	0	1	0	20210901
005801FF0001007005B860D21C3E9E13	0	1	0	20210901
005801FF0001007005B860D21C3E9E4A	1	0	0	20210901
005801FF0001007005B860D21C3E9E5A	0	1	0	20210901
005801FF0001007005B860D21C3E9E7C	0	1	0	20210901
005801FF0001007005B860D21C3E9E8D	0	0	1	20210901
005801FF0001007005B860D21C3E9EB7	1	0	0	20210901
005801FF0001007005B860D21C3E9EDD	0	1	0	20210901
005801FF0001007005B860D21C3E9EE5	0	0	1	20210901
005801FF0001007005B860D21C3E9F44	0	1	0	20210901
005801FF0001007005B860D21C3EA000	1	0	0	20210901
005801FF0001007005B860D21C3EA071	0	1	0	20210901
005801FF0001007005B860D21C3EA0CF	1	0	0	20210901
005801FF0001007005B860D21C3EA10D	0	1	0	20210901
005801FF0001007005B860D21C3EA121	0	0	1	20210901
005801FF0001007005B860D21C3EA129	0	1	0	20210901
005801FF0001007005B860D21C3EA141	0	1	0	20210901
005801FF0001007005B860D21C3EA161	1	0	0	20210901
005801FF0001007005B860D21C3EA16B	1	0	0	20210901
005801FF0001007005B860D21C3EA180	0	1	0	20210901
005801FF0001007005B860D21C3EA1CD	1	0	0	20210901
005801FF0001007005B860D21C3EA1D9	0	0	1	20210901
005801FF0001007005B860D21C3EA1EF	0	0	1	20210901
005801FF0001007005B860D21C3EA1F1	1	0	0	20210901
005801FF0001007005B860D21C3EA1FA	1	0	0	20210901
005801FF0001007005B860D21C3EA228	0	1	0	20210901
005801FF0001007005B860D21C3EA24B	0	1	0	20210901
005801FF0001007005B860D21C3EA26D	0	1	0	20210901
005801FF0001007005B860D21C3EA272	0	0	1	20210901
005801FF0001007005B860D21C3EA313	1	0	0	20210901
005801FF0001007005B860D21C3EA322	0	1	0	20210901
005801FF0001007005B860D21C3EA3BD	1	0	0	20210901
005801FF0001007005B860D21C3EA3CC	0	1	0	20210901
005801FF0001007005B860D21C3EA411	1	0	0	20210901
005801FF0001007005B860D21C3EA426	1	0	0	20210901
005801FF0001007005B860D21C3EA458	1	0	0	20210901
005801FF0001007005B860D21C3EA47F	0	1	0	20210901
005801FF0001007005B860D21C3EA482	0	1	0	20210901
005801FF0001007005B860D21C3EA48D	0	0	1	20210901
005801FF0001007005B860D21C3EA4A2	1	0	0	20210901
005801FF0001007005B860D21C3EA4E0	0	0	1	20210901
005801FF0001007005B860D21C3EA528	1	0	0	20210901
005801FF0001007005B860D21C3EA56B	0	1	0	20210901
005801FF0001007005B860D21C3EA577	0	1	0	20210901
005801FF0001007005B860D21C3EA595	1	0	0	20210901
005801FF0001007005B860D21C3EA596	0	1	0	20210901
005801FF0001007005B860D21C3EA5B8	1	0	0	20210901
005801FF0001007005B860D21C3EA5FF	0	1	0	20210901
005801FF0001007005B860D21C3EA60D	0	0	1	20210901
005801FF0001007005B860D21C3EA619	1	0	0	20210901
005801FF0001007005B860D21C3EA624	0	1	0	20210901
005801FF0001007005B860D21C3EA644	0	0	1	20210901
005801FF0001007005B860D21C3EA6A1	0	1	0	20210901
005801FF0001007005B860D21C3EA74D	1	0	0	20210901
005801FF0001007005B860D21C3EA760	1	0	0	20210901
005801FF0001007005B860D21C3EA77E	1	0	0	20210901
005801FF0001007005B860D21C3EA77F	0	1	0	20210901
005801FF0001007005B860D21C3EA78C	1	0	0	20210901
005801FF0001007005B860D21C3EA7C3	1	0	0	20210901
005801FF0001007005B860D21C3EA7E3	0	0	1	20210901
005801FF0001007005B860D21C3EA85D	0	1	0	20210901
005801FF0001007005B860D21C3EA860	1	0	0	20210901
005801FF0001007005B860D21C3EA8D5	0	0	1	20210901
005801FF0001007005B860D21C3EA8DD	0	0	1	20210901
005801FF0001007005B860D21C3EA902	0	1	0	20210901
005801FF0001007005B860D21C3EA907	0	0	1	20210901
005801FF0001007005B860D21C3EA916	1	0	0	20210901
005801FF0001007005B860D21C3EA99A	0	0	1	20210901
005801FF0001007005B860D21C3EA9A3	1	0	0	20210901
005801FF0001007005B860D21C3EA9C9	0	1	0	20210901
005801FF0001007005B860D21C3EAA0C	1	0	0	20210901
005801FF0001007005B860D21C3EAAD9	1	0	0	20210901
005801FF0001007005B860D21C3EAADD	0	1	0	20210901
005801FF0001007005B860D21C3EAB0E	1	0	0	20210901
005801FF0001007005B860D21C3EAB12	1	0	0	20210901
005801FF0001007005B860D21C3EAB68	0	1	0	20210901
005801FF0001007005B860D21C3EAB95	1	0	0	20210901
005801FF0001007005B860D21C3EABBA	1	0	0	20210901
005801FF0001007005B860D21C3EABD6	0	0	1	20210901
005801FF0001007005B860D21C3EABE9	0	0	1	20210901
005801FF0001007005B860D21C3EAC2C	1	0	0	20210901
005801FF0001007005B860D21C3EACFD	1	0	0	20210901
005801FF0001007005B860D21C3EADC1	1	0	0	20210901
005801FF0001007005B860D21C3EADC2	0	0	1	20210901
005801FF0001007005B860D21C3EADCD	0	1	0	20210901
005801FF0001007005B860D21C3EADFD	0	1	0	20210901
005801FF0001007005B860D21C3EAE31	0	1	0	20210901
005801FF0001007005B860D21C3EAE4F	0	1	0	20210901
005801FF0001007005B860D21C3EAE6E	1	0	0	20210901
005801FF0001007005B860D21C3EAEA2	1	0	0	20210901
005801FF0001007005B860D21C3EAEB3	1	0	0	20210901
005801FF0001007005B860D21C3EAEE7	0	0	1	20210901
005801FF0001007005B860D21C3EAEFA	1	0	0	20210901
005801FF0001007005B860D21C3EAF08	1	0	0	20210901
005801FF0001007005B860D21C3EAF4F	1	0	0	20210901
005801FF0001007005B860D21C3EAF60	1	0	0	20210901
005801FF0001007005B860D21C3EAF6B	0	1	0	20210901
005801FF0001007005B860D21C3EB042	0	0	1	20210901
005801FF0001007005B860D21C3EB07E	0	0	1	20210901
005801FF0001007005B860D21C3EB0B3	0	0	1	20210901
005801FF0001007005B860D21C3EB0F8	0	0	1	20210901
005801FF0001007005B860D21C3EB107	1	0	0	20210901
005801FF0001007005B860D21C3EB11F	0	0	1	20210901
005801FF0001007005B860D21C3EB13D	0	1	0	20210901
005801FF0001007005B860D21C3EB157	0	1	0	20210901
005801FF0001007005B860D21C3EB1A9	1	0	0	20210901
005801FF0001007005B860D21C3EB201	0	1	0	20210901
005801FF0001007005B860D21C3EB25B	0	1	0	20210901
005801FF0001007005B860D21C3EB281	0	0	1	20210901
005801FF0001007005B860D21C3EB2D7	1	0	0	20210901
005801FF0001007005B860D21C3EB315	0	1	0	20210901
005801FF0001007005B860D21C3EB328	1	0	0	20210901
005801FF0001007005B860D21C3EB337	0	1	0	20210901
005801FF0001007005B860D21C3EB347	0	1	0	20210901
005801FF0001007005B860D21C3EB37B	1	0	0	20210901
005801FF0001007005B860D21C3EB3A6	1	0	0	20210901
005801FF0001007005B860D21C3EB3E8	1	0	0	20210901
005801FF0001007005B860D21C3EB429	0	1	0	20210901
005801FF0001007005B860D21C3EB4BB	1	0	0	20210901
005801FF0001007005B860D21C3EB4FB	1	0	0	20210901
005801FF0001007005B860D21C3EB502	1	0	0	20210901
005801FF0001007005B860D21C3EB520	0	0	1	20210901
005801FF0001007005B860D21C3EB54B	0	1	0	20210901
005801FF0001007005B860D21C3EB580	1	0	0	20210901
005801FF0001007005B860D21C3EB5C3	0	1	0	20210901
005801FF0001007005B860D21C3EB5E0	1	0	0	20210901
005801FF0001007005B860D21C3EB605	0	0	1	20210901
005801FF0001007005B860D21C3EB63C	1	0	0	20210901
005801FF0001007005B860D21C3EB6F1	0	1	0	20210901
005801FF0001007005B860D21C3EB70F	0	1	0	20210901
005801FF0001007005B860D21C3EB718	0	1	0	20210901
005801FF0001007005B860D21C3EB7AD	1	0	0	20210901
005801FF0001007005B860D21C3EB7C4	0	1	0	20210901
005801FF0001007005B860D21C3EB7CD	1	0	0	20210901
005801FF0001007005B860D21C3EB7F3	1	0	0	20210901
005801FF0001007005B860D21C3EB7FE	0	1	0	20210901
005801FF0001007005B860D21C3EB80B	0	0	1	20210901
005801FF0001007005B860D21C3EB834	1	0	0	20210901
005801FF0001007005B860D21C3EB86B	0	0	1	20210901
005801FF0001007005B860D21C3EB873	0	0	1	20210901
005801FF0001007005B860D21C3EB8EB	1	0	0	20210901
005801FF0001007005B860D21C3EB902	1	0	0	20210901
005801FF0001007005B860D21C3EB908	0	0	1	20210901
005801FF0001007005B860D21C3EB9FA	1	0	0	20210901
005801FF0001007005B860D21C3EBAA4	1	0	0	20210901
005801FF0001007005B860D21C3EBAE7	0	0	1	20210901
005801FF0001007005BA60D21C5CAB54	1	0	0	20210901
005801FF0001007005BA60D21C5CAB7C	0	0	1	20210901
005801FF0001007005BA60D21C5CABC9	1	0	0	20210901
005801FF0001007005BA60D21C5CAC01	0	0	1	20210901
005801FF0001007005BA60D21C5CADE5	1	0	0	20210901
005801FF0001007005BA60D21C5CAF34	0	0	1	20210901
005801FF0001007005BA60D21C5CAF4F	0	0	1	20210901
005801FF0001007005BA60D21C5CAF97	1	0	0	20210901
005801FF0001007005BA60D21C5CB02A	0	0	1	20210901
005801FF0001007005BA60D21C5CB05F	0	1	0	20210901
005801FF0001007005BA60D21C5CB13C	1	0	0	20210901
005801FF0001007005BA60D21C5CB199	0	1	0	20210901
005801FF0001007005BA60D21C5CB388	1	0	0	20210901
005801FF0001007005BA60D21C5CB3C0	1	0	0	20210901
005801FF0001007005BA60D21C5CB4A4	0	0	1	20210901
005801FF0001007005BA60D21C5CB4EB	1	0	0	20210901
005801FF0001007005BA60D21C5CB518	1	0	0	20210901
005801FF0001007005BA60D21C5CB56C	1	0	0	20210901
005801FF0001007005BA60D21C5CB5F9	0	0	1	20210901
005801FF0001007005BA60D21C5CB5FD	0	0	1	20210901
005801FF0001007005BA60D21C5CB62F	1	0	0	20210901
005801FF0001007005BA60D21C5CB648	1	0	0	20210901
005801FF0001007005BA60D21C5CB6DE	1	0	0	20210901
005801FF0001007005BA60D21C5CB6E1	0	0	1	20210901
005801FF0001007005BA60D21C5CB6FE	1	0	0	20210901
005801FF0001007005BA60D21C5CB748	1	0	0	20210901
005801FF0001007005BA60D21C5CB76B	0	1	0	20210901
005801FF0001007005BA60D21C5CB81E	0	1	0	20210901
005801FF0001007005BA60D21C5CB871	0	1	0	20210901
005801FF0001007005BA60D21C5CB8BC	0	0	1	20210901
