htv_demand_type_prefer_dm.deviceid	htv_demand_type_prefer_dm.demand_type_prefer_lv1	htv_demand_type_prefer_dm.demand_type_prefer_lv2	htv_demand_type_prefer_dm.demand_type_prefer_lv3	htv_demand_type_prefer_dm.demand_type_prefer_lv4	htv_demand_type_prefer_dm.demand_type_prefer_lv5	htv_demand_type_prefer_dm.demand_type_prefer_lv6	htv_demand_type_prefer_dm.demand_type_prefer_lv7	htv_demand_type_prefer_dm.demand_type_prefer_lv8	htv_demand_type_prefer_dm.demand_type_prefer_lv9	htv_demand_type_prefer_dm.demand_type_prefer_lv10	htv_demand_type_prefer_dm.demand_type_prefer_lv11	htv_demand_type_prefer_dm.demand_type_prefer_other	htv_demand_type_prefer_dm.date_time
005801FF0001005006D400692D3DA4AD	0	0	0	0	0	0	0	0	0	0	0	0	20210901
005801FF0001005006D400692D3DA6B3	0	0	0	0	0	0	0	0	1	0	0	1	20210901
005801FF0001005006D400692D3DA747	0	0	0	0	0	0	0	0	0	0	0	0	20210901
005801FF0001005006D400692D3DB82E	0	0	0	0	0	0	0	0	0	0	0	0	20210901
005801FF0001005006D400692D3DB96E	0	0	1	0	0	0	0	0	0	0	0	0	20210901
005801FF00010050F6E52C43BE5CA076	0	0	0	0	0	0	0	0	0	0	0	0	20210901
005801FF00010050F6E52C43BE5CA8C2	0	0	0	0	0	0	0	0	0	0	0	0	20210901
005801FF00010050F6E52C43BE5CA9D8	0	0	0	0	0	0	0	0	0	0	0	0	20210901
005801FF00010050F6E52C43BE5CAD14	0	0	0	0	0	0	0	0	0	0	0	0	20210901
005801FF00010050F6E52C43BE5CB21F	0	0	0	0	0	0	0	0	0	0	0	0	20210901
005801FF00010050F6E52C43BE5CB605	0	0	0	0	0	0	0	0	0	0	0	0	20210901
005801FF00010050F6E52C43BE5CBDBB	0	1	0	0	0	0	0	0	0	0	0	0	20210901
005801FF00010050F6E52C43BE5CC2E1	0	0	0	0	0	0	0	0	0	0	0	0	20210901
005801FF00010050F6E52C43BE5CC338	0	0	0	0	0	0	0	0	0	0	0	0	20210901
005801FF0001007005B860D21C307C83	0	0	0	0	0	0	0	0	0	0	0	0	20210901
005801FF0001007005B860D21C3EAB02	0	0	0	0	0	0	0	0	0	0	0	0	20210901
005801FF0001007005B860D21C3EB741	0	0	0	0	0	0	0	0	0	0	0	0	20210901
005801FF0001007005BA60D21C5CD9D9	0	0	0	0	0	0	0	0	0	0	0	0	20210901
005801FF0001007005C360D21CA7AA92	0	0	0	0	0	0	0	0	0	0	0	0	20210901
005801FF0001007005C360D21CA7FAE2	0	0	0	0	0	0	0	0	0	0	0	0	20210901
005801FF0001007005C360D21CA85865	0	0	0	0	0	0	0	0	0	0	0	0	20210901
005801FF0001007005C360D21CA890C8	1	1	0	0	0	0	0	0	0	0	0	0	20210901
005801FF0001007005C360D21CA8B852	0	0	0	0	0	0	0	0	0	0	0	0	20210901
005801FF0001007006B860D21C3DDFF4	0	0	0	0	0	0	0	0	0	0	0	0	20210901
005801FF0001007006B960D21C49D43C	0	0	0	0	0	0	0	0	0	0	0	0	20210901
005801FF0001007006B960D21C49E2A5	0	0	0	0	0	0	0	0	0	0	1	0	20210901
005801FF0001007006B960D21C49E9BB	0	0	0	0	0	0	0	0	0	0	0	0	20210901
005801FF0001007006B960D21C4A5421	0	0	0	0	0	0	0	0	0	0	0	0	20210901
005801FF0001007006B960D21C4A567C	0	0	0	0	0	0	0	0	0	0	0	0	20210901
005801FF0001007006BA60D21C5FCFBE	0	0	0	0	0	0	0	0	0	0	0	0	20210901
005801FF0001007006BA60D21C5FD964	0	0	0	0	0	0	0	0	0	0	0	0	20210901
005801FF0001007006BA60D21C6111DA	0	0	0	0	0	0	0	0	0	0	0	0	20210901
005801FF0001007006BA60D21C64FB83	0	0	0	0	0	0	0	0	0	0	0	0	20210901
005801FF0001007006BA60D21C65437A	0	0	0	0	0	0	0	0	0	0	0	0	20210901
005801FF0001061005B454C57AB16850	0	0	0	0	0	0	0	0	0	0	0	0	20210901
005801FF0001061005B454C57AB18D21	0	0	0	0	0	0	0	0	0	0	0	0	20210901
005801FF0001061005B454C57AB1BB29	0	0	0	0	0	0	0	0	0	0	0	0	20210901
005801FF0001061005B454C57AB1CF51	0	0	0	0	0	0	0	0	0	0	0	0	20210901
005801FF0001061005B454C57AB2359D	0	0	0	0	0	0	0	0	0	0	0	0	20210901
005801FF0001061005B454C57AB305A0	0	0	0	0	0	0	0	0	0	0	0	0	20210901
005801FF0001090001C360D21CACB028	0	0	0	0	0	0	0	0	0	0	0	0	20210901
005801FF0001090001C360D21CACCB82	0	0	0	0	0	0	0	0	0	0	0	0	20210901
005801FF0001090001C360D21CACCBB0	1	0	0	0	0	0	0	0	0	0	0	0	20210901
005801FF0001090001C360D21CACF4E0	0	0	0	0	0	0	0	0	0	0	0	0	20210901
005801FF0001090003C360D21CAD762F	0	0	0	0	0	0	0	0	0	0	0	0	20210901
005801FF0001090005C360D21CAD8612	0	0	0	0	0	0	0	0	0	0	0	0	20210901
005801FF0001090006C760D21CC4E118	0	0	0	0	0	0	0	0	0	0	0	0	20210901
005801FF0001101001EC08A5C8165A02	0	0	0	0	0	0	0	0	0	0	0	0	20210901
005801FF0001101001EC08A5C8166039	0	0	0	0	0	0	0	0	0	0	0	0	20210901
005801FF0001101001EC08A5C8169BB2	0	0	0	0	0	0	0	0	0	0	0	0	20210901
005801FF0001181001A208A5C8EA4BE7	0	0	0	0	0	0	0	0	0	0	0	0	20210901
005801FF0001181001A460313B38E028	0	0	0	0	0	0	0	0	0	0	0	0	20210901
005801FF0001181001A460313B3916E0	1	0	0	0	0	0	0	0	1	0	1	1	20210901
005801FF0001181001A460313B39368E	0	0	0	0	0	0	0	0	0	0	0	0	20210901
005801FF0001181001A960313BBA94A9	0	0	0	0	0	0	0	0	0	0	0	0	20210901
005801FF0001181001A960313BBB0A19	1	0	0	0	0	0	0	0	0	0	0	0	20210901
005801FF0001181001A960313BBB79C1	0	0	0	0	0	0	0	0	0	0	0	0	20210901
005801FF0001181001AC54C57A16D42B	0	0	0	0	0	0	0	0	0	0	0	0	20210901
005801FF0001181001AC54C57A2005DD	0	0	0	0	0	0	0	0	0	0	0	0	20210901
005801FF0001181001AC54C57A20398D	0	0	0	0	0	0	0	0	0	0	0	0	20210901
005801FF0001181001AC54C57A2058B1	0	0	0	0	0	0	0	0	0	0	0	0	20210901
005801FF0001181001AC54C57A20AE77	0	0	0	0	0	0	0	0	0	0	0	0	20210901
005801FF0001181001F608A5C842B1AC	0	0	0	0	0	0	0	0	0	0	0	0	20210901
005801FF0001181001FB08A5C8B2AB6A	0	0	0	0	0	0	0	0	0	0	0	0	20210901
005801FF0001181003A460313B336D01	0	0	0	0	0	0	0	0	0	0	0	0	20210901
005801FF0001181003A460313B33D753	0	0	0	0	0	0	0	0	0	0	0	0	20210901
005801FF0001181003A460313B33E805	0	0	0	0	0	0	0	0	0	0	0	0	20210901
005801FF0001181003A460313B34C365	0	0	0	0	0	0	0	0	0	0	0	0	20210901
005801FF0001181003A460313B34DF53	0	0	0	0	0	0	0	0	0	0	0	0	20210901
005801FF0001181003A460313B34F24B	0	0	0	0	0	0	0	0	0	0	0	0	20210901
005801FF0001181003A460313B35D795	0	0	0	0	0	0	0	0	0	0	0	0	20210901
005801FF003182A003EB08A5C810BCC0	0	0	0	0	0	0	0	0	0	0	0	0	20210901
005801FF003182A003EB08A5C810EF19	0	0	0	0	0	0	0	0	0	0	0	0	20210901
005801FF003182B001F408A5C82BD3F7	0	0	0	0	0	0	0	0	0	0	0	0	20210901
0058030000036020000188795B4A85BD	0	0	0	0	0	0	0	0	0	0	0	0	20210901
00580300000395500001748F1B974849	0	0	0	0	0	0	0	0	0	0	0	0	20210901
00580300001968000219D45800474F87	0	0	0	0	0	0	0	0	0	0	0	0	20210901
00580300001968000219D4580047B8BD	0	0	0	0	0	0	0	0	0	0	0	0	20210901
0058030000196800102010DC4AFE3E1D	0	0	0	0	0	0	0	0	0	0	0	0	20210901
005803FF00010040190158B42DCD1B43	0	0	0	0	0	0	0	0	0	0	0	0	20210901
005803FF00010040190158B42DCD21F2	0	0	0	0	0	0	0	0	0	0	0	0	20210901
005803FF00010040190158B42DCD22E8	0	0	0	0	0	0	0	0	0	0	0	0	20210901
005803FF00010040190158B42DCE45D6	0	0	0	0	0	0	0	0	0	0	0	0	20210901
005803FF00010040190158B42DCE466C	0	0	0	0	0	0	0	0	0	0	0	0	20210901
005803FF0002288000018CBA25244E74	0	0	0	0	0	0	0	0	0	0	0	0	20210901
005803FF000228800003F4D9C637DF9A	0	0	0	0	0	0	0	0	0	0	0	0	20210901
005803FF000290300001F4D9C67C992A	0	0	0	0	0	0	0	0	0	0	0	0	20210901
005803FF000321600002F4D9C6F2C746	0	0	0	0	0	0	0	0	0	0	0	0	20210901
005803FF0003230000013C0CDB39A3F7	0	0	0	0	0	0	0	0	0	0	0	0	20210901
005803FF0003230000043C0CDBA5F9F6	0	0	0	0	0	0	0	0	0	0	0	0	20210901
005803FF000323000012F09CD734F49E	0	0	0	0	0	0	0	0	0	0	0	0	20210901
005803FF000323100003A8BD3A92D8AB	0	0	0	0	0	0	0	0	0	0	1	0	20210901
005803FF000323100003A8BD3A92E110	0	0	0	0	0	0	0	0	0	0	0	0	20210901
005803FF000323100003A8BD3A930B58	0	0	0	0	0	0	0	0	0	0	0	0	20210901
005803FF000323100003A8BD3A930D11	0	0	0	0	0	0	0	0	0	0	0	0	20210901
005803FF000323100006A8BD3A9FC04E	0	0	0	0	0	0	0	0	0	0	0	0	20210901
005803FF0003231000143C0CDB5D2AF9	0	0	0	0	0	0	0	0	0	0	0	0	20210901
005803FF0003231000153C0CDB6146AF	0	0	0	0	0	0	0	0	0	0	0	0	20210901
005803FF0003231000153C0CDB614E2D	0	0	0	0	0	0	0	0	0	0	0	0	20210901
005803FF0003231000153C0CDB6168C6	0	0	0	0	0	0	0	0	0	0	0	0	20210901
005803FF0003231000213C0CDBAC1434	0	0	0	0	0	0	0	0	0	0	0	0	20210901
005803FF0003231000213C0CDBAC38F6	0	0	0	0	0	0	0	0	0	0	0	0	20210901
005803FF0003231000213C0CDBAC3A37	0	0	0	0	0	0	0	0	0	0	0	0	20210901
005803FF0003231000213C0CDBAC3EFB	0	0	0	0	0	0	0	0	0	0	0	0	20210901
005803FF0003231000223C0CDBB22BA2	0	0	0	0	0	0	0	0	0	0	0	0	20210901
005803FF0015893000008421F148BF00	0	0	0	0	0	0	0	0	0	0	0	0	20210901
005803FF0015893000008421F191E6AC	0	0	0	0	0	0	0	0	0	0	0	0	20210901
005803FF00158930163650016B3DB902	0	0	0	0	0	0	0	0	0	0	0	0	20210901
005803FF0015910000007CC385DB2E8C	0	0	0	0	0	0	0	0	0	0	0	0	20210901
005803FF0015910000007CC385DC55C1	0	0	0	0	0	0	0	0	0	0	0	0	20210901
005803FF001591001848CCBBFE2C810C	0	0	0	0	0	0	0	0	0	0	0	0	20210901
005803FF001591001848CCBBFE2C9C54	0	0	0	0	0	0	0	0	0	0	0	0	20210901
005803FF001591001848CCBBFE2C9E55	0	0	0	0	0	0	0	0	0	0	0	0	20210901
005803FF0015910018517CC385DACE82	0	0	0	0	0	0	0	0	0	0	0	0	20210901
005803FF00159100193244004D643ABB	0	0	0	0	0	0	0	0	0	0	0	0	20210901
005803FF001824600004A8BD3A7054F1	0	0	0	0	0	0	0	0	0	0	0	0	20210901
005803FF001824600004A8BD3A705CC0	0	0	0	0	0	0	0	0	0	0	0	0	20210901
005803FF001824600005A8BD3A72A59F	0	0	0	0	0	0	0	0	0	0	0	0	20210901
005803FF001824600007A8BD3A76795D	0	0	0	0	0	0	0	0	0	0	0	0	20210901
005803FF001824600007A8BD3A76833A	0	0	0	0	0	0	0	0	0	0	0	0	20210901
005803FF0018246000103C0CDB235022	0	0	0	0	0	0	0	0	0	0	0	0	20210901
005803FF001827800002748F1B1A2AA4	0	0	0	0	0	0	0	0	0	0	0	0	20210901
005803FF001827800002748F1B1A2DF0	0	0	0	0	0	0	0	0	0	0	0	0	20210901
005803FF001827800003748F1B1BE2DE	0	0	0	0	0	0	0	0	0	0	0	0	20210901
005803FF001827800003748F1B1C11EE	0	0	0	0	0	0	0	0	0	0	0	0	20210901
005803FF00182850000164E0AB7A1F06	0	0	0	0	0	0	0	0	0	0	0	0	20210901
005803FF00182850000164E0AB7A20E8	0	0	0	0	0	0	0	0	0	0	0	0	20210901
005803FF00182850000264E0AB8B4456	0	0	0	0	0	0	0	0	0	0	0	0	20210901
005803FF00182850000264E0AB8B4A87	0	0	0	0	0	0	0	0	0	0	0	0	20210901
005803FF00182850000264E0AB8B698E	0	0	0	0	0	0	0	0	0	0	0	0	20210901
005803FF00182850000264E0AB8B6DF4	0	0	0	0	0	0	0	0	0	0	0	0	20210901
005803FF00182850000264E0AB8B6F5B	0	0	0	0	0	0	0	0	0	0	1	0	20210901
005803FF00182850000264E0AB8B728F	0	0	0	0	0	0	0	0	0	0	1	0	20210901
005803FF00182850000264E0AB8B7420	0	0	0	0	0	0	0	0	0	0	0	0	20210901
005803FF00182850000264E0AB8B7833	0	0	0	0	0	0	0	0	0	0	0	0	20210901
005803FF00182850000264E0AB8B78CB	0	0	0	0	0	0	0	0	0	0	0	0	20210901
005803FF00182850000264E0AB8B7987	1	0	0	0	0	0	0	0	0	0	0	0	20210901
005803FF00182850000264E0AB8B7EEA	0	0	0	0	0	0	0	0	0	0	0	0	20210901
005803FF00182850000364E0AB8DCF72	0	0	0	0	0	0	0	0	0	0	0	0	20210901
005803FF00182850000364E0AB8DD08D	0	0	0	0	0	0	0	0	0	0	0	0	20210901
005803FF00182850000364E0AB8DD55E	0	0	0	0	0	0	0	0	0	0	0	0	20210901
005803FF00182850000364E0AB8DDA0A	0	0	0	0	0	0	0	0	0	0	0	0	20210901
005803FF00182850000464E0AB94B2A5	0	0	0	0	0	0	0	0	0	0	1	0	20210901
005803FF00182850000464E0AB94B3FC	0	0	0	0	0	0	0	0	0	0	0	0	20210901
005803FF00182850000464E0AB94D47D	0	0	0	0	0	0	0	0	0	0	0	0	20210901
005803FF00182850000464E0AB94D75A	0	0	0	0	0	0	0	0	0	0	0	0	20210901
005803FF00182920000164E0ABC3A08B	0	0	0	0	0	0	0	0	0	0	0	0	20210901
005803FF00182920000164E0ABC3B62F	0	0	0	0	0	0	0	0	0	0	0	0	20210901
005803FF00182920000164E0ABC3C63F	0	0	0	0	0	0	0	0	0	0	0	0	20210901
005803FF00182920000164E0ABC3C652	0	0	0	0	0	0	0	0	0	0	0	0	20210901
005803FF00182920000164E0ABC3C7F0	0	0	0	0	0	0	0	0	0	0	0	0	20210901
005803FF00182920000264E0ABCF657A	0	0	0	0	0	0	0	0	0	0	0	0	20210901
005803FF00182920000264E0ABCF674A	1	0	0	0	0	0	0	0	0	0	0	0	20210901
005803FF00182920000264E0ABCF6C40	0	0	0	0	0	0	0	0	0	0	0	0	20210901
005803FF00182920000264E0ABCF8262	0	0	0	0	0	0	0	0	0	0	0	0	20210901
005803FF00182920000264E0ABCF9BB0	0	0	0	0	0	0	0	0	0	0	0	0	20210901
005803FF0018979000018CBA25860371	0	0	0	0	0	0	0	0	0	0	0	0	20210901
005803FF00189790000464E0AB1BBCFC	0	0	0	0	0	0	0	0	0	0	0	0	20210901
005803FF00189790000664E0AB1F0E15	0	0	0	0	0	0	0	0	0	0	0	0	20210901
005803FF00189790000664E0AB1F2640	0	0	0	0	0	0	0	0	0	0	0	0	20210901
005803FF00189850000164E0AB8C560D	1	0	0	0	0	0	0	0	0	0	0	0	20210901
005803FF00189850000164E0AB8C65FC	0	0	0	0	0	0	0	0	0	0	0	0	20210901
005803FF00189850000164E0AB8C66D3	0	0	0	0	0	0	0	0	0	0	0	0	20210901
005803FF00189850000164E0AB8C688E	0	0	0	0	0	0	0	0	0	0	0	0	20210901
005803FF00189850000164E0AB8C831D	0	0	0	0	0	0	0	0	0	0	0	0	20210901
005803FF00189850000164E0AB8C9462	0	0	0	0	0	0	0	0	0	0	0	0	20210901
005803FF00189850000164E0AB8C95CC	0	0	0	0	0	0	0	0	0	0	0	0	20210901
005803FF00189850000164E0AB8C9DE7	0	0	0	0	0	0	0	0	0	0	0	0	20210901
005803FF00189920000164E0ABD509A6	0	0	0	0	0	0	0	0	0	0	0	0	20210901
005803FF00189920000164E0ABD51560	0	0	0	0	0	0	0	0	0	0	0	0	20210901
005803FF00189920000164E0ABD5198F	0	0	0	0	0	0	0	0	0	0	0	0	20210901
005803FF00189920000164E0ABD525DE	0	0	0	0	0	0	0	0	0	0	0	0	20210901
005803FF00189920000164E0ABD52855	0	0	0	0	0	0	0	0	0	0	0	0	20210901
005803FF00189920000264E0ABD94053	0	0	0	0	0	0	0	0	0	0	0	0	20210901
005803FF00189920000264E0ABD94079	0	0	0	0	0	0	0	0	0	0	0	0	20210901
005803FF00189920000364E0ABDE02B9	0	0	1	0	0	0	0	0	0	0	0	0	20210901
005803FF00189920000364E0ABDE043A	0	0	0	0	0	0	0	0	0	0	0	0	20210901
005803FF00189920000364E0ABDE0FAF	0	0	0	0	0	0	0	0	0	0	0	0	20210901
005803FF00189920000364E0ABDE102B	0	0	0	0	0	0	0	0	0	0	0	0	20210901
005803FF00189920000364E0ABDE11A3	0	0	0	0	0	0	0	0	0	0	0	0	20210901
005803FF00189920000364E0ABDE149D	0	0	0	0	0	0	0	0	0	0	0	0	20210901
005803FF002890600000AC4AFED49BEC	0	0	0	0	0	0	0	0	0	0	0	0	20210901
0C5803FF004735900000D4C1C8A30DAD	0	0	0	0	0	0	0	0	0	0	0	0	20210901
4B5803FF004735900000E8ACAD938697	0	0	0	0	0	0	0	0	0	0	0	0	20210901
665803FF004735900000D4C1C8AC0352	0	0	0	0	0	0	0	0	0	0	0	0	20210901
6A5803FF004735900000E8ACADE224C3	0	0	0	0	0	0	0	0	0	0	0	0	20210901
7B5803FF004735900000D4C1C8AC3892	0	0	0	0	0	0	0	0	0	0	0	0	20210901
A65803FF004735900000E8ACAD93B295	0	0	0	0	0	0	0	0	0	0	0	0	20210901
D45803FF004735900000E8ACADE23648	0	0	0	0	0	0	0	0	0	0	0	0	20210901
E45803FF004735900000D4C1C8A294AE	0	0	0	0	0	0	0	0	0	0	0	0	20210901
005801FF0001005006D400692D3D9D36	0	0	0	0	0	0	0	0	0	0	0	0	20210901
005801FF0001005006D400692D3D9DA4	0	0	0	0	0	0	0	0	0	0	0	0	20210901
005801FF0001005006D400692D3D9F73	0	0	0	0	0	0	0	0	0	0	0	0	20210901
005801FF0001005006D400692D3DA6C6	0	0	0	0	0	0	0	0	0	0	0	0	20210901
005801FF0001005006D400692D3DBF20	0	0	0	0	0	0	0	0	0	0	0	0	20210901
005801FF00010050F6E52C43BE5CA413	0	0	0	0	0	0	0	0	0	0	0	0	20210901
005801FF00010050F6E52C43BE5CA6F0	0	0	0	0	0	0	0	0	0	0	0	0	20210901
005801FF00010050F6E52C43BE5CCA1A	0	1	0	0	0	0	0	0	0	0	0	0	20210901
005801FF0001007005B860D21C304B62	0	0	0	0	0	0	0	0	0	0	0	0	20210901
005801FF0001007005B860D21C305488	0	0	0	0	0	0	0	0	0	0	0	0	20210901
005801FF0001007005B860D21C305BC5	0	0	0	0	0	0	0	0	0	0	0	0	20210901
005801FF0001007005B860D21C307B3B	0	0	0	0	0	0	0	0	0	0	0	0	20210901
005801FF0001007005B860D21C309B95	0	0	0	0	0	0	0	0	0	0	0	0	20210901
005801FF0001007005BA60D21C626ED9	0	0	0	0	0	0	0	0	0	0	0	0	20210901
005801FF0001007005BA60D21C627960	0	0	0	0	0	0	0	0	0	0	0	0	20210901
005801FF0001007005C360D21CA7CFC6	0	0	0	0	0	0	0	0	0	0	0	0	20210901
005801FF0001007005C360D21CA853A6	0	0	0	0	0	0	0	0	0	0	0	0	20210901
005801FF0001007005C360D21CA862B0	0	0	0	0	0	0	0	0	0	0	0	0	20210901
005801FF0001007005C360D21CA863B7	0	0	0	0	0	0	0	0	0	0	0	0	20210901
005801FF0001007005C360D21CA8644F	0	0	0	0	0	0	0	0	0	0	0	0	20210901
005801FF0001007005C360D21CA87C6F	0	0	0	0	0	0	0	0	0	0	0	0	20210901
005801FF0001007005C360D21CA886A0	0	0	0	0	0	0	0	0	0	0	0	0	20210901
005801FF0001007005C360D21CA8B56B	0	0	0	0	0	0	0	0	0	0	0	0	20210901
005801FF0001007006B860D21C3DCFC7	0	0	0	0	0	0	0	0	0	0	0	0	20210901
005801FF0001007006B960D21C49CEDA	0	0	0	0	0	0	0	0	0	0	0	0	20210901
005801FF0001007006B960D21C49E2B3	0	0	0	0	0	0	0	0	0	0	0	0	20210901
005801FF0001007006B960D21C49F65C	0	0	0	0	0	0	0	0	0	0	0	0	20210901
005801FF0001007006B960D21C4A1F9E	0	0	0	0	0	0	0	0	0	0	0	0	20210901
005801FF0001007006B960D21C4A3412	0	0	0	0	0	0	0	0	0	0	0	0	20210901
005801FF0001007006B960D21C4A72A6	0	0	0	0	0	0	0	0	0	0	0	0	20210901
005801FF0001007006BA60D21C612FAA	0	0	0	0	0	0	0	0	0	0	1	0	20210901
005801FF0001007006BA60D21C650442	0	0	0	0	0	0	0	0	0	0	0	0	20210901
005801FF0001007006BA60D21C652053	0	0	0	0	0	0	0	0	0	0	0	0	20210901
005801FF0001061005B454C57AB23532	0	0	0	0	0	0	0	0	0	0	0	0	20210901
005801FF0001061005B454C57AB27235	0	0	0	0	0	0	0	0	0	0	0	0	20210901
005801FF0001061005B454C57AB2B712	0	0	0	0	0	0	0	0	0	0	0	0	20210901
005801FF0001061005B454C57AB2C831	1	0	0	0	0	0	0	0	0	0	0	0	20210901
005801FF0001090001C360D21CACA522	0	0	0	0	0	0	0	0	0	0	0	0	20210901
005801FF0001090001C360D21CACA8F2	0	0	0	0	0	0	0	0	0	0	0	0	20210901
005801FF0001090001C360D21CACC4EA	0	0	0	0	0	0	0	0	0	0	0	0	20210901
005801FF0001090001C360D21CACCAC4	0	0	0	0	0	0	0	0	0	0	0	0	20210901
005801FF0001090001C360D21CACD8A4	0	0	0	0	0	0	0	0	0	0	0	0	20210901
005801FF0001090001C360D21CACDE02	0	0	0	0	0	0	0	0	0	0	0	0	20210901
005801FF0001090001C360D21CACDFD4	0	0	0	0	0	0	0	0	0	0	0	0	20210901
005801FF0001090001C360D21CACFC2E	0	0	0	0	0	0	0	0	0	0	0	0	20210901
005801FF0001090001C360D21CAD0366	0	0	0	0	0	0	0	0	0	0	0	0	20210901
005801FF0001090003C360D21CAD4040	0	0	0	0	0	0	0	0	0	0	0	0	20210901
005801FF0001090005C360D21CAD9527	0	0	0	0	0	0	0	0	0	0	0	0	20210901
005801FF0001090005C860D21CCFFC5E	0	0	0	0	0	0	0	0	0	0	0	0	20210901
005801FF0001101001F408A5C8319076	0	0	0	0	0	0	0	0	0	0	0	0	20210901
005801FF0001181001A208A5C8EA2A8B	0	0	0	0	0	0	0	0	0	0	0	0	20210901
005801FF0001181001A208A5C8EA43E3	0	0	0	0	0	0	0	0	0	0	0	0	20210901
005801FF0001181001A460313B3A84EE	0	0	0	0	0	0	0	0	0	0	0	0	20210901
005801FF0001181001A960313BBB3BD5	0	0	0	0	0	0	0	0	0	0	0	0	20210901
005801FF0001181001AC54C57A200635	0	0	0	0	0	0	0	0	0	0	0	0	20210901
005801FF0001181001AC54C57A200D59	0	0	0	0	0	0	0	0	0	0	0	0	20210901
005801FF0001181001AC54C57A200F27	0	0	0	0	0	0	0	0	0	0	1	0	20210901
005801FF0001181001FB08A5C8B21B7A	0	0	0	0	0	0	0	0	0	0	0	0	20210901
005801FF0001181001FB08A5C8B2408C	0	0	0	0	0	0	0	0	0	0	0	0	20210901
005801FF0001181001FB08A5C8B291D2	0	0	0	0	0	0	0	0	0	0	0	0	20210901
005801FF0001181003A460313B3397F1	0	0	0	0	0	0	0	0	0	0	0	0	20210901
005801FF0001181003A460313B348BAB	0	0	0	0	0	0	0	0	0	0	0	0	20210901
005801FF0001181003A460313B34F9A9	0	0	0	0	0	0	0	0	0	0	0	0	20210901
005801FF003182B001F408A5C82B9C73	0	0	0	0	0	0	0	0	0	0	0	0	20210901
005801FF003182B001F408A5C82BEF07	0	0	0	0	0	0	0	0	0	0	0	0	20210901
005801FF003182B001F408A5C82C2151	0	0	0	0	0	0	0	0	0	0	0	0	20210901
0058030000036020000188795B4A8346	0	0	0	0	0	0	0	0	0	0	0	0	20210901
00580300000393000002748F1B8EB653	0	0	0	0	0	0	0	0	0	0	0	0	20210901
00580300000393000002748F1B8EB69B	0	0	0	0	0	0	0	0	0	0	0	0	20210901
00580300000395500001748F1B882E75	0	0	0	0	0	0	0	0	0	0	0	0	20210901
00580300001968000119C8F6C8B886E6	0	0	0	0	0	0	0	0	0	0	0	0	20210901
00580300001968000219D4580046952D	0	0	0	0	0	0	0	0	0	0	0	0	20210901
00580300001968001218A419089BA764	0	0	0	0	0	0	0	0	0	0	0	0	20210901
00580300001968001218A419089BA998	0	0	0	0	0	0	0	0	0	0	0	0	20210901
00580300001968001218A419089C357B	0	0	0	0	0	0	0	0	0	0	0	0	20210901
00580300001968001218A419089C48EC	0	0	0	0	0	0	0	0	0	0	0	0	20210901
005803FF00010040190158B42DCC7642	0	0	0	0	0	0	0	0	0	0	0	0	20210901
005803FF00010040190158B42DCC76DC	0	0	0	0	0	0	0	0	0	0	0	0	20210901
005803FF00010040190158B42DCD193C	0	0	0	0	0	0	0	0	0	0	0	0	20210901
005803FF00010040190158B42DCD1B12	0	0	0	0	0	0	0	0	0	0	0	0	20210901
005803FF00010040190158B42DCD1FB6	0	0	0	0	0	0	0	0	0	0	0	0	20210901
005803FF00010040190158B42DCD2FB1	0	0	0	0	0	0	0	0	0	0	0	0	20210901
005803FF00010040190158B42DCD321A	0	0	0	0	0	0	0	0	0	0	0	0	20210901
005803FF00010040190158B42DCD3CD9	0	0	0	0	0	0	0	0	0	0	0	0	20210901
005803FF0002288000018CBA25244E2D	0	0	0	0	0	0	0	0	0	0	0	0	20210901
005803FF000228800003F4D9C637E0E0	0	0	0	0	0	0	0	0	0	0	1	0	20210901
005803FF0003230000043C0CDBA5F9D6	0	0	0	0	0	0	0	0	0	0	0	0	20210901
005803FF000323000011F09CD734796B	0	0	0	0	0	0	0	0	0	0	0	0	20210901
005803FF000323000011F09CD7347A0A	0	0	0	0	0	0	0	0	0	0	0	0	20210901
005803FF000323000012F09CD734F7BC	0	0	0	0	0	0	0	0	0	0	0	0	20210901
005803FF000323000013F09CD74826A5	0	0	0	0	0	0	0	0	0	0	0	0	20210901
005803FF000323000014F09CD72A66EE	0	0	0	0	0	0	0	0	0	0	0	0	20210901
005803FF000323000014F09CD72A7DE0	0	0	0	0	0	0	0	0	0	0	0	0	20210901
005803FF000323100002A8BD3A7F8A2F	0	0	0	0	0	0	0	0	0	0	0	0	20210901
005803FF000323100003A8BD3A92E176	0	0	0	0	0	0	0	0	0	0	0	0	20210901
005803FF000323100003A8BD3A92E359	0	0	0	0	0	0	0	0	0	0	0	0	20210901
005803FF000323100003A8BD3A930CF5	0	0	0	0	0	0	0	0	0	0	0	0	20210901
005803FF000323100005A8BD3A9BEBDC	0	0	0	0	0	0	0	0	0	0	0	0	20210901
005803FF0003231000093C0CDB25FED4	0	0	0	0	0	0	0	0	0	0	0	0	20210901
005803FF0003231000153C0CDB615046	0	0	0	0	0	0	0	0	0	0	0	0	20210901
005803FF0003231000153C0CDB6168AA	0	0	0	0	0	0	0	0	0	0	0	0	20210901
005803FF0003231000153C0CDB616B7A	0	0	0	0	0	0	0	0	0	0	0	0	20210901
005803FF0003231000153C0CDB616C95	0	0	0	0	0	0	0	0	0	0	0	0	20210901
005803FF0003231000193C0CDB8D531C	0	0	0	0	0	0	0	0	0	0	0	0	20210901
005803FF0003231000203C0CDBA7BC4B	0	0	0	0	0	0	0	0	0	0	0	0	20210901
005803FF0003231000213C0CDBAC350F	0	0	0	0	0	0	0	0	0	0	0	0	20210901
005803FF0003231000223C0CDBB24542	0	0	0	0	0	0	0	0	0	0	0	0	20210901
005803FF0003231000243C0CDBB5EFF4	0	0	0	0	0	0	0	0	0	0	0	0	20210901
005803FF00036020000188795B4A7E55	0	0	0	0	0	0	0	0	0	0	1	0	20210901
005803FF00036020000188795B4AE72D	0	0	0	0	0	0	0	0	0	0	0	0	20210901
005803FF00036020000188795B4AFA81	0	0	0	0	0	0	0	0	0	0	0	0	20210901
005803FF0015893000008421F1AC5BB2	0	0	0	0	0	0	0	0	0	0	0	0	20210901
005803FF00158930163650016B3DB7B8	0	0	0	0	0	0	0	0	0	0	0	0	20210901
005803FF00158930163650016B3DB80E	0	0	0	0	0	0	0	0	0	0	0	0	20210901
005803FF00158930163650016B3DBAB2	0	0	0	0	0	0	0	0	0	0	0	0	20210901
005803FF0015893017038421F1222606	0	0	0	0	0	0	0	0	0	0	0	0	20210901
005803FF0015893017118421F16FD2CC	0	0	0	0	0	0	0	0	0	0	0	0	20210901
005803FF0015893017118421F16FE21A	0	0	0	0	0	0	0	0	0	0	0	0	20210901
005803FF0015893017118421F175841A	0	0	0	0	0	0	0	0	0	0	0	0	20210901
005803FF0015893017138421F18C18EE	0	0	0	0	0	0	0	0	0	0	0	0	20210901
005803FF00159100000018CF24669546	0	0	0	0	0	0	0	0	0	0	0	0	20210901
005803FF00159100000018CF2466AD92	0	0	0	0	0	0	0	0	0	0	1	0	20210901
005803FF00159100000018CF2466AE13	0	0	0	0	0	0	0	0	0	0	0	0	20210901
005803FF0015910000007CC385DC3E9F	0	0	0	0	0	0	0	0	0	0	0	0	20210901
005803FF001591001848CCBBFE2C8A48	0	0	0	0	0	0	0	0	0	0	0	0	20210901
005803FF001591001848CCBBFE2CA938	0	0	0	0	0	0	0	0	0	0	0	0	20210901
005803FF0015910019381C20DBF37A1C	0	0	0	0	0	0	0	0	0	0	0	0	20210901
005803FF001824600001A8BD3A596248	0	0	0	0	0	0	0	0	0	0	0	0	20210901
005803FF001824600003A8BD3A5D5233	0	0	0	0	0	0	0	0	0	0	0	0	20210901
005803FF001824600003A8BD3A5D6672	0	0	0	0	0	0	0	0	0	0	0	0	20210901
005803FF001824600007A8BD3A765AC6	0	0	0	0	0	0	0	0	0	0	0	0	20210901
005803FF001824600007A8BD3A767404	0	0	0	0	0	0	0	0	0	0	0	0	20210901
005803FF001824600007A8BD3A767F74	0	0	0	0	0	0	0	0	0	0	0	0	20210901
005803FF001824600007A8BD3A76855E	0	0	0	0	0	0	0	0	0	0	0	0	20210901
005803FF001827800001748F1B177E3D	0	0	0	0	0	0	0	0	0	0	0	0	20210901
005803FF001827800001748F1B178EC6	0	0	0	0	0	0	0	0	0	0	0	0	20210901
005803FF001827800002748F1B19FD27	0	0	0	0	0	0	0	0	0	0	0	0	20210901
005803FF001827800002748F1B1A2476	0	0	0	0	0	0	0	0	0	0	0	0	20210901
005803FF001827800002748F1B1A247A	0	0	0	0	0	0	0	0	0	0	0	0	20210901
005803FF001827800002748F1B1A2EDF	0	0	0	0	0	0	0	0	0	0	0	0	20210901
005803FF001827800002748F1B1A305D	0	0	0	0	0	0	0	0	0	0	0	0	20210901
005803FF001827800003748F1B1BE485	0	0	0	0	0	0	0	0	0	0	0	0	20210901
005803FF001827800003748F1B1BEE37	0	0	0	0	0	0	0	0	0	0	0	0	20210901
005803FF001827800003748F1B1BEE42	0	1	0	0	0	0	0	0	0	0	0	0	20210901
005803FF00182790000164E0AB108F16	0	0	0	0	0	0	0	0	0	0	0	0	20210901
005803FF00182850000164E0AB7A1E81	0	0	0	0	0	0	0	0	0	0	0	0	20210901
005803FF00182850000164E0AB7A364F	0	0	0	0	0	0	0	0	0	0	0	0	20210901
005803FF00182850000164E0AB7A43BD	0	0	0	0	0	0	0	0	0	0	0	0	20210901
005803FF00182850000164E0AB7A5029	0	0	0	0	0	0	0	0	0	0	0	0	20210901
005803FF00182850000164E0AB7A50F2	0	0	0	0	0	0	0	0	0	0	0	0	20210901
005803FF00182850000164E0AB7A5177	0	0	0	0	0	0	0	0	0	0	0	0	20210901
005803FF00182850000164E0AB7A689E	0	0	0	0	0	0	0	0	0	0	0	0	20210901
005803FF00182850000264E0AB8B4347	0	0	0	0	0	0	0	0	0	0	0	0	20210901
005803FF00182850000264E0AB8B4824	0	0	0	0	0	0	0	0	0	0	0	0	20210901
005803FF00182850000264E0AB8B550E	0	0	0	0	0	0	0	0	0	0	0	0	20210901
005803FF00182850000264E0AB8B5A1D	0	0	0	0	0	0	0	0	0	0	0	0	20210901
005803FF00182850000264E0AB8B66E1	0	0	0	0	0	0	0	0	0	0	0	0	20210901
005803FF00182850000264E0AB8B6A25	0	0	0	0	0	0	0	0	0	0	0	0	20210901
005803FF00182850000264E0AB8B6D4F	1	1	0	0	0	0	0	0	0	0	0	0	20210901
005803FF00182850000264E0AB8B6EBA	0	0	0	0	0	0	0	0	0	0	0	0	20210901
005803FF00182850000264E0AB8B7251	0	0	0	0	0	0	0	0	0	0	0	0	20210901
005803FF00182850000264E0AB8B79D4	0	0	0	0	0	0	0	0	0	0	0	0	20210901
005803FF00182850000264E0AB8B7FC5	0	1	0	0	1	0	0	0	0	0	0	0	20210901
005803FF00182850000364E0AB8DB172	0	1	0	0	0	0	0	0	0	0	1	0	20210901
005803FF00182850000364E0AB8DCE8F	0	0	0	0	0	0	0	0	0	0	0	0	20210901
005803FF00182850000364E0AB8DD097	1	1	0	0	0	0	0	0	0	0	0	0	20210901
005803FF00182850000364E0AB8DDA07	0	0	0	0	0	0	0	0	0	0	0	0	20210901
005803FF00182850000364E0AB8DDAB6	0	0	0	0	0	0	0	0	0	0	0	0	20210901
005803FF00182850000464E0AB94B3F7	0	0	0	0	0	0	0	0	0	0	0	0	20210901
005803FF00182850000464E0AB94CEB4	0	0	0	0	0	0	0	0	0	0	0	0	20210901
005803FF00182850000464E0AB94E8EC	0	0	0	0	0	0	0	0	0	0	0	0	20210901
005803FF00182920000164E0ABC39EDD	0	0	0	0	0	0	0	0	0	0	0	0	20210901
005803FF00182920000164E0ABC3A001	0	0	0	0	0	0	0	0	0	0	0	0	20210901
005803FF00182920000164E0ABC3C6CD	0	1	0	0	0	0	0	0	0	0	1	0	20210901
005803FF00182920000164E0ABC3C735	0	0	0	0	0	0	0	0	0	0	0	0	20210901
005803FF00182920000164E0ABC3C784	1	0	0	0	0	0	0	0	0	0	0	0	20210901
005803FF00182920000164E0ABC3C7F1	0	0	0	0	0	0	0	0	0	0	0	0	20210901
005803FF00182920000264E0ABCF5E50	0	0	0	0	0	0	0	0	0	0	0	0	20210901
005803FF00182920000264E0ABCF5E54	0	1	0	0	0	0	0	0	0	0	0	0	20210901
005803FF00182920000264E0ABCF652D	0	0	0	0	0	0	0	0	0	0	0	0	20210901
005803FF00182920000264E0ABCF755B	0	0	0	0	0	0	0	0	0	0	0	0	20210901
005803FF00182920000264E0ABCF78A5	0	0	0	0	0	0	0	0	0	0	0	0	20210901
005803FF00182920000264E0ABCF84A6	0	0	0	0	0	0	0	0	0	0	0	0	20210901
005803FF00182920000264E0ABCF9967	0	0	0	0	0	0	1	0	0	0	0	0	20210901
005803FF00189790000464E0AB1BA322	0	0	0	0	0	0	0	0	0	0	0	0	20210901
005803FF00189790000664E0AB1F0AF0	0	0	0	0	0	0	0	0	0	0	0	0	20210901
005803FF00189790000664E0AB1F3595	0	0	0	0	0	0	0	0	0	0	0	0	20210901
005803FF00189850000164E0AB8C532B	0	0	0	0	0	0	0	0	0	0	0	0	20210901
005803FF00189850000164E0AB8C5523	0	0	0	0	0	0	0	0	0	0	0	0	20210901
005803FF00189850000164E0AB8C6647	0	0	0	0	0	0	0	0	0	0	0	0	20210901
005803FF00189850000164E0AB8C666B	0	0	0	0	0	0	0	0	0	0	0	0	20210901
005803FF00189850000164E0AB8C672C	0	0	0	0	0	0	0	0	0	0	0	0	20210901
005803FF00189850000164E0AB8C6E33	0	0	0	0	0	0	0	0	0	0	0	0	20210901
005803FF00189850000164E0AB8C7289	0	0	0	0	0	0	0	0	0	0	0	0	20210901
005803FF00189850000164E0AB8C7776	0	0	0	0	0	0	0	0	0	0	0	0	20210901
005803FF00189850000164E0AB8C7783	0	0	0	0	0	0	0	0	0	0	0	0	20210901
005803FF00189920000164E0ABD4FAB4	0	0	0	0	0	0	0	0	0	0	0	0	20210901
005803FF00189920000164E0ABD4FB6E	0	0	0	0	0	0	0	0	0	0	0	0	20210901
005803FF00189920000164E0ABD4FC9B	1	1	0	0	0	0	0	0	0	0	0	0	20210901
005803FF00189920000164E0ABD4FCB7	0	0	0	0	0	0	0	0	0	0	0	0	20210901
005803FF00189920000164E0ABD4FD62	0	0	0	0	0	0	0	0	0	0	0	0	20210901
005803FF00189920000164E0ABD4FD68	0	0	0	0	0	0	0	0	0	0	0	0	20210901
005803FF00189920000164E0ABD50802	0	0	0	0	0	0	0	0	0	0	0	0	20210901
005803FF00189920000164E0ABD5195D	0	0	0	0	0	0	0	0	0	0	0	0	20210901
005803FF00189920000164E0ABD52795	0	0	0	0	0	0	0	0	0	0	0	0	20210901
005803FF00189920000164E0ABD527C6	0	0	0	0	0	0	0	0	0	0	0	0	20210901
005803FF00189920000164E0ABD528A4	0	0	0	0	0	0	0	0	0	0	0	0	20210901
005803FF00189920000264E0ABD93E78	0	0	0	0	0	0	0	0	0	0	0	0	20210901
005803FF00189920000264E0ABD93EE5	0	0	0	0	0	0	0	0	0	0	0	0	20210901
005803FF00189920000264E0ABD93F12	0	0	0	0	0	0	0	0	0	0	0	0	20210901
005803FF00189920000364E0ABDE02E9	0	0	0	0	0	0	0	0	0	0	0	0	20210901
005803FF00189920000364E0ABDE03B2	0	0	0	0	0	0	0	0	0	0	0	0	20210901
005803FF00189920000364E0ABDE04C5	0	0	0	0	0	0	0	0	0	0	0	0	20210901
005803FF00189920000364E0ABDE054F	0	0	0	0	0	0	0	0	0	0	0	0	20210901
005803FF00189920000364E0ABDE083A	1	0	0	0	0	0	0	0	0	0	0	0	20210901
005803FF00189920000364E0ABDE0F78	0	0	0	0	0	0	0	0	0	0	0	0	20210901
005803FF00189920000364E0ABDE0F9C	0	0	0	0	0	0	0	0	0	0	0	0	20210901
005803FF00189920000364E0ABDE12D9	0	0	0	0	0	0	0	0	0	0	0	0	20210901
005803FF00189920000364E0ABDE1348	0	0	0	0	0	0	0	0	0	0	0	0	20210901
005803FF00189920000364E0ABDE135C	0	0	0	0	0	0	0	0	0	0	0	0	20210901
005803FF002890600000AC4AFED4A942	0	0	0	0	0	0	0	0	0	0	0	0	20210901
275803FF004735900000E8ACADD66609	0	0	0	0	0	0	0	0	0	0	0	0	20210901
305803FF004735900000E8ACADF82E79	0	0	0	0	0	0	0	0	0	0	0	0	20210901
3F5803FF004735900000E8ACADF54034	0	0	0	0	0	0	0	0	0	0	0	0	20210901
425803FF004735900000D4C1C8A3205B	0	0	0	0	0	0	0	0	0	0	0	0	20210901
505803FF004735900000D4C1C8A2CB74	0	0	0	0	0	0	0	0	0	0	0	0	20210901
715803FF004735900000E8ACADD6EBB0	0	0	0	0	0	0	0	0	0	0	0	0	20210901
715803FF004735900000E8ACADE2D985	0	0	0	0	0	0	0	0	0	0	0	0	20210901
955803FF0047359000009C2F4E2787C6	0	0	0	0	0	0	0	0	0	0	0	0	20210901
A65803FF004735100000049573DAC1F8	0	0	0	0	0	0	0	0	0	0	0	0	20210901
B75803FF004735900000585FF687928E	0	0	0	0	0	0	0	0	0	0	0	0	20210901
C35803FF004735900000D4C1C89EA130	1	0	0	0	0	0	0	0	0	0	0	0	20210901
CC5803FF004735900000D4C1C89E8075	0	0	0	0	0	0	0	0	0	0	0	0	20210901
CF5803FF004735900000D4C1C89EB4B9	0	0	0	0	0	0	0	0	0	0	0	0	20210901
DE5803FF004735100000049573DAD994	0	0	0	0	0	0	0	0	0	0	0	0	20210901
E75803FF004735900000E8ACADE232F4	0	0	0	0	0	0	0	0	0	0	0	0	20210901
F05803FF004735900000E8ACAD9617FA	0	0	0	0	0	0	0	0	0	0	0	0	20210901
FF5803FF004735900000E8ACADD6BC82	0	0	0	0	0	0	0	0	0	0	0	0	20210901
005801FF0001005006D400692D3D9CA4	0	0	0	0	0	0	0	0	0	0	0	0	20210901
005801FF0001005006D400692D3DACDC	0	0	0	0	0	0	0	0	0	0	0	0	20210901
005801FF0001005006D400692D3DAD9F	0	0	0	0	0	0	0	0	0	0	0	0	20210901
005801FF0001005006D400692D3DBFC4	0	0	0	0	0	0	0	0	0	0	0	0	20210901
005801FF00010050F6E52C43BE5CA981	0	0	0	0	0	0	0	0	0	0	0	0	20210901
005801FF00010050F6E52C43BE5CAB50	0	0	0	0	0	0	0	0	0	0	0	0	20210901
005801FF00010050F6E52C43BE5CB5A5	0	0	0	0	0	0	0	0	0	0	0	0	20210901
005801FF00010050F6E52C43BE5CC82B	0	0	0	0	0	0	0	0	0	0	0	0	20210901
005801FF00010050F6E52C43BE5CCA40	0	0	0	0	0	0	0	0	0	0	0	0	20210901
005801FF00010050F6E52C43BE5CCAB2	0	0	0	0	0	0	0	0	0	0	0	0	20210901
005801FF00010050F6E52C43BE5CCBBB	0	0	0	0	0	0	0	0	0	0	0	0	20210901
005801FF0001007005B860D21C308D7B	0	0	0	0	0	0	0	0	0	0	0	0	20210901
005801FF0001007005B860D21C309BC6	0	0	0	0	0	0	0	0	0	0	0	0	20210901
005801FF0001007005B860D21C30BBD8	0	1	0	0	0	0	0	0	0	0	0	0	20210901
005801FF0001007005BA60D21C5CEE35	0	0	0	0	0	0	0	0	0	0	0	0	20210901
005801FF0001007005BA60D21C627DA6	0	0	0	0	0	0	0	0	0	0	0	0	20210901
005801FF0001007005BA60D21C6298FD	0	0	0	0	0	0	0	0	0	0	0	0	20210901
005801FF0001007005C360D21CA8931D	0	0	0	0	0	0	0	0	0	0	0	0	20210901
005801FF0001007005C360D21CA89CD2	0	0	0	0	0	0	0	0	0	0	0	0	20210901
005801FF0001007005C360D21CA8AE02	0	0	0	0	0	0	0	0	0	0	0	0	20210901
005801FF0001007006B960D21C4A07B2	0	0	0	0	0	0	0	0	0	0	0	0	20210901
005801FF0001007006B960D21C4A1349	0	0	0	0	0	0	0	0	0	0	0	0	20210901
005801FF0001007006B960D21C4A7482	0	0	0	0	0	0	0	0	0	0	0	0	20210901
005801FF0001007006BA60D21C6110F0	0	0	0	0	0	0	0	0	0	0	0	0	20210901
005801FF0001007006BA60D21C6122AA	0	0	0	0	0	0	0	0	0	0	0	0	20210901
005801FF0001007006BA60D21C6138FC	0	0	0	0	0	0	0	0	0	0	0	0	20210901
005801FF0001007006BA60D21C6139F1	0	0	0	0	0	0	0	0	0	0	0	0	20210901
005801FF0001007006BA60D21C614C85	0	0	0	0	0	0	0	0	0	0	0	0	20210901
005801FF0001061005B454C57AB2155A	0	0	0	0	0	0	0	0	0	0	0	0	20210901
005801FF0001090001C360D21CAC9F62	0	0	0	0	0	0	0	0	0	0	0	0	20210901
005801FF0001090001C360D21CACA71A	0	0	0	0	0	0	0	0	0	0	0	0	20210901
005801FF0001090001C360D21CACB431	0	0	0	0	0	0	0	0	0	0	0	0	20210901
005801FF0001090001C360D21CACC20E	0	0	0	0	0	0	0	0	0	0	0	0	20210901
005801FF0001090001C360D21CACCA66	0	0	0	0	0	0	0	0	0	0	0	0	20210901
005801FF0001090001C360D21CACCCAA	0	0	0	0	0	0	0	0	0	0	0	0	20210901
005801FF0001090001C360D21CACDA20	0	0	0	0	0	0	0	0	0	0	0	0	20210901
005801FF0001090001C360D21CACF0A4	0	0	0	0	0	0	0	0	0	0	0	0	20210901
005801FF0001090001C360D21CAD0138	0	0	0	0	0	0	0	0	0	0	0	0	20210901
005801FF0001090001C360D21CAD023F	0	0	0	0	0	0	0	0	0	0	0	0	20210901
005801FF0001090001C360D21CAD0630	0	0	0	0	0	0	0	0	0	0	0	0	20210901
005801FF0001090005C360D21CAD98AA	0	0	0	0	0	1	0	0	0	0	0	0	20210901
005801FF0001090005C360D21CAD9930	0	0	0	0	0	0	0	0	0	0	0	0	20210901
005801FF0001090005C360D21CAD994A	0	0	0	0	0	0	0	0	0	0	0	0	20210901
005801FF0001090005C360D21CADFD69	0	0	0	0	0	0	0	0	0	0	0	0	20210901
005801FF0001181001A208A5C8EA0B6B	0	0	0	0	0	0	0	0	0	0	0	0	20210901
005801FF0001181001A460313B3A42C2	0	0	0	0	0	0	0	0	0	0	0	0	20210901
005801FF0001181001A460313B3B7742	0	1	0	0	0	0	0	0	0	0	0	0	20210901
005801FF0001181001A960313BB9D42F	0	0	0	0	0	0	0	0	0	0	0	0	20210901
005801FF0001181001A960313BBADB4B	0	0	0	0	0	0	0	0	0	0	0	0	20210901
005801FF0001181001AC54C57A1FFC17	0	0	0	0	0	0	0	0	0	0	0	0	20210901
005801FF0001181001AC54C57A203495	0	0	0	0	0	0	0	0	0	0	0	0	20210901
005801FF0001181001AC54C57A20355D	0	0	0	0	0	0	0	0	0	0	0	0	20210901
005801FF0001181001F608A5C8429DBE	0	0	0	0	0	0	0	0	0	0	0	0	20210901
005801FF0001181001FB08A5C8B21CD0	0	0	0	0	0	0	0	0	0	0	0	0	20210901
005801FF0001181003A460313B332B5F	0	0	0	0	0	0	0	0	0	0	0	0	20210901
005801FF0001181003A460313B33E089	0	0	0	0	0	0	0	0	0	0	0	0	20210901
005801FF0001181003A460313B34AF0D	0	0	0	0	0	0	0	0	0	0	0	0	20210901
005801FF0001181003A460313B34CA63	0	0	0	0	0	0	0	0	0	0	0	0	20210901
005801FF0001181003A460313B35EC91	0	0	0	0	0	0	0	0	0	0	0	0	20210901
005801FF0031082003EA08A5C80B4DE9	0	0	0	0	0	0	0	0	0	0	0	0	20210901
005801FF003182B001F408A5C82BB771	0	0	0	0	0	0	0	0	0	0	0	0	20210901
005801FF003182B001F408A5C82BD9C7	0	0	0	0	0	0	0	0	0	0	0	0	20210901
005801FF003182B001F408A5C82BF451	0	0	0	0	0	0	0	0	0	0	0	0	20210901
005801FF003182B001F408A5C82C1499	0	0	0	0	0	0	0	0	0	0	0	0	20210901
005801FF003182B001F408A5C82CD297	0	0	0	0	0	0	0	0	0	0	0	0	20210901
00580300000393000002748F1B8EA882	0	0	0	0	0	0	0	0	0	0	0	0	20210901
00580300001968000119C8F6C8B87C00	0	0	0	0	0	0	0	0	0	0	0	0	20210901
005803000019680003215CA4A43700AA	0	0	0	0	0	0	0	0	0	0	0	0	20210901
00580300001968001218A419086B7B6D	0	0	0	0	0	0	0	0	0	0	0	0	20210901
00580300001968001218A419089C1A27	0	0	0	0	0	0	0	0	0	0	0	0	20210901
005803FF00010040190158B42DCC2641	0	0	0	0	0	0	0	0	0	0	0	0	20210901
005803FF00010040190158B42DCC4506	0	0	0	0	0	0	0	0	0	0	0	0	20210901
005803FF00010040190158B42DCD19A3	0	0	0	0	0	0	0	0	0	0	0	0	20210901
005803FF00010040190158B42DCD2C8A	1	0	0	0	0	0	0	0	0	0	0	0	20210901
005803FF00010040190158B42DCD2EEB	0	0	0	0	0	0	0	0	0	0	0	0	20210901
005803FF00010040190158B42DCD2FD4	0	0	0	0	0	0	0	0	0	0	0	0	20210901
005803FF00010040190158B42DCE25B6	0	0	0	0	0	0	0	0	0	0	0	0	20210901
005803FF0003230000043C0CDBA60A74	0	0	0	0	0	0	0	0	0	0	0	0	20210901
005803FF000323000012F09CD734F900	0	0	0	0	0	0	0	0	0	0	0	0	20210901
005803FF000323000012F09CD73521DF	0	0	0	0	0	0	0	0	0	0	0	0	20210901
005803FF000323000013F09CD74848D0	0	0	0	0	0	0	0	0	0	0	0	0	20210901
005803FF000323000013F09CD7485CA9	0	0	0	0	0	0	0	0	0	0	0	0	20210901
005803FF000323100003A8BD3A92E413	0	0	0	0	0	0	0	0	0	0	0	0	20210901
005803FF000323100003A8BD3A92EE74	0	0	0	0	0	0	0	0	0	0	0	0	20210901
005803FF000323100007A8BD3AF699A8	0	0	0	0	0	0	0	0	0	0	0	0	20210901
005803FF0003231000093C0CDB25E1B9	0	0	0	0	0	0	0	0	0	0	0	0	20210901
005803FF0003231000113C0CDB4ED85B	0	0	0	0	0	0	0	0	0	0	0	0	20210901
005803FF0003231000133C0CDB57909C	0	0	0	0	0	0	0	0	0	0	0	0	20210901
005803FF0003231000153C0CDB616389	0	0	0	0	0	0	0	0	0	0	0	0	20210901
005803FF0003231000183C0CDB80CF65	0	0	0	0	0	0	0	0	0	0	0	0	20210901
005803FF0003231000183C0CDB80D58D	0	0	0	0	0	0	0	0	0	0	0	0	20210901
005803FF0003231000183C0CDB80DA91	0	0	0	0	0	0	0	0	0	0	0	0	20210901
005803FF0003231000183C0CDB80E4EC	0	0	0	0	0	0	0	0	0	0	0	0	20210901
005803FF0003231000193C0CDB8D4DBA	0	0	0	0	0	0	0	0	0	0	0	0	20210901
005803FF0003231000193C0CDB9E6EC7	0	0	0	0	0	0	0	0	0	0	1	0	20210901
005803FF0003231000213C0CDBAC16E8	0	0	0	0	0	0	0	0	0	0	0	0	20210901
005803FF0003231000213C0CDBAC3525	0	0	0	0	0	0	0	0	0	0	0	0	20210901
005803FF0003231000223C0CDBB22786	0	0	0	0	0	0	0	0	0	0	0	0	20210901
005803FF0003231000223C0CDBB22BEA	0	0	0	0	0	0	0	0	0	0	0	0	20210901
005803FF0003231000223C0CDBB24292	0	0	0	0	0	0	0	0	0	0	0	0	20210901
005803FF0003231000223C0CDBB24A7B	0	0	0	0	0	0	0	0	0	0	0	0	20210901
005803FF0003231000233C0CDBB2DB32	0	0	0	0	0	0	0	0	0	0	0	0	20210901
005803FF0015893000008421F148B384	0	0	0	0	0	0	0	0	0	0	0	0	20210901
005803FF0015893000008421F148B4BC	0	0	0	0	0	0	0	0	0	0	0	0	20210901
005803FF0015893000008421F1AC6CC6	0	0	0	0	0	0	0	0	0	0	0	0	20210901
005803FF0015893000008421F1AC7494	0	0	0	0	0	0	0	0	0	0	0	0	20210901
005803FF00158930163650016B3DC2FA	0	0	0	0	0	0	0	0	0	0	0	0	20210901
005803FF0015893017098421F16108DE	0	0	0	0	0	0	0	0	0	0	0	0	20210901
005803FF0015893017098421F1612580	0	0	0	0	0	0	0	0	0	0	0	0	20210901
005803FF0015893017118421F16FBF40	0	0	0	0	0	0	0	0	0	0	0	0	20210901
005803FF0015893017138421F18BD202	0	0	0	0	0	0	0	0	0	0	0	0	20210901
005803FF00159100000018CF2466A96E	0	0	0	0	0	0	0	0	0	0	0	0	20210901
005803FF0015910000007CC385DAFDB1	0	1	0	0	0	0	1	0	0	0	1	0	20210901
005803FF001591000000CCBBFE34BF3D	0	0	0	0	0	0	0	0	0	0	0	0	20210901
005803FF001591001848CCBBFE2CAF74	0	0	0	0	0	0	0	0	0	0	0	0	20210901
005803FF0015910018517CC385DA3AC5	0	0	0	0	0	0	0	0	0	0	0	0	20210901
005803FF00159100193244004D6483E7	0	0	0	0	0	0	0	0	0	0	0	0	20210901
005803FF001824600001A8BD3A595CB7	0	0	0	0	0	0	0	0	0	0	1	0	20210901
005803FF001824600003A8BD3A5D4C5F	0	0	0	0	0	0	0	0	0	0	0	0	20210901
005803FF001824600003A8BD3A5D6607	0	0	0	0	0	0	0	0	0	0	0	0	20210901
005803FF001824600004A8BD3A705CCD	0	0	0	0	0	0	0	0	0	0	0	0	20210901
005803FF001824600007A8BD3A766FA7	0	0	0	0	0	0	0	0	0	0	0	0	20210901
005803FF001824600007A8BD3A7679B6	0	0	0	0	0	0	0	0	0	0	0	0	20210901
005803FF001824600007A8BD3A767FB3	0	0	0	0	0	0	0	0	0	0	0	0	20210901
005803FF001824600007A8BD3A7680C1	0	0	0	0	0	0	0	0	0	0	0	0	20210901
005803FF001827800001748F1B1776AF	0	0	0	0	0	0	0	0	0	0	0	0	20210901
005803FF001827800001748F1B1778EC	0	0	0	0	0	0	0	0	0	0	0	0	20210901
005803FF001827800001748F1B17B797	0	0	0	0	0	0	0	0	0	0	0	0	20210901
005803FF001827800001748F1B17B8FE	0	0	0	0	0	0	0	0	0	0	0	0	20210901
005803FF001827800001748F1B17BA24	0	0	0	0	0	0	0	0	0	0	0	0	20210901
005803FF001827800002748F1B1A26CA	0	0	0	0	0	0	0	0	0	0	0	0	20210901
005803FF001827800003748F1B1C1227	0	0	0	0	0	0	0	0	0	0	0	0	20210901
005803FF001827800003748F1B1C190A	0	0	0	0	0	0	0	0	0	0	0	0	20210901
005803FF00182790000164E0AB108887	0	0	0	0	0	0	0	0	0	0	0	0	20210901
005803FF00182850000164E0AB7A1F72	1	1	0	0	0	0	0	0	0	0	1	0	20210901
005803FF00182850000164E0AB7A1FAA	0	0	0	0	0	0	0	0	0	0	0	0	20210901
005803FF00182850000164E0AB7A3D37	0	0	0	0	0	0	0	0	0	0	0	0	20210901
005803FF00182850000164E0AB7A5710	0	0	0	0	0	0	0	0	0	0	0	0	20210901
005803FF00182850000164E0AB7A5CB9	0	1	0	0	0	0	0	0	0	0	1	0	20210901
005803FF00182850000164E0AB7A5CC1	0	0	0	0	0	0	0	0	0	0	0	0	20210901
005803FF00182850000264E0AB8B6903	0	0	0	0	0	0	0	0	0	0	0	0	20210901
005803FF00182850000264E0AB8B77C5	0	0	0	0	0	0	0	0	0	0	0	0	20210901
005803FF00182850000264E0AB8B8610	0	0	0	0	0	0	0	0	0	0	0	0	20210901
005803FF00182850000364E0AB8DAAC0	0	0	0	0	0	0	0	0	0	0	0	0	20210901
005803FF00182850000364E0AB8DB1DE	0	0	0	0	0	0	0	0	0	0	0	0	20210901
005803FF00182850000364E0AB8DCD1E	0	0	0	0	0	0	0	0	0	0	0	0	20210901
005803FF00182850000364E0AB8DCDF5	0	0	0	0	0	0	0	0	0	0	0	0	20210901
005803FF00182850000364E0AB8DDB2F	0	0	0	0	0	0	0	0	0	0	0	0	20210901
005803FF00182850000464E0AB94D998	0	0	0	0	0	0	0	0	0	0	0	0	20210901
005803FF00182850000464E0AB94E165	0	0	0	0	0	0	0	0	0	0	0	0	20210901
005803FF00182850000464E0AB94E58C	0	0	0	0	0	0	0	0	0	0	0	0	20210901
005803FF00182920000164E0ABC39F10	0	0	0	0	0	0	0	0	0	0	0	0	20210901
005803FF00182920000164E0ABC39F71	0	0	0	0	0	0	0	0	0	0	0	0	20210901
005803FF00182920000164E0ABC3AB39	0	0	0	0	0	0	0	0	0	0	0	0	20210901
005803FF00182920000164E0ABC3B210	0	0	0	0	0	0	0	0	0	0	0	0	20210901
005803FF00182920000164E0ABC3C071	0	0	0	0	0	0	0	0	0	0	0	0	20210901
005803FF00182920000164E0ABC3C129	0	0	0	0	0	0	0	0	0	0	0	0	20210901
005803FF00182920000164E0ABC3C736	0	0	0	0	0	0	0	0	0	0	0	0	20210901
005803FF00182920000164E0ABC3CE45	0	0	0	0	0	0	0	0	0	0	0	0	20210901
005803FF00182920000264E0ABCF5C84	0	0	0	0	0	0	0	0	0	0	0	0	20210901
005803FF00182920000264E0ABCF5E3C	0	0	0	0	0	0	0	0	0	0	0	0	20210901
005803FF00182920000264E0ABCF5EEF	1	0	0	0	0	0	0	0	0	0	0	0	20210901
005803FF00182920000264E0ABCF5F5C	0	0	0	0	0	0	0	0	0	0	0	0	20210901
005803FF00182920000264E0ABCF6579	0	0	0	0	0	0	0	0	0	0	0	0	20210901
005803FF00182920000264E0ABCF6839	0	0	0	0	0	0	0	0	0	0	0	0	20210901
005803FF00182920000264E0ABCF6DF0	0	0	0	0	0	0	0	0	0	0	0	0	20210901
005803FF00182920000264E0ABCF8191	0	0	0	0	0	0	0	0	0	0	0	0	20210901
005803FF00182920000264E0ABCF84A7	0	0	0	0	0	0	0	0	0	0	0	0	20210901
005803FF00182920000264E0ABCF9B68	0	0	0	0	0	0	0	0	0	0	0	0	20210901
005803FF00189750000164E0AB44C78C	0	0	0	0	0	0	0	0	0	0	0	0	20210901
005803FF00189750000264E0AB4713F4	0	0	0	0	0	0	0	0	0	0	0	0	20210901
005803FF00189750000264E0AB472253	0	0	0	0	0	0	0	0	0	0	0	0	20210901
005803FF00189750000364E0AB483F51	0	0	0	0	0	0	0	0	0	0	0	0	20210901
005803FF00189750000464E0AB6DF2AB	0	0	0	0	0	0	0	0	0	0	0	0	20210901
005803FF00189750000464E0AB6DF354	0	0	0	0	0	0	0	0	0	0	0	0	20210901
005803FF00189850000164E0AB8C608C	0	0	0	0	0	0	0	0	0	0	0	0	20210901
005803FF00189850000164E0AB8C755A	0	0	0	0	0	0	0	0	0	0	0	0	20210901
005803FF00189850000164E0AB8C7BE6	0	0	0	0	0	0	0	0	0	0	0	0	20210901
005803FF00189850000164E0AB8C92F2	0	0	0	0	0	0	0	0	0	0	0	0	20210901
005803FF00189850000164E0AB8C97CB	0	0	0	0	0	0	0	0	0	0	0	0	20210901
005803FF00189920000164E0ABD4FAAE	0	0	0	0	0	0	0	0	0	0	0	0	20210901
005803FF00189920000164E0ABD4FAF6	0	0	0	0	0	0	0	0	0	0	0	0	20210901
005803FF00189920000164E0ABD4FC58	0	0	0	0	0	0	0	0	0	0	0	0	20210901
005803FF00189920000164E0ABD4FC5D	0	0	0	0	0	0	0	0	0	0	0	0	20210901
005803FF00189920000164E0ABD50737	0	0	0	0	0	0	0	0	0	0	0	0	20210901
005803FF00189920000164E0ABD5159F	0	0	0	0	0	0	0	0	0	0	0	0	20210901
005803FF00189920000164E0ABD5170D	0	0	0	0	0	0	0	0	0	0	0	0	20210901
005803FF00189920000164E0ABD51743	0	0	0	0	0	0	0	0	0	0	0	0	20210901
005803FF00189920000364E0ABDE027E	0	0	0	0	0	0	0	0	0	0	0	0	20210901
005803FF00189920000364E0ABDE1022	0	0	0	0	0	0	0	0	0	0	0	0	20210901
005803FF00189920000364E0ABDE1133	0	0	0	0	0	0	0	0	0	0	0	0	20210901
005803FF00189920000364E0ABDE1337	0	0	0	0	0	0	0	0	0	0	0	0	20210901
115803FF004735100000049573BA79BC	0	0	0	0	0	0	0	0	0	0	1	0	20210901
1D5803FF004735900000E8ACADE3369A	0	0	0	0	0	0	0	0	0	0	0	0	20210901
1E5803FF004735900000E8ACADEEF40F	0	0	0	0	0	0	0	0	0	0	0	0	20210901
335803FF004735900000E8ACAD93D8C0	0	0	0	0	0	0	0	0	0	0	0	0	20210901
595803FF004735900000E8ACADEF2EA1	0	0	0	0	0	0	0	0	0	0	0	0	20210901
845803FF004735900000E8ACADD692AC	0	0	0	0	0	0	0	0	0	0	0	0	20210901
955803FF004735900000585FF6875DA2	0	0	0	0	0	0	0	0	0	0	0	0	20210901
9A5803FF004735900000D4C1C8A359BE	0	0	0	0	0	0	0	0	0	0	0	0	20210901
A55803FF004735100000049573BA776A	0	0	0	0	0	0	0	0	0	0	0	0	20210901
A65803FF004735900000E8ACADEEFF5E	0	0	0	0	0	0	0	0	0	0	0	0	20210901
AF5803FF004735900000D4C1C8BD14F8	0	0	0	0	0	0	0	0	0	0	0	0	20210901
CC5803FF004735900000E8ACAD9E7C73	0	0	0	0	0	0	0	0	0	0	0	0	20210901
E15803FF004735900000E8ACADF851F2	0	0	0	0	0	0	0	0	0	0	0	0	20210901
EB5803FF004735900000E8ACAD92A5E5	0	0	0	0	0	0	0	0	0	0	0	0	20210901
F95803FF004735900000D4C1C8A2CADE	0	0	0	0	0	0	0	0	0	0	0	0	20210901
005801FF0001005006D400692D3D9EEA	0	0	0	0	0	0	0	0	0	0	0	0	20210901
005801FF0001005006D400692D3DA99D	0	0	0	0	0	0	0	0	0	0	0	0	20210901
005801FF0001005006D400692D3DADAC	0	0	0	0	0	0	0	0	0	0	0	0	20210901
005801FF0001005006D400692D3DAE94	0	0	0	0	0	0	0	0	0	0	0	0	20210901
005801FF0001005006D400692D3DAE9C	1	0	0	0	0	0	0	0	0	0	0	0	20210901
005801FF0001005006D400692D3DC185	0	1	0	0	0	0	0	0	0	0	0	0	20210901
005801FF00010050F6E52C43BE5CA2C7	0	0	1	0	0	0	0	0	0	0	0	0	20210901
005801FF00010050F6E52C43BE5CA89B	0	0	0	0	0	0	0	0	0	0	0	0	20210901
005801FF00010050F6E52C43BE5CACC4	0	0	0	0	0	0	0	0	0	0	0	0	20210901
005801FF00010050F6E52C43BE5CB081	0	0	0	0	0	0	0	0	0	0	0	0	20210901
005801FF00010050F6E52C43BE5CB0EF	0	0	0	0	0	0	0	0	0	0	0	0	20210901
005801FF00010050F6E52C43BE5CBB42	0	0	0	0	0	0	0	0	0	0	0	0	20210901
005801FF00010050F6E52C43BE5CBF31	0	1	0	0	0	0	0	0	0	0	0	0	20210901
005801FF0001007005B860D21C30474D	0	0	0	0	0	0	0	0	0	0	0	0	20210901
005801FF0001007005B860D21C305786	0	1	0	0	0	0	0	0	0	0	0	0	20210901
005801FF0001007005B860D21C3087D7	0	0	0	0	0	0	0	0	0	0	0	0	20210901
005801FF0001007005B860D21C309FE4	0	0	0	0	0	0	0	0	0	0	0	0	20210901
005801FF0001007005B860D21C310390	0	0	0	0	0	0	0	0	0	0	0	0	20210901
005801FF0001007005BA60D21C629ACF	1	0	0	0	0	0	0	0	0	0	0	0	20210901
005801FF0001007006B960D21C4A5506	0	0	0	0	0	0	0	0	0	0	0	0	20210901
005801FF0001007006BA60D21C5F9E7D	0	0	0	0	0	0	0	0	0	0	0	0	20210901
005801FF0001007006BA60D21C610E27	1	0	0	0	0	0	0	0	0	0	0	0	20210901
005801FF0001007006BA60D21C61245E	0	0	0	0	0	0	0	0	0	0	0	0	20210901
005801FF0001061005B454C57AB2639F	0	0	0	0	0	0	0	0	0	0	0	0	20210901
005801FF0001090001C360D21CACD6D5	0	0	0	0	0	0	0	0	0	0	0	0	20210901
005801FF0001090001C360D21CACDA70	0	1	0	0	0	0	0	0	0	0	0	0	20210901
005801FF0001090001C360D21CAD060A	0	0	0	0	0	0	0	0	0	0	0	0	20210901
005801FF0001090003C360D21CAD5589	0	0	0	0	0	0	0	0	0	0	0	0	20210901
005801FF0001090006D700692D67CA65	0	0	0	0	0	0	0	0	0	0	0	0	20210901
005801FF0001101001EC08A5C8165C95	0	0	0	0	0	0	0	0	0	0	0	0	20210901
005801FF0001181001A208A5C8EA045D	0	0	0	0	0	0	0	0	0	0	0	0	20210901
005801FF0001181001A460313B391DBA	0	0	0	0	0	0	0	0	0	0	0	0	20210901
005801FF0001181001A460313B3AB502	0	0	0	0	0	0	0	0	0	0	0	0	20210901
005801FF0001181001A460313B3AB790	0	0	0	0	0	0	0	0	0	0	0	0	20210901
005801FF0001181001A460313B3B9E8A	1	0	0	0	0	0	0	0	0	0	0	0	20210901
005801FF0001181001A960313BBA1E75	0	0	0	0	0	0	0	0	0	0	0	0	20210901
005801FF0001181001A960313BBAFD0F	0	0	0	0	0	0	0	0	0	0	0	0	20210901
005801FF0001181001AC54C57A16D5C7	0	0	0	0	0	0	0	0	0	0	0	0	20210901
005801FF0001181001AC54C57A200267	0	0	0	0	0	0	0	0	0	0	0	0	20210901
005801FF0001181001AC54C57A206443	0	0	0	0	0	0	0	0	0	0	0	0	20210901
005801FF0001181001AC54C57A207F45	0	0	0	0	0	0	0	0	0	0	0	0	20210901
005801FF0001181001AC54C57A20BB75	0	0	0	0	0	0	0	0	0	0	0	0	20210901
005801FF0001181003A460313B336EDF	0	0	0	0	0	0	0	0	0	0	0	0	20210901
005801FF0001181003A460313B340D39	0	0	0	0	0	0	0	0	0	0	0	0	20210901
005801FF0001181003A460313B35F107	0	0	0	0	0	0	0	0	0	0	0	0	20210901
005801FF0031082003EA08A5C80B512F	0	0	0	0	0	0	0	0	0	0	1	0	20210901
005801FF003182A003EB08A5C810A2D7	0	0	0	0	0	0	0	0	0	0	0	0	20210901
005801FF003182A003EB08A5C810DF6C	0	0	0	0	0	0	0	0	0	0	0	0	20210901
0058030000036020000188795B4A8928	0	0	0	0	0	0	0	0	0	0	0	0	20210901
0058030000036020000188795B4A8B86	0	0	0	0	0	0	0	0	0	0	0	0	20210901
00580300000393000001748F1B942E34	0	0	0	0	0	0	0	0	0	0	0	0	20210901
00580300000395500001748F1B88318B	0	0	0	0	0	0	0	0	0	0	0	0	20210901
00580300001968000119C8F6C8B88884	0	0	0	0	0	0	0	0	0	0	0	0	20210901
00580300001968000219D4580046CBAE	1	1	0	0	0	0	0	0	0	0	1	0	20210901
00580300001968001218A419089ABC6B	0	0	0	0	0	0	0	0	0	0	0	0	20210901
00580300001968001218A419089C2DDD	0	0	0	0	0	0	0	0	0	0	0	0	20210901
005803FF00010040190158B42DCD1B7A	0	0	0	0	0	0	0	0	0	0	0	0	20210901
005803FF00010040190158B42DCD2410	0	0	0	0	0	0	0	0	0	0	0	0	20210901
005803FF00010040190158B42DCD3CB1	0	0	0	0	0	0	0	0	0	0	0	0	20210901
005803FF00010040190158B42DCDD3CD	0	0	0	0	0	0	0	0	0	0	0	0	20210901
005803FF00010040190158B42DCE1F8A	0	0	0	0	0	0	0	0	0	0	0	0	20210901
005803FF0003230000013C0CDB399015	0	0	0	0	0	0	0	0	0	0	0	0	20210901
005803FF0003230000043C0CDBA60E76	0	0	0	0	0	0	0	0	0	0	0	0	20210901
005803FF0003230000043C0CDBA61052	0	0	0	0	0	0	0	0	0	0	0	0	20210901
005803FF000323000011F09CD7347F90	0	0	0	0	0	0	0	0	0	0	0	0	20210901
005803FF000323100002A8BD3A7F9EB2	0	0	0	0	0	0	0	0	0	0	0	0	20210901
005803FF000323100003A8BD3A92E353	0	0	0	0	0	0	0	0	0	0	0	0	20210901
005803FF000323100003A8BD3A92F455	0	0	0	0	0	0	0	0	0	0	0	0	20210901
005803FF000323100003A8BD3A930BE4	0	0	0	0	0	0	0	0	0	0	0	0	20210901
005803FF000323100007A8BD3AF67B57	0	0	0	0	0	0	0	0	0	0	0	0	20210901
005803FF0003231000093C0CDB2628AE	0	0	0	0	0	0	0	0	0	0	0	0	20210901
005803FF0003231000123C0CDB4F9290	0	0	0	0	0	0	0	0	0	0	0	0	20210901
005803FF0003231000133C0CDB5793D2	0	0	0	0	0	0	0	0	0	0	0	0	20210901
005803FF0003231000153C0CDB616AB6	0	0	0	0	0	0	0	0	0	0	0	0	20210901
005803FF0003231000213C0CDBAC3F32	0	0	0	0	0	0	0	0	0	0	0	0	20210901
005803FF0003231000243C0CDBB60CE7	0	0	0	0	0	0	0	0	0	0	0	0	20210901
005803FF00036020000188795B4A7A38	0	0	0	0	0	0	0	0	0	0	0	0	20210901
005803FF00036020000188795B4A7F32	0	0	0	0	0	0	0	0	0	0	0	0	20210901
005803FF0015893000008421F148C8D8	0	0	0	0	0	0	0	0	0	0	0	0	20210901
005803FF0015893000008421F15F3CD8	0	0	0	0	0	0	0	0	0	0	0	0	20210901
005803FF0015893000008421F18B45C8	0	0	0	0	0	0	0	0	0	0	0	0	20210901
005803FF0015893000008421F191C80C	0	0	0	0	0	0	0	0	0	0	0	0	20210901
005803FF0015893000008421F1AC3F84	0	0	0	0	0	0	0	0	0	0	0	0	20210901
005803FF0015893000008421F1AC944A	0	0	0	0	0	0	0	0	0	0	0	0	20210901
005803FF00158930163650016B3DAF34	0	0	0	0	0	0	0	0	0	0	0	0	20210901
005803FF00158930163650016B3DB8DA	0	0	0	0	0	0	0	0	0	0	0	0	20210901
005803FF00158930163650016B3DC1CA	0	0	0	0	0	0	0	0	0	0	0	0	20210901
005803FF0015893017038421F1221048	0	0	0	0	0	0	0	0	0	0	0	0	20210901
005803FF0015893017038421F1221634	0	0	0	0	0	0	0	0	0	0	0	0	20210901
005803FF0015893017038421F1221830	0	0	0	0	0	0	0	0	0	0	0	0	20210901
005803FF0015893017138421F18BD1C6	0	0	0	0	0	0	0	0	0	0	0	0	20210901
005803FF0015893017138421F18BD1E2	0	0	0	0	0	0	0	0	0	0	0	0	20210901
005803FF00159100000018CF2466AA43	0	0	0	0	0	0	0	0	0	0	0	0	20210901
005803FF00159100000018CF2466AC9F	0	0	0	0	0	0	0	0	0	0	0	0	20210901
005803FF00159100000044004D621124	0	0	0	0	0	0	0	0	0	0	0	0	20210901
005803FF0015910000007CC385DB2CB2	0	0	0	0	0	0	0	0	0	0	0	0	20210901
005803FF0015910000007CC385DB2EA4	0	0	0	0	0	0	0	0	0	0	0	0	20210901
005803FF001824600002A8BD3A5A8A93	0	0	0	0	0	0	0	0	0	0	0	0	20210901
005803FF001824600003A8BD3A5D57D3	0	0	0	0	0	0	0	0	0	0	0	0	20210901
005803FF001824600004A8BD3A705C51	0	0	0	0	0	0	0	0	0	0	0	0	20210901
005803FF001824600006A8BD3A755EF1	0	0	0	0	0	0	0	0	0	0	0	0	20210901
005803FF001824600007A8BD3A766D73	0	0	0	0	0	0	0	0	0	0	0	0	20210901
005803FF001824600007A8BD3A766DDF	0	0	0	0	0	0	0	0	0	0	0	0	20210901
005803FF001824600007A8BD3A768428	0	0	0	0	0	0	0	0	0	0	0	0	20210901
005803FF001827800001748F1B17BD89	0	0	0	0	0	0	0	0	0	0	0	0	20210901
005803FF001827800001748F1B17CB11	0	0	0	0	0	0	0	0	0	0	0	0	20210901
005803FF001827800002748F1B1A2A10	0	0	0	0	0	0	0	0	0	0	0	0	20210901
005803FF001827800003748F1B1BE11A	0	0	0	0	0	0	0	0	0	0	0	0	20210901
005803FF001827800003748F1B1BF00F	0	0	0	0	0	0	0	0	0	0	0	0	20210901
005803FF001827800003748F1B1C0768	0	0	0	0	0	0	0	0	0	0	0	0	20210901
005803FF001827800004748F1B1CACEF	0	0	0	0	0	0	0	0	0	0	0	0	20210901
005803FF001827800004748F1B1CC2A0	0	0	0	0	0	0	0	0	0	0	0	0	20210901
005803FF00182850000164E0AB7A2169	0	0	0	0	0	0	0	0	0	0	0	0	20210901
005803FF00182850000164E0AB7A28DC	0	0	0	0	0	0	0	0	0	0	0	0	20210901
005803FF00182850000164E0AB7A3817	0	0	0	0	0	0	0	0	0	0	0	0	20210901
005803FF00182850000164E0AB7A4B65	0	0	0	0	0	0	0	0	0	0	0	0	20210901
005803FF00182850000264E0AB8B5B2C	0	0	0	0	0	0	0	0	0	0	0	0	20210901
005803FF00182850000264E0AB8B6F0F	0	0	0	0	0	0	0	0	0	0	0	0	20210901
005803FF00182850000264E0AB8B7107	0	0	0	0	0	0	0	0	0	0	0	0	20210901
005803FF00182850000264E0AB8B74C3	0	0	0	0	0	0	0	0	0	0	0	0	20210901
005803FF00182850000264E0AB8B77A7	0	0	0	0	0	0	0	0	0	0	0	0	20210901
005803FF00182850000264E0AB8B7B23	0	0	0	0	0	0	0	0	0	0	0	0	20210901
005803FF00182850000264E0AB8B7B50	0	0	0	0	0	0	0	0	0	0	0	0	20210901
005803FF00182850000264E0AB8B7E28	0	0	0	0	0	0	0	0	0	0	0	0	20210901
005803FF00182850000264E0AB8B7F8C	0	0	0	0	0	0	0	0	0	0	0	0	20210901
005803FF00182850000264E0AB8B86DD	0	0	0	0	0	0	0	0	0	0	0	0	20210901
005803FF00182850000264E0AB8B8730	0	0	0	0	0	0	0	0	0	0	0	0	20210901
005803FF00182850000264E0AB8B8940	1	1	0	0	0	0	0	0	0	0	0	0	20210901
005803FF00182850000364E0AB8DAC6B	0	0	0	0	0	0	0	0	0	0	0	0	20210901
005803FF00182850000364E0AB8DCFCB	0	0	0	0	0	0	0	0	0	0	0	0	20210901
005803FF00182850000364E0AB8DD186	0	0	0	0	0	0	0	0	0	0	0	0	20210901
005803FF00182850000464E0AB94CEAF	0	0	0	0	0	0	0	0	0	0	0	0	20210901
005803FF00182850000464E0AB94E097	0	1	0	0	0	0	0	0	0	0	0	0	20210901
005803FF00182850000464E0AB94E5EA	0	0	0	0	0	0	0	0	0	0	0	0	20210901
005803FF00182850000464E0AB94E609	0	0	0	0	0	0	0	0	0	0	0	0	20210901
005803FF00182850000464E0AB94E785	0	0	0	0	0	0	0	0	0	0	0	0	20210901
005803FF00182920000164E0ABC39E42	0	0	0	0	0	0	0	0	0	0	0	0	20210901
005803FF00182920000164E0ABC39F12	0	0	0	0	0	0	0	0	0	0	0	0	20210901
005803FF00182920000164E0ABC39F70	0	0	0	0	0	0	0	0	0	0	0	0	20210901
005803FF00182920000164E0ABC39FCC	0	0	0	0	0	0	0	0	0	0	0	0	20210901
005803FF00182920000164E0ABC3A0A3	0	0	0	0	0	0	0	0	0	0	0	0	20210901
005803FF00182920000164E0ABC3A982	1	0	0	0	0	0	0	0	0	0	0	0	20210901
005803FF00182920000164E0ABC3AA48	0	0	0	0	0	0	0	0	0	0	1	0	20210901
005803FF00182920000164E0ABC3C082	0	0	0	0	0	0	0	0	0	0	0	0	20210901
005803FF00182920000164E0ABC3C1C9	0	0	0	0	0	0	0	0	0	0	0	0	20210901
005803FF00182920000164E0ABC3C5E3	1	0	0	0	0	0	0	0	0	0	1	0	20210901
005803FF00182920000164E0ABC3C7A1	0	0	0	0	0	0	0	0	0	0	0	0	20210901
005803FF00182920000164E0ABC3D064	0	0	0	0	0	0	0	0	0	0	0	0	20210901
005803FF00182920000264E0ABCF5D1C	0	0	0	0	0	0	0	0	0	0	1	0	20210901
005803FF00182920000264E0ABCF5D43	0	0	0	0	0	0	0	0	0	0	0	0	20210901
005803FF00182920000264E0ABCF5FA3	1	0	0	0	0	0	0	0	0	0	0	0	20210901
005803FF00182920000264E0ABCF5FE4	0	0	0	0	0	0	0	0	0	0	0	0	20210901
005803FF00182920000264E0ABCF638B	0	0	0	0	0	0	0	0	0	0	0	0	20210901
005803FF00182920000264E0ABCF6584	0	0	0	0	0	0	0	0	0	0	0	0	20210901
005803FF00182920000264E0ABCF7E11	0	0	0	0	0	0	0	0	0	0	0	0	20210901
005803FF00182920000264E0ABCF8057	0	0	0	0	0	0	0	0	0	0	0	0	20210901
005803FF00182920000264E0ABCF805C	0	0	0	0	0	0	0	0	0	0	0	0	20210901
005803FF00182920000264E0ABCF8307	0	0	0	0	0	0	0	0	0	0	0	0	20210901
005803FF00182920000264E0ABCF84AB	0	0	0	0	0	0	0	0	0	0	1	0	20210901
005803FF00182920000264E0ABCF84E0	0	0	0	0	0	0	0	0	0	0	0	0	20210901
005803FF00182920000264E0ABCF89E5	0	0	0	0	0	0	0	0	0	0	0	0	20210901
005803FF00182920000264E0ABCF8B01	0	0	0	0	0	0	0	0	0	0	0	0	20210901
005803FF00182920000264E0ABCF9AF8	0	0	0	0	0	0	0	0	0	0	0	0	20210901
005803FF00189750000164E0AB44CB13	0	0	0	0	0	0	0	0	0	0	0	0	20210901
005803FF00189750000264E0AB471B9C	0	1	0	0	0	0	0	0	0	0	0	0	20210901
005803FF00189750000264E0AB473839	0	0	0	0	0	0	0	0	0	0	0	0	20210901
005803FF00189790000664E0AB1F0AFB	1	0	0	0	0	0	0	0	0	0	0	0	20210901
005803FF00189850000164E0AB8C5FF3	0	0	0	0	0	0	0	0	0	0	0	0	20210901
005803FF00189850000164E0AB8C65F7	0	0	0	0	0	0	0	0	0	0	0	0	20210901
005803FF00189850000164E0AB8C6843	0	0	0	0	0	0	0	0	0	0	0	0	20210901
005803FF00189850000164E0AB8C81A3	0	1	0	0	0	0	0	0	0	0	0	0	20210901
005803FF00189850000164E0AB8C8803	0	0	0	0	0	0	0	0	0	0	0	0	20210901
005803FF00189850000164E0AB8C9218	0	0	0	0	0	0	0	0	0	0	0	0	20210901
005803FF00189850000164E0AB8C936A	0	0	0	0	0	0	0	0	0	0	0	0	20210901
005803FF00189850000164E0AB8C936F	0	0	0	0	0	0	0	0	0	0	0	0	20210901
005803FF00189920000164E0ABD4FC4E	0	0	0	0	0	0	0	0	0	0	0	0	20210901
005803FF00189920000164E0ABD4FC9F	0	0	0	0	0	0	0	0	0	0	0	0	20210901
005803FF00189920000164E0ABD52089	0	0	0	0	0	0	0	0	0	0	0	0	20210901
005803FF00189920000164E0ABD5270B	0	0	0	0	0	0	0	0	0	0	0	0	20210901
005803FF00189920000164E0ABD527DD	0	0	0	0	0	0	0	0	0	0	0	0	20210901
005803FF00189920000264E0ABD93FE6	0	0	0	0	0	0	0	0	0	0	0	0	20210901
005803FF00189920000364E0ABDE02F6	0	0	0	0	0	0	0	0	0	0	0	0	20210901
005803FF00189920000364E0ABDE0365	0	0	0	0	0	0	0	0	0	0	0	0	20210901
005803FF00189920000364E0ABDE03A3	0	0	0	0	0	0	0	0	0	0	0	0	20210901
005803FF00189920000364E0ABDE0E30	0	1	0	0	0	0	0	0	0	0	0	0	20210901
005803FF00189920000364E0ABDE1023	0	0	0	0	0	0	0	0	0	0	0	0	20210901
005803FF00189920000364E0ABDE12DA	0	1	0	0	0	0	0	0	0	0	0	0	20210901
005803FF00189920000364E0ABDE12DB	0	1	0	0	0	0	0	0	0	0	0	0	20210901
005803FF004735900000D4C1C8A271C2	0	0	0	0	0	0	0	0	0	0	0	0	20210901
005804FF0002972000018C8F8BFDB0EF	0	0	0	0	0	0	0	0	0	0	0	0	20210901
1D5803FF004735900000D4C1C8A2AA65	0	0	0	0	0	0	0	0	0	0	1	0	20210901
355803FF004735900000D4C1C89EA1BD	0	0	0	0	0	0	0	0	0	0	0	0	20210901
5A5803FF004740600000C4741E1AEEE7	0	0	0	0	0	0	0	0	0	0	0	0	20210901
775803FF004735900000D4C1C89EB34E	0	0	0	0	0	0	0	0	0	0	0	0	20210901
8E5803FF004735900000E8ACADF849A6	0	0	0	0	0	0	0	0	0	0	0	0	20210901
D45803FF004735100000049573D917FE	0	0	0	0	0	0	0	0	0	0	0	0	20210901
FF5803FF004735900000E8ACADD6A8E7	0	1	0	0	0	0	0	0	0	0	0	0	20210901
005801FF0001005006D400692D3D9F6F	0	0	0	0	0	0	0	0	0	0	0	0	20210901
005801FF0001005006D400692D3DACEB	0	0	0	0	0	0	0	0	0	0	0	0	20210901
005801FF0001005006D400692D3DADE3	0	0	0	0	0	0	0	0	0	0	0	0	20210901
005801FF00010050F6E52C43BE5CA04C	0	0	0	0	0	0	0	0	0	0	0	0	20210901
005801FF00010050F6E52C43BE5CA32E	0	0	0	0	0	0	0	0	0	0	0	0	20210901
005801FF00010050F6E52C43BE5CA651	0	0	0	0	0	0	0	0	0	0	0	0	20210901
005801FF00010050F6E52C43BE5CA6DB	0	0	0	0	0	0	0	0	0	0	0	0	20210901
005801FF00010050F6E52C43BE5CA892	0	0	0	0	0	0	0	0	0	0	0	0	20210901
005801FF00010050F6E52C43BE5CA950	0	0	0	0	0	0	0	0	0	0	0	0	20210901
005801FF00010050F6E52C43BE5CAB0C	0	0	0	0	0	0	0	0	0	0	0	0	20210901
005801FF00010050F6E52C43BE5CB08C	0	0	0	0	0	0	0	0	0	0	0	0	20210901
005801FF00010050F6E52C43BE5CB785	0	0	0	0	0	0	0	0	0	0	0	0	20210901
005801FF00010050F6E52C43BE5CBD38	0	0	0	0	0	0	0	0	0	0	0	0	20210901
005801FF00010050F6E52C43BE5CC31C	0	0	0	0	0	0	0	0	0	0	0	0	20210901
005801FF00010050F6E52C43BE5CCC90	0	0	0	0	0	0	0	0	0	0	0	0	20210901
005801FF00010050F6E52C43BE5CD18A	0	0	1	0	0	0	0	0	0	0	0	0	20210901
005801FF0001007005B860D21C30465F	0	0	0	0	0	0	0	0	0	0	0	0	20210901
005801FF0001007005B860D21C30790A	0	0	0	0	0	0	0	0	0	0	0	0	20210901
005801FF0001007005B860D21C309217	0	0	0	0	0	0	0	0	0	0	0	0	20210901
005801FF0001007005B860D21C30B65B	1	0	0	0	0	0	0	0	0	0	0	0	20210901
005801FF0001007005B860D21C30EF33	0	0	0	0	0	0	0	0	0	0	0	0	20210901
005801FF0001007005B860D21C3E9C7C	0	0	0	0	0	0	0	0	0	0	0	0	20210901
005801FF0001007005BA60D21C5CDC5A	0	0	0	0	0	0	0	0	0	0	0	0	20210901
005801FF0001007005BA60D21C6277D9	0	0	0	0	0	0	0	0	0	0	0	0	20210901
005801FF0001007005BA60D21C628FB7	0	0	0	0	0	0	0	0	0	0	0	0	20210901
005801FF0001007005BA60D21C62905E	0	0	0	0	0	0	0	0	0	0	0	0	20210901
005801FF0001007005C360D21CA7B804	0	0	0	0	0	0	0	0	0	0	0	0	20210901
005801FF0001007005C360D21CA83B34	0	0	0	0	0	0	0	0	0	0	0	0	20210901
005801FF0001007005C360D21CA8552A	0	0	0	0	0	0	0	0	0	0	0	0	20210901
005801FF0001007005C360D21CA89218	0	0	0	0	0	0	0	0	0	0	0	0	20210901
005801FF0001007005C360D21CA89A2F	0	0	0	0	0	0	0	0	0	0	0	0	20210901
005801FF0001007006B860D21C3DF6BE	0	0	0	0	0	0	0	0	0	0	0	0	20210901
005801FF0001007006B960D21C49DB49	0	0	0	0	0	0	0	0	0	0	0	0	20210901
005801FF0001007006B960D21C49DE38	0	0	0	0	0	0	0	0	0	0	0	0	20210901
005801FF0001007006B960D21C4A1382	0	0	0	0	0	0	0	0	0	0	0	0	20210901
005801FF0001007006B960D21C4A1E65	0	0	0	0	0	0	0	0	0	0	0	0	20210901
005801FF0001007006B960D21C4A7CF7	0	0	0	0	0	0	0	0	0	0	0	0	20210901
005801FF0001007006BA60D21C5FC3B2	0	0	0	0	0	0	0	0	0	0	0	0	20210901
005801FF0001007006BA60D21C6137DE	0	0	0	0	0	0	0	0	0	0	0	0	20210901
005801FF0001007006BA60D21C6509AC	0	0	0	0	0	0	0	0	0	0	0	0	20210901
005801FF0001007006BA60D21C650C27	1	0	0	0	0	0	0	0	0	0	0	0	20210901
005801FF0001007006BA60D21C651ACF	0	0	0	0	0	0	0	0	0	0	0	0	20210901
005801FF0001007006BA60D21C652D45	0	0	0	0	0	0	0	0	0	0	0	0	20210901
005801FF0001061005B454C57AB12608	0	0	0	0	0	0	0	0	0	0	0	0	20210901
005801FF0001061005B454C57AB200AF	0	0	0	0	0	0	0	0	0	0	0	0	20210901
005801FF0001061005B454C57AB23901	0	0	0	0	0	0	0	0	0	0	0	0	20210901
005801FF0001061005B454C57AB30294	0	0	0	0	0	0	0	0	0	0	0	0	20210901
005801FF0001061005B454C57AB319C6	0	0	0	0	0	0	0	0	0	0	0	0	20210901
005801FF0001061005B454C57AB3278F	0	0	0	0	0	0	0	0	0	0	0	0	20210901
005801FF0001090001C360D21CACC4BA	0	0	0	0	0	0	0	0	0	0	0	0	20210901
005801FF0001090001C360D21CACD9FA	0	0	0	0	0	0	0	0	0	0	0	0	20210901
005801FF0001090001C360D21CACEF97	0	0	0	0	0	0	0	0	0	0	0	0	20210901
005801FF0001090001C360D21CAD0129	0	0	0	0	0	0	0	0	0	0	0	0	20210901
005801FF0001090001C360D21CAD03E1	1	1	0	0	0	0	0	0	0	0	0	0	20210901
005801FF0001090001C360D21CAD08FB	0	0	0	0	0	0	0	0	0	0	0	0	20210901
005801FF0001090005C360D21CAD8A95	0	0	0	0	0	0	0	0	0	0	0	0	20210901
005801FF0001090005C360D21CAD9940	0	0	0	0	0	0	0	0	0	0	0	0	20210901
005801FF0001090005C360D21CADBEE8	0	0	0	0	0	0	0	0	0	0	0	0	20210901
005801FF0001181001A460313B39E47C	0	0	0	0	0	0	0	0	0	0	0	0	20210901
005801FF0001181001A460313B3A429C	0	0	0	0	0	0	0	0	0	0	0	0	20210901
005801FF0001181001A460313B3A94C2	0	0	0	0	0	0	0	0	0	0	0	0	20210901
005801FF0001181001A460313B3ABADC	0	0	0	0	0	0	0	0	0	0	0	0	20210901
005801FF0001181001A460313B3B0A5E	0	0	0	0	0	0	0	0	0	0	0	0	20210901
005801FF0001181001A960313BBABCEF	0	0	0	0	0	0	0	0	0	0	0	0	20210901
005801FF0001181001A960313BBB0077	0	0	0	0	0	0	0	0	0	0	0	0	20210901
005801FF0001181001AC54C57A203985	0	0	0	0	0	0	0	0	0	0	0	0	20210901
005801FF0001181001AC54C57A20C709	0	0	0	0	0	0	0	0	0	0	0	0	20210901
005801FF0001181001AC54C57A20E055	0	0	0	0	0	0	0	0	0	0	0	0	20210901
005801FF0001181001AC54C57A210F23	0	0	0	0	0	0	0	0	0	0	0	0	20210901
005801FF0001181001AC54C57A211839	0	0	0	0	0	0	0	0	0	0	0	0	20210901
005801FF0001181001AC54C57A2199E3	0	0	0	0	0	0	0	0	0	0	0	0	20210901
005801FF0001181001FB08A5C8B2518C	0	0	0	0	0	0	0	0	0	0	0	0	20210901
005801FF0001181001FB08A5C8B2A18C	0	0	0	0	0	0	0	0	0	0	0	0	20210901
005801FF0001181003A460313B330725	0	0	0	0	0	0	0	0	0	0	0	0	20210901
005801FF0001181003A460313B334A23	0	0	0	0	0	0	0	0	0	0	0	0	20210901
005801FF0001181003A460313B34336B	0	0	0	0	0	0	0	0	0	0	0	0	20210901
005801FF0001181003A460313B350DB3	0	0	0	0	0	0	0	0	0	0	0	0	20210901
005801FF0001181003A960313BBCE95D	0	0	0	0	0	0	0	0	0	0	0	0	20210901
005801FF003182B001F408A5C82BD8B9	0	0	0	0	0	0	0	0	0	0	0	0	20210901
005801FF003182B001F408A5C82BE0BB	0	0	0	0	0	0	0	0	0	0	0	0	20210901
0058030000036020000188795B4A827A	0	0	0	0	0	0	0	0	0	0	0	0	20210901
0058030000036020000188795B4A842C	0	0	0	0	0	0	0	0	0	0	0	0	20210901
0058030000036020000188795B4A91DE	1	0	0	0	0	0	0	0	0	0	0	0	20210901
00580300001968000219D4580046B58B	0	0	0	0	0	0	0	0	0	0	0	0	20210901
005803000019680003215CA4A4370549	0	0	0	0	0	0	0	0	0	0	0	0	20210901
00580300001968001218A419089C30A4	0	0	0	0	0	0	0	0	0	0	1	0	20210901
00580300001968001218A419089C3263	0	0	0	0	0	0	0	0	0	0	0	0	20210901
00580300001968001218A419089C4F6D	0	0	0	0	0	0	0	0	0	0	0	0	20210901
005803FF00010040190158B42DCD2418	0	0	0	0	0	0	0	0	0	0	0	0	20210901
005803FF00010040190158B42DCD2F6A	0	0	0	0	0	0	0	0	0	0	0	0	20210901
005803FF00010040190158B42DCD3088	0	0	0	0	0	0	0	0	0	0	0	0	20210901
005803FF0002988000048CBA25062948	0	0	0	0	0	0	0	0	0	0	0	0	20210901
005803FF000323000011F09CD7347F63	0	0	0	0	0	0	0	0	0	0	0	0	20210901
005803FF000323000014F09CD72A67DE	0	0	0	0	0	0	0	0	0	0	0	0	20210901
005803FF000323100003A8BD3A92DCFE	0	0	0	0	0	0	0	0	0	0	1	0	20210901
005803FF000323100003A8BD3A92EE81	0	0	0	0	0	0	0	0	0	0	0	0	20210901
005803FF000323100003A8BD3A930B59	0	0	0	0	0	0	0	0	0	0	0	0	20210901
005803FF000323100006A8BD3A9FA911	0	0	0	0	0	0	0	0	0	0	0	0	20210901
005803FF0003231000133C0CDB578C1B	0	0	0	0	0	0	0	0	0	0	0	0	20210901
005803FF0003231000163C0CDB6EE988	0	0	0	0	0	0	0	0	0	0	0	0	20210901
005803FF0003231000173C0CDB708AE4	0	0	0	0	0	0	0	0	0	0	0	0	20210901
005803FF0003231000193C0CDB8D4E4A	0	0	0	0	0	0	0	0	0	0	0	0	20210901
005803FF0003231000203C0CDBA7875B	0	0	0	0	0	0	0	0	0	0	0	0	20210901
005803FF0003231000213C0CDBAC10BA	0	0	0	0	0	0	0	0	0	0	0	0	20210901
005803FF0003231000213C0CDBAC116B	0	0	0	0	0	0	0	0	0	0	0	0	20210901
005803FF0003231000213C0CDBAC35F6	0	0	0	0	0	0	0	0	0	0	0	0	20210901
005803FF0003231000223C0CDBB24367	0	0	0	0	0	0	0	0	0	0	0	0	20210901
005803FF0003231000223C0CDBB24A82	0	0	0	0	0	0	0	0	0	0	0	0	20210901
005803FF0003231000243C0CDBB5FAA1	0	0	0	0	0	0	0	0	0	0	0	0	20210901
005803FF00036020000188795B4AF5FB	0	0	0	0	0	0	0	0	0	0	0	0	20210901
005803FF000393000001748F1BE4884A	0	0	0	0	0	0	0	0	0	0	0	0	20210901
005803FF000393000002748F1BE50B6F	0	0	0	0	0	0	0	0	0	0	0	0	20210901
005803FF0015893000008421F15EFBFC	0	0	0	0	0	0	0	0	0	0	0	0	20210901
005803FF0015893000008421F17494FC	0	0	0	0	0	0	0	0	0	0	0	0	20210901
005803FF0015893000008421F1AC29B4	0	0	0	0	0	0	0	0	0	0	0	0	20210901
005803FF0015893000008421F1AC3A22	0	0	0	0	0	0	0	0	0	0	0	0	20210901
005803FF00158930163650016B3DCAA8	0	0	0	0	0	0	0	0	0	0	0	0	20210901
005803FF00158930163650016B3DD3A6	0	0	0	0	0	0	0	0	0	0	0	0	20210901
005803FF0015893017038421F1222440	0	0	0	0	0	0	0	0	0	0	0	0	20210901
005803FF0015893017098421F1611A92	0	0	0	0	0	0	0	0	0	0	0	0	20210901
005803FF0015893017098421F1611A98	0	0	0	0	0	0	0	0	0	0	0	0	20210901
005803FF00159100000018CF24668B4D	0	0	0	0	0	0	0	0	0	0	0	0	20210901
005803FF0015910000007CC385DB43BF	0	0	0	0	0	0	0	0	0	0	0	0	20210901
005803FF0015910019381C20DBF37F1D	0	0	0	0	0	0	0	0	0	0	0	0	20210901
005803FF001824600003A8BD3A5D6612	0	0	0	0	0	0	0	0	0	0	1	0	20210901
005803FF001824600004A8BD3A7067CE	0	0	0	0	0	0	0	0	0	0	0	0	20210901
005803FF001824600007A8BD3A767C44	0	0	0	0	0	0	0	0	0	0	0	0	20210901
005803FF001827800001748F1B1774A1	0	0	0	0	0	0	0	0	0	0	0	0	20210901
005803FF001827800001748F1B177672	0	0	0	0	0	0	0	0	0	0	0	0	20210901
005803FF001827800001748F1B177AA9	0	0	0	0	0	0	0	0	0	0	0	0	20210901
005803FF001827800001748F1B1780F4	0	0	0	0	0	0	0	0	0	0	0	0	20210901
005803FF001827800003748F1B1BE110	0	0	0	0	0	0	0	0	0	0	0	0	20210901
005803FF001827800003748F1B1C1238	0	0	0	0	0	0	0	0	0	0	0	0	20210901
005803FF001827800003748F1B1C1ADC	0	0	0	0	0	0	0	0	0	0	1	0	20210901
005803FF00182790000164E0AB108CDA	0	0	0	0	0	0	0	0	0	0	0	0	20210901
005803FF00182790000164E0AB1096C8	0	0	0	0	0	0	0	0	0	0	0	0	20210901
005803FF00182850000164E0AB7A1EFF	0	1	0	0	0	0	0	0	0	0	0	0	20210901
005803FF00182850000164E0AB7A1FA4	0	0	0	0	0	0	0	0	0	0	0	0	20210901
005803FF00182850000164E0AB7A3FAF	0	0	0	0	0	0	0	0	0	0	0	0	20210901
005803FF00182850000164E0AB7A40EE	0	0	0	0	0	0	0	0	0	0	0	0	20210901
005803FF00182850000164E0AB7A51E6	0	0	0	0	0	0	0	0	0	0	0	0	20210901
005803FF00182850000164E0AB7A5244	0	0	0	0	0	0	0	0	0	0	0	0	20210901
005803FF00182850000164E0AB7A6846	0	0	0	0	0	0	0	0	0	0	0	0	20210901
005803FF00182850000164E0AB7A6929	0	0	0	0	0	0	0	0	0	0	0	0	20210901
005803FF00182850000264E0AB8B49DA	1	0	0	0	0	0	0	0	0	0	0	0	20210901
005803FF00182850000264E0AB8B6A1E	1	0	0	0	0	0	0	0	0	0	0	0	20210901
005803FF00182850000264E0AB8B6B2F	0	0	0	0	0	0	0	0	0	0	0	0	20210901
005803FF00182850000264E0AB8B7079	0	0	0	0	0	0	0	0	0	0	0	0	20210901
005803FF00182850000264E0AB8B7BE8	0	0	0	0	0	0	0	0	0	0	0	0	20210901
005803FF00182850000264E0AB8B7E32	0	0	0	0	0	0	0	0	0	0	0	0	20210901
005803FF00182850000264E0AB8B7F50	0	1	0	0	0	0	0	0	0	0	0	0	20210901
005803FF00182850000264E0AB8B8044	0	0	0	0	0	0	0	0	0	0	0	0	20210901
005803FF00182850000264E0AB8B81A5	0	0	0	0	0	0	0	0	0	0	0	0	20210901
005803FF00182850000364E0AB8DAC2A	0	0	0	0	0	0	0	0	0	0	1	0	20210901
005803FF00182850000364E0AB8DCD1F	0	0	0	0	0	0	0	0	0	0	0	0	20210901
005803FF00182850000364E0AB8DCDF3	0	0	0	0	0	0	0	0	0	0	1	0	20210901
005803FF00182850000364E0AB8DD88B	1	0	0	0	0	0	0	0	0	0	1	0	20210901
005803FF00182850000464E0AB94B1EF	0	0	0	0	0	0	0	0	0	0	0	0	20210901
005803FF00182850000464E0AB94E733	0	0	0	0	0	0	0	0	0	0	1	0	20210901
005803FF00182850000464E0AB94E876	0	0	0	0	0	0	0	0	0	0	0	0	20210901
005803FF00182920000164E0ABC3A008	0	0	0	0	0	0	0	0	0	0	0	0	20210901
005803FF00182920000164E0ABC3B143	0	0	0	0	0	0	0	0	0	0	0	0	20210901
005803FF00182920000164E0ABC3B253	0	0	0	0	0	0	0	0	0	0	0	0	20210901
005803FF00182920000164E0ABC3C0F8	0	0	0	0	0	0	0	0	0	0	0	0	20210901
005803FF00182920000264E0ABCF5D12	0	0	0	0	0	0	0	0	0	0	1	0	20210901
005803FF00182920000264E0ABCF5F0B	0	0	0	0	0	0	0	0	0	0	0	0	20210901
005803FF00182920000264E0ABCF5F84	0	0	0	0	0	0	0	0	0	0	1	0	20210901
005803FF00182920000264E0ABCF6790	0	0	0	0	0	0	0	0	0	0	0	0	20210901
