htv_channel_dm.deviceid	htv_channel_dm.channelname	htv_channel_dm.play_duration	htv_channel_dm.date_time
003403FF001834600005A8BD3A5DA23D	CCTV8	68.0	20210901
003801FF0001007006BB60D21C69BE12	CCTV4	3.0	20210901
003801FF0001007006BB60D21C69BE12	广东卫	NULL	20210901
视	2.0	NULL	20210901
003801FF0001007006BB60D21C69BE12	深圳卫	NULL	20210901
视	2.0	NULL	20210901
004604FF0004302008C360D21CAF0921	CCTV15	209.0	20210901
004604FF0004302008C360D21CAF0921	吉林卫	NULL	20210901
视	1.0	NULL	20210901
004604FF0004302008C360D21CAF0921	广东卫	NULL	20210901
视	5.0	NULL	20210901
004903FF000248800003748F1BA902E4	东南卫	NULL	20210901
视	33.0	NULL	20210901
004903FF000248800003748F1BA902E4	山西卫	NULL	20210901
视	35.0	NULL	20210901
004903FF000248800003748F1BA902E4	河北卫	NULL	20210901
视	33.0	NULL	20210901
004903FF000248800003748F1BA902E4	辽宁卫	NULL	20210901
视	35.0	NULL	20210901
004903FF001847800001748F1B108D54	CCTV7	2.0	20210901
00500300000351800038748F1BDA58C6	CCTV1	26.0	20210901
00500300000355500057748F1B0C6B90	CCTV1	6625.0	20210901
00500300000355500057748F1B0C6B90	CCTV14	4.0	20210901
00500300000355500057748F1B0C6B90	CCTV6	3.0	20210901
00500300000355500057748F1B0C6B90	其他直播频道	25.0	20210901
00500300000355500057748F1B0C6B90	江苏卫	NULL	20210901
视	12.0	NULL	20210901
00500300000355500058748F1B8897C4	CCTV5	2.0	20210901
00500300000355500058748F1B8897C4	CCTV8	2.0	20210901
005801FF0001005005D300692D37D26F	北京卫	NULL	20210901
视	2.0	NULL	20210901
005801FF0001005005D300692D37D270	CCTV1	6.0	20210901
005801FF0001005005D300692D37D270	CCTV10	1.0	20210901
005801FF0001005005D300692D37D270	CCTV5	2.0	20210901
005801FF0001005005D300692D37D270	CCTV7	1.0	20210901
005801FF0001005005D300692D37D270	云南卫	NULL	20210901
视	1.0	NULL	20210901
005801FF0001005005D300692D37D270	天津卫	NULL	20210901
视	1.0	NULL	20210901
005801FF0001005005D300692D37D270	宁夏卫	NULL	20210901
视	6.0	NULL	20210901
005801FF0001005005D300692D37D270	安徽卫	NULL	20210901
视	1.0	NULL	20210901
005801FF0001005005D300692D37D270	广西卫	NULL	20210901
视	3.0	NULL	20210901
005801FF0001005005D300692D37D270	辽宁卫	NULL	20210901
视	10.0	NULL	20210901
005801FF0001005005D300692D37D275	CCTV11	825.0	20210901
005801FF0001005005D300692D37D275	CCTV15	4.0	20210901
005801FF0001005005D300692D37D275	CCTV17	21.0	20210901
005801FF0001005005D300692D37D275	CCTV3	6.0	20210901
005801FF0001005005D300692D37D275	其他直播频道	5677.0	20210901
005801FF0001005005D300692D37D275	山东卫	NULL	20210901
视	5.0	NULL	20210901
005801FF0001005005D300692D37D275	河北卫	NULL	20210901
视	19.0	NULL	20210901
005801FF0001005005D300692D37D275	湖南卫	NULL	20210901
视	17.0	NULL	20210901
005801FF0001005005D300692D37D281	CCTV1	3608.0	20210901
005801FF0001005005D300692D37D287	CCTV13	73.0	20210901
005801FF0001005005D300692D37D289	CCTV10	1.0	20210901
005801FF0001005005D300692D37D289	CCTV17	15.0	20210901
005801FF0001005005D300692D37D289	CCTV6	3612.0	20210901
005801FF0001005005D300692D37D289	浙江卫	NULL	20210901
视	1.0	NULL	20210901
005801FF0001005005D300692D37D28D	江西卫	NULL	20210901
视	6.0	NULL	20210901
005801FF0001005005D300692D37D297	CCTV5	2.0	20210901
005801FF0001005005D300692D37D2AE	CCTV1	325.0	20210901
005801FF0001005005D300692D37D2AE	CCTV10	210.0	20210901
005801FF0001005005D300692D37D2AE	CCTV14	3.0	20210901
005801FF0001005005D300692D37D2AE	安徽卫	NULL	20210901
视	3.0	NULL	20210901
005801FF0001005005D300692D37D2AE	山东卫	NULL	20210901
视	4.0	NULL	20210901
005801FF0001005005D300692D37D2AE	广东卫	NULL	20210901
视	5.0	NULL	20210901
005801FF0001005005D300692D37D2AE	江西卫	NULL	20210901
视	3.0	NULL	20210901
005801FF0001005005D300692D37D2AE	重庆卫	NULL	20210901
视	2.0	NULL	20210901
005801FF0001005005D300692D37D2BE	CCTV2	677.0	20210901
005801FF0001005005D300692D37D2BE	CCTV9	6.0	20210901
005801FF0001005005D300692D37D2BE	安徽卫	NULL	20210901
视	44.0	NULL	20210901
005801FF0001005005D300692D37D2C1	CCTV2	1.0	20210901
005801FF0001005005D300692D37D2C1	CCTV4	0.0	20210901
005801FF0001005005D300692D37D2C1	CCTV7	780.0	20210901
005801FF0001005005D300692D37D2C4	CCTV3	1.0	20210901
005801FF0001005005D300692D37D2C4	内蒙古卫视	1.0	20210901
005801FF0001005005D300692D37D2C4	宁夏卫	NULL	20210901
视	3.0	NULL	20210901
005801FF0001005005D300692D37D2C4	山东卫	NULL	20210901
视	0.0	NULL	20210901
005801FF0001005005D300692D37D2E8	CCTV2	1.0	20210901
005801FF0001005005D300692D37D2EE	CCTV1	7216.0	20210901
005801FF0001005005D300692D37D2EF	CCTV15	8.0	20210901
005801FF0001005005D300692D37D2EF	CCTV8	11.0	20210901
005801FF0001005005D300692D37D2EF	云南卫	NULL	20210901
视	4.0	NULL	20210901
005801FF0001005005D300692D37D2EF	吉林卫	NULL	20210901
视	5.0	NULL	20210901
005801FF0001005005D300692D37D2EF	河南卫	NULL	20210901
视	4.0	NULL	20210901
005801FF0001005005D300692D37D2EF	贵州卫	NULL	20210901
视	48.0	NULL	20210901
005801FF0001005005D300692D37D2F4	CCTV5	2.0	20210901
005801FF0001005005D300692D37D2F4	CCTV7	9.0	20210901
005801FF0001005005D300692D37D2F4	山西卫	NULL	20210901
视	0.0	NULL	20210901
005801FF0001005005D300692D37D2F4	深圳卫	NULL	20210901
视	0.0	NULL	20210901
005801FF0001005005D300692D37D2F4	湖北卫	NULL	20210901
视	1.0	NULL	20210901
005801FF0001005005D300692D37D2F4	贵州卫	NULL	20210901
视	0.0	NULL	20210901
005801FF0001005005D300692D37D300	其他直播频道	973.0	20210901
005801FF0001005005D300692D37D304	CCTV11	0.0	20210901
005801FF0001005005D300692D37D304	CCTV3	0.0	20210901
005801FF0001005005D300692D37D310	CCTV4	2.0	20210901
005801FF0001005005D300692D37D310	CCTV6	10.0	20210901
005801FF0001005005D300692D37D310	湖南卫	NULL	20210901
视	112.0	NULL	20210901
005801FF0001005005D300692D37D315	CCTV10	2.0	20210901
005801FF0001005005D300692D37D315	CCTV15	1.0	20210901
005801FF0001005005D300692D37D315	CCTV4	32.0	20210901
005801FF0001005005D300692D37D315	CCTV7	0.0	20210901
005801FF0001005005D300692D37D315	CCTV9	2.0	20210901
005801FF0001005005D300692D37D315	北京卫	NULL	20210901
视	21.0	NULL	20210901
005801FF0001005005D300692D37D315	安徽卫	NULL	20210901
视	39.0	NULL	20210901
005801FF0001005005D300692D37D315	河北卫	NULL	20210901
视	0.0	NULL	20210901
005801FF0001005005D300692D37D315	河南卫	NULL	20210901
视	0.0	NULL	20210901
005801FF0001005005D300692D37D319	CCTV14	3.0	20210901
005801FF0001005005D300692D37D319	其他直播频道	3609.0	20210901
005801FF0001005005D300692D37D31A	CCTV1	3609.0	20210901
005801FF0001005005D300692D37D324	CCTV12	0.0	20210901
005801FF0001005005D300692D37D324	CCTV14	0.0	20210901
005801FF0001005005D300692D37D324	CCTV17	2.0	20210901
005801FF0001005005D300692D37D324	其他直播频道	3215.0	20210901
005801FF0001005005D300692D37D324	江苏卫	NULL	20210901
视	3609.0	NULL	20210901
005801FF0001005005D300692D37D324	湖南卫	NULL	20210901
视	4.0	NULL	20210901
005801FF0001005005D300692D37D32E	CCTV9	11.0	20210901
005801FF0001005005D300692D37D331	CCTV2	470.0	20210901
005801FF0001005005D300692D37D331	CCTV5	0.0	20210901
005801FF0001005005D300692D37D331	东南卫	NULL	20210901
视	0.0	NULL	20210901
005801FF0001005005D300692D37D331	湖北卫	NULL	20210901
视	0.0	NULL	20210901
005801FF0001005005D300692D37D33D	CCTV9	9.0	20210901
005801FF0001005005D300692D37D33D	北京卫	NULL	20210901
视	35.0	NULL	20210901
005801FF0001005005D300692D37D33D	吉林卫	NULL	20210901
视	11.0	NULL	20210901
005801FF0001005005D300692D37D344	CCTV12	9.0	20210901
005801FF0001005005D300692D37D344	CCTV4	3725.0	20210901
005801FF0001005005D300692D37D344	CCTV9	414.0	20210901
005801FF0001005005D300692D37D344	其他直播频道	18818.0	20210901
005801FF0001005005D300692D37D344	浙江卫	NULL	20210901
视	2576.0	NULL	20210901
005801FF0001005005D300692D37D349	CCTV1	0.0	20210901
005801FF0001005005D300692D37D349	CCTV12	0.0	20210901
005801FF0001005005D300692D37D349	CCTV8	0.0	20210901
005801FF0001005005D300692D37D358	CCTV1	3611.0	20210901
005801FF0001005005D300692D37D362	CCTV4	0.0	20210901
005801FF0001005005D300692D37D362	CCTV5	0.0	20210901
005801FF0001005005D300692D37D362	其他直播频道	17.0	20210901
005801FF0001005005D300692D37D36A	CCTV1	3609.0	20210901
005801FF0001005005D300692D37D378	CCTV11	2.0	20210901
005801FF0001005005D300692D37D378	CCTV6	2.0	20210901
005801FF0001005005D300692D37D378	CCTV7	2.0	20210901
005801FF0001005005D300692D37D379	东南卫	NULL	20210901
视	0.0	NULL	20210901
005801FF0001005005D300692D37D379	其他直播频道	3613.0	20210901
005801FF0001005005D300692D37D379	天津卫	NULL	20210901
视	0.0	NULL	20210901
005801FF0001005005D300692D37D379	江西卫	NULL	20210901
视	1.0	NULL	20210901
005801FF0001005005D300692D37D379	湖南卫	NULL	20210901
视	2.0	NULL	20210901
005801FF0001005005D300692D37D379	贵州卫	NULL	20210901
视	0.0	NULL	20210901
005801FF0001005005D300692D37D379	重庆卫	NULL	20210901
视	0.0	NULL	20210901
005801FF0001005005D300692D37D37B	CCTV1	1495.0	20210901
005801FF0001005005D300692D37D37B	CCTV3	20.0	20210901
005801FF0001005005D300692D37D381	CCTV1	8.0	20210901
005801FF0001005005D300692D37D383	CCTV12	4.0	20210901
005801FF0001005005D300692D37D383	CCTV5	32.0	20210901
005801FF0001005005D300692D37D383	CCTV9	4.0	20210901
005801FF0001005005D300692D37D389	CCTV10	188.0	20210901
005801FF0001005005D300692D37D389	CCTV17	104.0	20210901
005801FF0001005005D300692D37D38A	其他直播频道	5913.0	20210901
005801FF0001005005D300692D37D38A	天津卫	NULL	20210901
视	7.0	NULL	20210901
005801FF0001005005D300692D37D38A	山西卫	NULL	20210901
视	1037.0	NULL	20210901
005801FF0001005005D300692D37D38A	江西卫	NULL	20210901
视	2.0	NULL	20210901
005801FF0001005005D300692D37D38A	浙江卫	NULL	20210901
视	11.0	NULL	20210901
005801FF0001005005D300692D37D38A	重庆卫	NULL	20210901
视	1.0	NULL	20210901
005801FF0001005005D300692D37D38D	CCTV17	13.0	20210901
005801FF0001005005D300692D37D38D	CCTV3	43.0	20210901
005801FF0001005005D300692D37D38D	CCTV4	2.0	20210901
005801FF0001005005D300692D37D38D	CCTV8	0.0	20210901
005801FF0001005005D300692D37D3AE	CCTV10	5.0	20210901
005801FF0001005005D300692D37D3AE	CCTV12	10.0	20210901
005801FF0001005005D300692D37D3AE	CCTV3	15.0	20210901
005801FF0001005005D300692D37D3AE	辽宁卫	NULL	20210901
视	0.0	NULL	20210901
005801FF0001005005D300692D37D3B1	CCTV13	289.0	20210901
005801FF0001005005D300692D37D3B1	CCTV8	2.0	20210901
005801FF0001005005D300692D37D3B1	东南卫	NULL	20210901
视	1077.0	NULL	20210901
005801FF0001005005D300692D37D3B1	内蒙古卫视	0.0	20210901
005801FF0001005005D300692D37D3B1	北京卫	NULL	20210901
视	0.0	NULL	20210901
005801FF0001005005D300692D37D3B1	山西卫	NULL	20210901
视	1.0	NULL	20210901
005801FF0001005005D300692D37D3B1	江苏卫	NULL	20210901
视	6.0	NULL	20210901
005801FF0001005005D300692D37D3B1	湖南卫	NULL	20210901
视	1.0	NULL	20210901
005801FF0001005005D300692D37D3B1	重庆卫	NULL	20210901
视	2.0	NULL	20210901
005801FF0001005005D300692D37D3D5	CCTV1	169.0	20210901
005801FF0001005005D300692D37D3D5	CCTV17	3.0	20210901
005801FF0001005005D300692D37D3D5	CCTV2	0.0	20210901
005801FF0001005005D300692D37D3D5	CCTV6	0.0	20210901
005801FF0001005005D300692D37D3D5	CCTV8	3.0	20210901
005801FF0001005005D300692D37D3DE	CCTV2	1.0	20210901
005801FF0001005005D300692D37D3DE	东南卫	NULL	20210901
视	2008.0	NULL	20210901
005801FF0001005005D300692D37D3DE	北京卫	NULL	20210901
视	21.0	NULL	20210901
005801FF0001005005D300692D37D3DE	宁夏卫	NULL	20210901
视	2.0	NULL	20210901
005801FF0001005005D300692D37D3DE	安徽卫	NULL	20210901
视	15.0	NULL	20210901
005801FF0001005005D300692D37D3DE	广东卫	NULL	20210901
视	4010.0	NULL	20210901
005801FF0001005005D300692D37D3DE	广西卫	NULL	20210901
视	4.0	NULL	20210901
005801FF0001005005D300692D37D3DE	重庆卫	NULL	20210901
视	3.0	NULL	20210901
005801FF0001005005D300692D37D3E1	CCTV13	0.0	20210901
005801FF0001005005D300692D37D3E1	CCTV17	2.0	20210901
005801FF0001005005D300692D37D3E1	其他直播频道	307.0	20210901
005801FF0001005005D300692D37D3E7	CCTV1	7219.0	20210901
005801FF0001005005D300692D37D3E7	CCTV2	3618.0	20210901
005801FF0001005005D300692D37D3E7	其他直播频道	722.0	20210901
005801FF0001005005D300692D37D3EC	CCTV14	13.0	20210901
005801FF0001005005D300692D37D3EC	CCTV2	205.0	20210901
005801FF0001005005D300692D37D3EC	CCTV6	354.0	20210901
005801FF0001005005D300692D37D3EC	吉林卫	NULL	20210901
视	4.0	NULL	20210901
005801FF0001005005D300692D37D3EC	山西卫	NULL	20210901
视	3.0	NULL	20210901
005801FF0001005005D300692D37D3EC	江苏卫	NULL	20210901
视	6.0	NULL	20210901
005801FF0001005005D300692D37D3EC	江西卫	NULL	20210901
视	9.0	NULL	20210901
005801FF0001005005D300692D37D3EC	深圳卫	NULL	20210901
视	2.0	NULL	20210901
005801FF0001005005D300692D37D3EC	重庆卫	NULL	20210901
视	1.0	NULL	20210901
005801FF0001005005D300692D37D3EC	黑龙江卫视	2.0	20210901
005801FF0001005005D300692D37D3EE	安徽卫	NULL	20210901
视	0.0	NULL	20210901
005801FF0001005005D300692D37D3EE	河南卫	NULL	20210901
视	27.0	NULL	20210901
005801FF0001005005D300692D37D3EE	湖北卫	NULL	20210901
视	0.0	NULL	20210901
005801FF0001005005D300692D37D404	CCTV10	28.0	20210901
005801FF0001005005D300692D37D404	CCTV4	127.0	20210901
005801FF0001005005D300692D37D404	山东卫	NULL	20210901
视	2.0	NULL	20210901
005801FF0001005005D300692D37D404	江西卫	NULL	20210901
视	3609.0	NULL	20210901
005801FF0001005005D300692D37D404	湖北卫	NULL	20210901
视	3.0	NULL	20210901
005801FF0001005005D300692D37D414	CCTV7	0.0	20210901
005801FF0001005005D300692D37D415	CCTV14	0.0	20210901
005801FF0001005005D300692D37D415	CCTV15	0.0	20210901
005801FF0001005005D300692D37D415	广东卫	NULL	20210901
视	3608.0	NULL	20210901
005801FF0001005005D300692D37D422	CCTV4	982.0	20210901
005801FF0001005005D300692D37D422	CCTV7	7.0	20210901
005801FF0001005005D300692D37D422	CCTV9	809.0	20210901
005801FF0001005005D300692D37D423	CCTV13	2.0	20210901
005801FF0001005005D300692D37D423	深圳卫	NULL	20210901
视	1.0	NULL	20210901
005801FF0001005005D300692D37D426	CCTV10	55.0	20210901
005801FF0001005005D300692D37D426	CCTV8	26.0	20210901
005801FF0001005005D300692D37D426	东南卫	NULL	20210901
视	2448.0	NULL	20210901
005801FF0001005005D300692D37D426	深圳卫	NULL	20210901
视	4.0	NULL	20210901
005801FF0001005005D300692D37D426	重庆卫	NULL	20210901
视	1.0	NULL	20210901
005801FF0001005005D300692D37D426	黑龙江卫视	9.0	20210901
005801FF0001005005D300692D37D427	CCTV10	241.0	20210901
005801FF0001005005D300692D37D427	CCTV11	5.0	20210901
005801FF0001005005D300692D37D427	CCTV14	2.0	20210901
005801FF0001005005D300692D37D427	CCTV4	10.0	20210901
005801FF0001005005D300692D37D427	CCTV5	259.0	20210901
005801FF0001005005D300692D37D427	CCTV7	748.0	20210901
005801FF0001005005D300692D37D427	CCTV9	142.0	20210901
005801FF0001005005D300692D37D427	广东卫	NULL	20210901
视	3.0	NULL	20210901
005801FF0001005005D300692D37D427	深圳卫	NULL	20210901
视	2.0	NULL	20210901
005801FF0001005005D300692D37D429	CCTV4	5834.0	20210901
005801FF0001005005D300692D37D429	CCTV5	4.0	20210901
005801FF0001005005D300692D37D429	其他直播频道	257.0	20210901
005801FF0001005005D300692D37D42A	CCTV12	18.0	20210901
005801FF0001005005D300692D37D42A	CCTV8	38.0	20210901
005801FF0001005005D300692D37D433	CCTV5	19.0	20210901
005801FF0001005005D300692D37D433	CCTV6	32.0	20210901
005801FF0001005005D300692D37D433	CCTV7	13.0	20210901
005801FF0001005005D300692D37D43A	CCTV10	30.0	20210901
005801FF0001005005D300692D37D43A	CCTV2	22.0	20210901
005801FF0001005005D300692D37D43E	其他直播频道	3609.0	20210901
005801FF0001005005D300692D37D440	CCTV15	4.0	20210901
005801FF0001005005D300692D37D440	山西卫	NULL	20210901
视	18.0	NULL	20210901
005801FF0001005005D300692D37D445	CCTV10	1.0	20210901
005801FF0001005005D300692D37D445	CCTV4	0.0	20210901
005801FF0001005005D300692D37D447	CCTV9	1.0	20210901
005801FF0001005005D300692D37D447	江苏卫	NULL	20210901
视	1.0	NULL	20210901
005801FF0001005005D300692D37D44F	其他直播频道	3616.0	20210901
005801FF0001005005D300692D37D451	CCTV6	13.0	20210901
005801FF0001005005D300692D37D451	CCTV7	9.0	20210901
005801FF0001005005D300692D37D451	其他直播频道	7107.0	20210901
005801FF0001005005D300692D37D451	内蒙古卫视	708.0	20210901
005801FF0001005005D300692D37D451	吉林卫	NULL	20210901
视	82.0	NULL	20210901
005801FF0001005005D300692D37D451	山东卫	NULL	20210901
视	4.0	NULL	20210901
005801FF0001005005D300692D37D451	江苏卫	NULL	20210901
视	4.0	NULL	20210901
005801FF0001005005D300692D37D451	深圳卫	NULL	20210901
视	3.0	NULL	20210901
005801FF0001005005D300692D37D451	湖南卫	NULL	20210901
视	7.0	NULL	20210901
005801FF0001005005D300692D37D451	贵州卫	NULL	20210901
视	8.0	NULL	20210901
005801FF0001005005D300692D37D459	CCTV14	4.0	20210901
005801FF0001005005D300692D37D459	CCTV17	104.0	20210901
005801FF0001005005D300692D37D459	浙江卫	NULL	20210901
视	4.0	NULL	20210901
005801FF0001005005D300692D37D465	CCTV1	8.0	20210901
005801FF0001005005D300692D37D465	CCTV2	6.0	20210901
005801FF0001005005D300692D37D465	广西卫	NULL	20210901
视	0.0	NULL	20210901
005801FF0001005005D300692D37D465	江西卫	NULL	20210901
视	2.0	NULL	20210901
005801FF0001005005D300692D37D465	浙江卫	NULL	20210901
视	0.0	NULL	20210901
005801FF0001005005D300692D37D465	深圳卫	NULL	20210901
视	1.0	NULL	20210901
005801FF0001005005D300692D37D465	辽宁卫	NULL	20210901
视	2.0	NULL	20210901
005801FF0001005005D300692D37D467	CCTV10	4.0	20210901
005801FF0001005005D300692D37D467	CCTV2	43.0	20210901
005801FF0001005005D300692D37D467	CCTV4	68.0	20210901
005801FF0001005005D300692D37D467	CCTV6	51.0	20210901
005801FF0001005005D300692D37D467	CCTV7	7.0	20210901
005801FF0001005005D300692D37D467	深圳卫	NULL	20210901
视	1.0	NULL	20210901
005801FF0001005005D300692D37D467	辽宁卫	NULL	20210901
视	13.0	NULL	20210901
005801FF0001005005D300692D37D46B	CCTV13	1.0	20210901
005801FF0001005005D300692D37D46B	CCTV5	3.0	20210901
005801FF0001005005D300692D37D46B	其他直播频道	3617.0	20210901
005801FF0001005005D300692D37D46E	CCTV1	8.0	20210901
005801FF0001005005D300692D37D46E	CCTV15	0.0	20210901
005801FF0001005005D300692D37D46E	CCTV2	1.0	20210901
005801FF0001005005D300692D37D46F	CCTV15	0.0	20210901
005801FF0001005005D300692D37D46F	CCTV4	1.0	20210901
005801FF0001005005D300692D37D46F	CCTV8	1.0	20210901
005801FF0001005005D300692D37D46F	CCTV9	18.0	20210901
005801FF0001005005D300692D37D46F	辽宁卫	NULL	20210901
视	29.0	NULL	20210901
005801FF0001005005D300692D37D498	CCTV12	90.0	20210901
005801FF0001005005D300692D37D498	CCTV13	3766.0	20210901
005801FF0001005005D300692D37D498	CCTV15	160.0	20210901
005801FF0001005005D300692D37D498	CCTV3	21.0	20210901
005801FF0001005005D300692D37D498	云南卫	NULL	20210901
视	119.0	NULL	20210901
005801FF0001005005D300692D37D498	吉林卫	NULL	20210901
视	57.0	NULL	20210901
005801FF0001005005D300692D37D498	山西卫	NULL	20210901
视	3715.0	NULL	20210901
005801FF0001005005D300692D37D498	浙江卫	NULL	20210901
视	6.0	NULL	20210901
005801FF0001005005D300692D37D49A	CCTV13	384.0	20210901
005801FF0001005005D300692D37D49A	CCTV15	12.0	20210901
005801FF0001005005D300692D37D49A	广东卫	NULL	20210901
视	5.0	NULL	20210901
005801FF0001005005D300692D37D4A8	CCTV11	3619.0	20210901
005801FF0001005005D300692D37D4A8	CCTV13	2650.0	20210901
005801FF0001005005D300692D37D4A8	CCTV2	4.0	20210901
005801FF0001005005D300692D37D4A8	CCTV5	8.0	20210901
005801FF0001005005D300692D37D4A8	北京卫	NULL	20210901
视	20.0	NULL	20210901
005801FF0001005005D300692D37D4A8	广西卫	NULL	20210901
视	466.0	NULL	20210901
005801FF0001005005D300692D37D4A8	贵州卫	NULL	20210901
视	1613.0	NULL	20210901
005801FF0001005005D300692D37D4A8	辽宁卫	NULL	20210901
视	405.0	NULL	20210901
005801FF0001005005D300692D37D4AD	CCTV10	26.0	20210901
005801FF0001005005D300692D37D4AD	CCTV14	271.0	20210901
005801FF0001005005D300692D37D4AD	CCTV2	0.0	20210901
005801FF0001005005D300692D37D4AD	CCTV8	0.0	20210901
005801FF0001005005D300692D37D4B1	CCTV1	7270.0	20210901
005801FF0001005005D300692D37D4B3	CCTV11	0.0	20210901
005801FF0001005005D300692D37D4B3	CCTV15	0.0	20210901
005801FF0001005005D300692D37D4B3	CCTV5	0.0	20210901
005801FF0001005005D300692D37D4B9	CCTV17	1.0	20210901
005801FF0001005005D300692D37D4B9	云南卫	NULL	20210901
视	3.0	NULL	20210901
005801FF0001005005D300692D37D4B9	山西卫	NULL	20210901
视	4.0	NULL	20210901
005801FF0001005005D300692D37D4B9	河南卫	NULL	20210901
视	6.0	NULL	20210901
005801FF0001005005D300692D37D4B9	重庆卫	NULL	20210901
视	8.0	NULL	20210901
005801FF0001005005D300692D37D4BB	CCTV1	41.0	20210901
005801FF0001005005D300692D37D4BB	CCTV11	9.0	20210901
005801FF0001005005D300692D37D4BB	CCTV12	20.0	20210901
005801FF0001005005D300692D37D4BB	CCTV15	4.0	20210901
005801FF0001005005D300692D37D4BB	CCTV7	30.0	20210901
005801FF0001005005D300692D37D4BB	北京卫	NULL	20210901
视	3809.0	NULL	20210901
005801FF0001005005D300692D37D4BD	CCTV13	11.0	20210901
005801FF0001005005D300692D37D4BD	CCTV3	34.0	20210901
005801FF0001005005D300692D37D4BD	东南卫	NULL	20210901
视	11.0	NULL	20210901
005801FF0001005005D300692D37D4BD	云南卫	NULL	20210901
视	6.0	NULL	20210901
005801FF0001005005D300692D37D4BD	其他直播频道	3719.0	20210901
005801FF0001005005D300692D37D4BD	山西卫	NULL	20210901
视	3.0	NULL	20210901
005801FF0001005005D300692D37D4BD	河北卫	NULL	20210901
视	8.0	NULL	20210901
005801FF0001005005D300692D37D4BD	浙江卫	NULL	20210901
视	3.0	NULL	20210901
005801FF0001005005D300692D37D4BD	湖北卫	NULL	20210901
视	3.0	NULL	20210901
005801FF0001005005D300692D37D4BD	重庆卫	NULL	20210901
视	12.0	NULL	20210901
005801FF0001005005D300692D37D4BE	CCTV10	2.0	20210901
005801FF0001005005D300692D37D4BE	CCTV5	6.0	20210901
005801FF0001005005D300692D37D4BE	CCTV6	0.0	20210901
005801FF0001005005D300692D37D4BE	CCTV8	1.0	20210901
005801FF0001005005D300692D37D4BE	云南卫	NULL	20210901
视	1.0	NULL	20210901
005801FF0001005005D300692D37D4BE	其他直播频道	60.0	20210901
005801FF0001005005D300692D37D4BE	宁夏卫	NULL	20210901
视	1.0	NULL	20210901
005801FF0001005005D300692D37D4BE	安徽卫	NULL	20210901
视	1.0	NULL	20210901
005801FF0001005005D300692D37D4BE	江苏卫	NULL	20210901
视	891.0	NULL	20210901
005801FF0001005005D300692D37D4BE	深圳卫	NULL	20210901
视	1.0	NULL	20210901
005801FF0001005005D300692D37D4C1	CCTV4	1.0	20210901
005801FF0001005005D300692D37D4C1	CCTV5	0.0	20210901
005801FF0001005005D300692D37D4C1	其他直播频道	10833.0	20210901
005801FF0001005005D300692D37D4C1	浙江卫	NULL	20210901
视	1.0	NULL	20210901
005801FF0001005005D300692D37D4C6	CCTV11	0.0	20210901
005801FF0001005005D300692D37D4C6	CCTV8	2.0	20210901
005801FF0001005005D300692D37D4C6	安徽卫	NULL	20210901
视	0.0	NULL	20210901
005801FF0001005005D300692D37D4C6	江西卫	NULL	20210901
视	1.0	NULL	20210901
005801FF0001005005D300692D37D4C6	河北卫	NULL	20210901
视	2.0	NULL	20210901
005801FF0001005005D300692D37D4C6	河南卫	NULL	20210901
视	1809.0	NULL	20210901
005801FF0001005005D300692D37D4C6	湖北卫	NULL	20210901
视	0.0	NULL	20210901
005801FF0001005005D300692D37D4CB	CCTV14	2.0	20210901
005801FF0001005005D300692D37D4CB	CCTV2	372.0	20210901
005801FF0001005005D300692D37D4CB	CCTV7	1.0	20210901
005801FF0001005005D300692D37D4CB	北京卫	NULL	20210901
视	2447.0	NULL	20210901
005801FF0001005005D300692D37D4CD	CCTV15	22.0	20210901
005801FF0001005005D300692D37D4CD	CCTV4	54.0	20210901
005801FF0001005005D300692D37D4CD	CCTV9	293.0	20210901
005801FF0001005005D300692D37D4CD	山东卫	NULL	20210901
视	18.0	NULL	20210901
005801FF0001005005D300692D37D4CD	贵州卫	NULL	20210901
视	1191.0	NULL	20210901
005801FF0001005005D300692D37D4CD	辽宁卫	NULL	20210901
视	49.0	NULL	20210901
005801FF0001005005D300692D37D4CD	黑龙江卫视	58.0	20210901
005801FF0001005005D300692D37D4E7	CCTV1	268.0	20210901
005801FF0001005005D300692D37D4E7	CCTV4	1.0	20210901
005801FF0001005005D300692D37D4E7	CCTV5	1.0	20210901
005801FF0001005005D300692D37D4E7	CCTV7	12.0	20210901
005801FF0001005005D300692D37D4E7	CCTV9	59.0	20210901
005801FF0001005005D300692D37D4E7	东南卫	NULL	20210901
视	1.0	NULL	20210901
005801FF0001005005D300692D37D4E7	天津卫	NULL	20210901
视	1.0	NULL	20210901
005801FF0001005005D300692D37D4E7	山西卫	NULL	20210901
视	0.0	NULL	20210901
005801FF0001005005D300692D37D4E7	江西卫	NULL	20210901
视	0.0	NULL	20210901
005801FF0001005005D300692D37D4EA	CCTV17	0.0	20210901
005801FF0001005005D300692D37D4EA	CCTV5	1281.0	20210901
005801FF0001005005D300692D37D4EA	CCTV7	1.0	20210901
005801FF0001005005D300692D37D4EA	重庆卫	NULL	20210901
视	1.0	NULL	20210901
005801FF0001005005D300692D37D4EC	CCTV10	232.0	20210901
005801FF0001005005D300692D37D4EC	CCTV11	35.0	20210901
005801FF0001005005D300692D37D4EC	CCTV9	72.0	20210901
005801FF0001005005D300692D37D4EC	其他直播频道	473.0	20210901
005801FF0001005005D300692D37D4F1	CCTV1	11.0	20210901
005801FF0001005005D300692D37D4F1	CCTV15	1.0	20210901
005801FF0001005005D300692D37D4F1	CCTV3	2.0	20210901
005801FF0001005005D300692D37D4F1	山东卫	NULL	20210901
视	3.0	NULL	20210901
005801FF0001005005D300692D37D4F1	江西卫	NULL	20210901
视	3609.0	NULL	20210901
005801FF0001005005D300692D37D4F1	湖北卫	NULL	20210901
视	2.0	NULL	20210901
005801FF0001005005D300692D37D4F1	贵州卫	NULL	20210901
视	1.0	NULL	20210901
005801FF0001005005D300692D37D4FC	CCTV1	1923.0	20210901
005801FF0001005005D300692D37D4FC	CCTV15	49.0	20210901
005801FF0001005005D300692D37D4FE	CCTV17	3.0	20210901
005801FF0001005005D300692D37D4FE	内蒙古卫视	21.0	20210901
005801FF0001005005D300692D37D4FE	山西卫	NULL	20210901
视	80.0	NULL	20210901
005801FF0001005005D300692D37D4FE	江西卫	NULL	20210901
视	8.0	NULL	20210901
005801FF0001005005D300692D37D4FE	深圳卫	NULL	20210901
视	63.0	NULL	20210901
005801FF0001005005D300692D37D4FE	湖南卫	NULL	20210901
视	12027.0	NULL	20210901
005801FF0001005005D300692D37D4FE	黑龙江卫视	2.0	20210901
005801FF0001005005D300692D37D501	CCTV6	7.0	20210901
005801FF0001005005D300692D37D50C	CCTV1	2938.0	20210901
005801FF0001005005D300692D37D50C	CCTV6	1.0	20210901
005801FF0001005005D300692D37D50C	宁夏卫	NULL	20210901
视	1.0	NULL	20210901
005801FF0001005005D300692D37D50C	山东卫	NULL	20210901
视	1.0	NULL	20210901
005801FF0001005005D300692D37D50C	广西卫	NULL	20210901
视	12.0	NULL	20210901
005801FF0001005005D300692D37D50C	江苏卫	NULL	20210901
视	1.0	NULL	20210901
005801FF0001005005D300692D37D50C	浙江卫	NULL	20210901
视	1.0	NULL	20210901
005801FF0001005005D300692D37D50C	湖南卫	NULL	20210901
视	1.0	NULL	20210901
005801FF0001005005D300692D37D50C	辽宁卫	NULL	20210901
视	7.0	NULL	20210901
005801FF0001005005D300692D37D50D	CCTV12	1.0	20210901
005801FF0001005005D300692D37D50E	CCTV1	7.0	20210901
005801FF0001005005D300692D37D513	江苏卫	NULL	20210901
视	0.0	NULL	20210901
005801FF0001005005D300692D37D513	湖北卫	NULL	20210901
视	1.0	NULL	20210901
005801FF0001005005D300692D37D513	辽宁卫	NULL	20210901
视	2.0	NULL	20210901
005801FF0001005005D300692D37D513	重庆卫	NULL	20210901
视	3609.0	NULL	20210901
005801FF0001005005D300692D37D517	CCTV1	1388.0	20210901
005801FF0001005005D300692D37D51C	CCTV12	0.0	20210901
005801FF0001005005D300692D37D51C	CCTV14	15.0	20210901
005801FF0001005005D300692D37D51C	CCTV5	1.0	20210901
005801FF0001005005D300692D37D51C	CCTV7	0.0	20210901
005801FF0001005005D300692D37D51C	CCTV9	13.0	20210901
005801FF0001005005D300692D37D51C	湖南卫	NULL	20210901
视	0.0	NULL	20210901
005801FF0001005005D300692D37D51C	重庆卫	NULL	20210901
视	0.0	NULL	20210901
005801FF0001005005D300692D37D51E	CCTV1	1.0	20210901
005801FF0001005005D300692D37D524	CCTV13	3623.0	20210901
005801FF0001005005D300692D37D524	其他直播频道	957.0	20210901
005801FF0001005005D300692D37D524	山西卫	NULL	20210901
视	2.0	NULL	20210901
005801FF0001005005D300692D37D524	重庆卫	NULL	20210901
视	18.0	NULL	20210901
005801FF0001005005D300692D37D525	CCTV1	32.0	20210901
005801FF0001005005D300692D37D525	CCTV12	3.0	20210901
005801FF0001005005D300692D37D525	CCTV3	2.0	20210901
005801FF0001005005D300692D37D525	CCTV4	2152.0	20210901
005801FF0001005005D300692D37D525	CCTV7	92.0	20210901
005801FF0001005005D300692D37D525	东南卫	NULL	20210901
视	694.0	NULL	20210901
005801FF0001005005D300692D37D528	云南卫	NULL	20210901
视	101.0	NULL	20210901
005801FF0001005005D300692D37D528	山西卫	NULL	20210901
视	7.0	NULL	20210901
005801FF0001005005D300692D37D528	河北卫	NULL	20210901
视	4.0	NULL	20210901
005801FF0001005005D300692D37D528	河南卫	NULL	20210901
视	12.0	NULL	20210901
005801FF0001005005D300692D37D528	辽宁卫	NULL	20210901
视	2.0	NULL	20210901
005801FF0001005005D300692D37D52C	CCTV7	2.0	20210901
005801FF0001005005D300692D37D52C	CCTV8	1.0	20210901
005801FF0001005005D300692D37D52C	CCTV9	1.0	20210901
005801FF0001005005D300692D37D52F	CCTV10	6.0	20210901
005801FF0001005005D300692D37D52F	CCTV4	84.0	20210901
005801FF0001005005D300692D37D52F	CCTV9	13.0	20210901
005801FF0001005005D300692D37D52F	云南卫	NULL	20210901
视	3.0	NULL	20210901
005801FF0001005005D300692D37D52F	内蒙古卫视	1.0	20210901
005801FF0001005005D300692D37D52F	安徽卫	NULL	20210901
视	7.0	NULL	20210901
005801FF0001005005D300692D37D52F	湖南卫	NULL	20210901
视	990.0	NULL	20210901
005801FF0001005005D300692D37D52F	辽宁卫	NULL	20210901
视	10.0	NULL	20210901
005801FF0001005005D300692D37D533	CCTV12	1.0	20210901
005801FF0001005005D300692D37D533	CCTV13	1.0	20210901
005801FF0001005005D300692D37D533	CCTV3	4.0	20210901
005801FF0001005005D300692D37D533	CCTV5	5.0	20210901
005801FF0001005005D300692D37D533	内蒙古卫视	2.0	20210901
005801FF0001005005D300692D37D533	山西卫	NULL	20210901
视	2.0	NULL	20210901
005801FF0001005005D300692D37D534	CCTV12	1.0	20210901
005801FF0001005005D300692D37D534	CCTV13	1.0	20210901
005801FF0001005005D300692D37D534	山东卫	NULL	20210901
视	3.0	NULL	20210901
005801FF0001005005D300692D37D534	广东卫	NULL	20210901
视	59.0	NULL	20210901
005801FF0001005005D300692D37D534	湖北卫	NULL	20210901
视	2.0	NULL	20210901
005801FF0001005005D300692D37D539	CCTV12	0.0	20210901
005801FF0001005005D300692D37D53A	CCTV1	7315.0	20210901
005801FF0001005005D300692D37D53A	CCTV10	88.0	20210901
005801FF0001005005D300692D37D53A	CCTV12	38.0	20210901
005801FF0001005005D300692D37D53A	CCTV15	10.0	20210901
005801FF0001005005D300692D37D53A	CCTV17	27.0	20210901
005801FF0001005005D300692D37D53A	CCTV2	1907.0	20210901
005801FF0001005005D300692D37D53A	CCTV4	7356.0	20210901
005801FF0001005005D300692D37D53A	其他直播频道	10467.0	20210901
005801FF0001005005D300692D37D53A	内蒙古卫视	9.0	20210901
005801FF0001005005D300692D37D53A	广东卫	NULL	20210901
视	30.0	NULL	20210901
005801FF0001005005D300692D37D53A	广西卫	NULL	20210901
视	8.0	NULL	20210901
005801FF0001005005D300692D37D53A	江西卫	NULL	20210901
视	11.0	NULL	20210901
005801FF0001005005D300692D37D53A	河北卫	NULL	20210901
视	13.0	NULL	20210901
005801FF0001005005D300692D37D53A	河南卫	NULL	20210901
视	56.0	NULL	20210901
005801FF0001005005D300692D37D546	CCTV1	81.0	20210901
005801FF0001005005D300692D37D546	CCTV8	20.0	20210901
005801FF0001005005D300692D37D546	天津卫	NULL	20210901
视	20.0	NULL	20210901
005801FF0001005005D300692D37D546	湖北卫	NULL	20210901
视	2856.0	NULL	20210901
005801FF0001005005D300692D37D546	贵州卫	NULL	20210901
视	8.0	NULL	20210901
005801FF0001005005D300692D37D54B	CCTV13	7.0	20210901
005801FF0001005005D300692D37D54B	CCTV14	2.0	20210901
005801FF0001005005D300692D37D54B	CCTV2	6.0	20210901
005801FF0001005005D300692D37D54B	CCTV7	32.0	20210901
005801FF0001005005D300692D37D54B	其他直播频道	12469.0	20210901
005801FF0001005005D300692D37D54B	北京卫	NULL	20210901
视	2.0	NULL	20210901
005801FF0001005005D300692D37D54B	山东卫	NULL	20210901
视	4.0	NULL	20210901
005801FF0001005005D300692D37D551	CCTV2	63.0	20210901
005801FF0001005005D300692D37D551	CCTV9	14.0	20210901
005801FF0001005005D300692D37D551	安徽卫	NULL	20210901
视	16.0	NULL	20210901
005801FF0001005005D300692D37D551	山东卫	NULL	20210901
视	2885.0	NULL	20210901
005801FF0001005005D300692D37D551	江西卫	NULL	20210901
视	185.0	NULL	20210901
005801FF0001005005D300692D37D551	湖北卫	NULL	20210901
视	16.0	NULL	20210901
005801FF0001005005D300692D37D551	湖南卫	NULL	20210901
视	12.0	NULL	20210901
005801FF0001005005D300692D37D551	重庆卫	NULL	20210901
视	13.0	NULL	20210901
005801FF0001005005D300692D37D553	CCTV1	7.0	20210901
005801FF0001005005D300692D37D553	CCTV7	1.0	20210901
005801FF0001005005D300692D37D553	其他直播频道	0.0	20210901
005801FF0001005005D300692D37D553	浙江卫	NULL	20210901
视	0.0	NULL	20210901
005801FF0001005005D300692D37D561	CCTV9	1.0	20210901
005801FF0001005005D300692D37D561	其他直播频道	3109.0	20210901
005801FF0001005005D300692D37D56D	CCTV14	205.0	20210901
005801FF0001005005D300692D37D56F	CCTV15	6.0	20210901
005801FF0001005005D300692D37D56F	CCTV7	0.0	20210901
005801FF0001005005D300692D37D56F	东南卫	NULL	20210901
视	1.0	NULL	20210901
005801FF0001005005D300692D37D56F	北京卫	NULL	20210901
视	1.0	NULL	20210901
005801FF0001005005D300692D37D56F	江西卫	NULL	20210901
视	4.0	NULL	20210901
005801FF0001005005D300692D37D56F	河南卫	NULL	20210901
视	4.0	NULL	20210901
005801FF0001005005D300692D37D56F	辽宁卫	NULL	20210901
视	4.0	NULL	20210901
005801FF0001005005D300692D37D57F	CCTV10	23.0	20210901
005801FF0001005005D300692D37D57F	CCTV15	1.0	20210901
005801FF0001005005D300692D37D57F	CCTV6	3.0	20210901
005801FF0001005005D300692D37D582	CCTV12	1.0	20210901
005801FF0001005005D300692D37D582	CCTV5	84.0	20210901
005801FF0001005005D300692D37D582	其他直播频道	165.0	20210901
005801FF0001005005D300692D37D582	江西卫	NULL	20210901
视	8.0	NULL	20210901
005801FF0001005005D300692D37D582	深圳卫	NULL	20210901
视	7.0	NULL	20210901
005801FF0001005005D300692D37D585	CCTV1	710.0	20210901
005801FF0001005005D300692D37D585	CCTV11	11.0	20210901
005801FF0001005005D300692D37D585	CCTV2	15.0	20210901
005801FF0001005005D300692D37D585	CCTV8	4.0	20210901
005801FF0001005005D300692D37D588	CCTV12	13.0	20210901
005801FF0001005005D300692D37D588	CCTV8	1.0	20210901
005801FF0001005005D300692D37D588	云南卫	NULL	20210901
视	0.0	NULL	20210901
005801FF0001005005D300692D37D588	北京卫	NULL	20210901
视	3609.0	NULL	20210901
005801FF0001005005D300692D37D588	安徽卫	NULL	20210901
视	80.0	NULL	20210901
005801FF0001005005D300692D37D588	广东卫	NULL	20210901
视	2.0	NULL	20210901
005801FF0001005005D300692D37D588	广西卫	NULL	20210901
视	1.0	NULL	20210901
005801FF0001005005D300692D37D588	河南卫	NULL	20210901
视	0.0	NULL	20210901
005801FF0001005005D300692D37D588	重庆卫	NULL	20210901
视	0.0	NULL	20210901
005801FF0001005005D300692D37D58A	CCTV12	0.0	20210901
005801FF0001005005D300692D37D58A	CCTV4	0.0	20210901
005801FF0001005005D300692D37D58A	CCTV6	0.0	20210901
005801FF0001005005D300692D37D58A	CCTV7	0.0	20210901
005801FF0001005005D300692D37D58A	CCTV9	1.0	20210901
005801FF0001005005D300692D37D58A	东南卫	NULL	20210901
视	0.0	NULL	20210901
005801FF0001005005D300692D37D58A	内蒙古卫视	1.0	20210901
005801FF0001005005D300692D37D58A	吉林卫	NULL	20210901
视	2.0	NULL	20210901
005801FF0001005005D300692D37D58A	天津卫	NULL	20210901
视	0.0	NULL	20210901
005801FF0001005005D300692D37D58A	山西卫	NULL	20210901
视	0.0	NULL	20210901
005801FF0001005005D300692D37D58A	江苏卫	NULL	20210901
视	0.0	NULL	20210901
005801FF0001005005D300692D37D58A	深圳卫	NULL	20210901
视	0.0	NULL	20210901
005801FF0001005005D300692D37D58A	湖北卫	NULL	20210901
视	0.0	NULL	20210901
005801FF0001005005D300692D37D58D	CCTV1	1287.0	20210901
005801FF0001005005D300692D37D58F	CCTV1	635.0	20210901
005801FF0001005005D300692D37D58F	CCTV5	3.0	20210901
005801FF0001005005D300692D37D592	CCTV1	3609.0	20210901
005801FF0001005005D300692D37D592	CCTV5	0.0	20210901
005801FF0001005005D300692D37D599	CCTV12	517.0	20210901
005801FF0001005005D300692D37D599	CCTV13	309.0	20210901
005801FF0001005005D300692D37D599	CCTV3	38.0	20210901
005801FF0001005005D300692D37D599	CCTV5	94.0	20210901
005801FF0001005005D300692D37D599	CCTV8	6.0	20210901
005801FF0001005005D300692D37D5A6	CCTV1	3611.0	20210901
005801FF0001005005D300692D37D5AE	CCTV3	1207.0	20210901
005801FF0001005005D300692D37D5AE	CCTV5	27.0	20210901
005801FF0001005005D300692D37D5AE	CCTV7	2.0	20210901
005801FF0001005005D300692D37D5B2	CCTV17	1.0	20210901
005801FF0001005005D300692D37D5B2	CCTV5	1212.0	20210901
005801FF0001005005D300692D37D5B3	CCTV10	7.0	20210901
005801FF0001005005D300692D37D5B3	CCTV2	88.0	20210901
005801FF0001005005D300692D37D5B3	CCTV8	5.0	20210901
005801FF0001005005D300692D37D5B3	天津卫	NULL	20210901
视	9.0	NULL	20210901
005801FF0001005005D300692D37D5B3	浙江卫	NULL	20210901
视	32.0	NULL	20210901
005801FF0001005005D300692D37D5B3	湖北卫	NULL	20210901
视	3.0	NULL	20210901
005801FF0001005005D300692D37D5B8	CCTV1	1415.0	20210901
005801FF0001005005D300692D37D5B8	天津卫	NULL	20210901
视	2.0	NULL	20210901
005801FF0001005005D300692D37D5B8	广东卫	NULL	20210901
视	3610.0	NULL	20210901
005801FF0001005005D300692D37D5B8	江西卫	NULL	20210901
视	6.0	NULL	20210901
005801FF0001005005D300692D37D5B8	河南卫	NULL	20210901
视	139.0	NULL	20210901
005801FF0001005005D300692D37D5B8	浙江卫	NULL	20210901
视	5.0	NULL	20210901
005801FF0001005005D300692D37D5B8	深圳卫	NULL	20210901
视	1284.0	NULL	20210901
005801FF0001005005D300692D37D5B8	贵州卫	NULL	20210901
视	5.0	NULL	20210901
005801FF0001005005D300692D37D5B8	辽宁卫	NULL	20210901
视	12.0	NULL	20210901
005801FF0001005005D300692D37D5C6	CCTV1	3609.0	20210901
005801FF0001005005D300692D37D5C9	CCTV1	7218.0	20210901
005801FF0001005005D300692D37D5C9	北京卫	NULL	20210901
视	44.0	NULL	20210901
005801FF0001005005D300692D37D5C9	广东卫	NULL	20210901
视	13.0	NULL	20210901
005801FF0001005005D300692D37D5CA	CCTV11	1.0	20210901
005801FF0001005005D300692D37D5CA	CCTV15	1.0	20210901
005801FF0001005005D300692D37D5CA	CCTV17	57.0	20210901
005801FF0001005005D300692D37D5CA	CCTV6	3612.0	20210901
005801FF0001005005D300692D37D5CA	云南卫	NULL	20210901
视	1.0	NULL	20210901
005801FF0001005005D300692D37D5CA	山西卫	NULL	20210901
视	1.0	NULL	20210901
005801FF0001005005D300692D37D5CA	广东卫	NULL	20210901
视	1.0	NULL	20210901
005801FF0001005005D300692D37D5CA	广西卫	NULL	20210901
视	2.0	NULL	20210901
005801FF0001005005D300692D37D5CA	江西卫	NULL	20210901
视	1025.0	NULL	20210901
005801FF0001005005D300692D37D5CA	湖北卫	NULL	20210901
视	3.0	NULL	20210901
005801FF0001005005D300692D37D5CA	辽宁卫	NULL	20210901
视	3.0	NULL	20210901
005801FF0001005005D300692D37D5D0	CCTV1	545.0	20210901
005801FF0001005005D300692D37D5DF	CCTV1	2533.0	20210901
005801FF0001005005D300692D37D5DF	CCTV10	58.0	20210901
005801FF0001005005D300692D37D5DF	CCTV11	7.0	20210901
005801FF0001005005D300692D37D5DF	CCTV14	6.0	20210901
005801FF0001005005D300692D37D5DF	CCTV15	8.0	20210901
005801FF0001005005D300692D37D5DF	CCTV17	9.0	20210901
005801FF0001005005D300692D37D5DF	东南卫	NULL	20210901
视	2.0	NULL	20210901
005801FF0001005005D300692D37D5DF	内蒙古卫视	3.0	20210901
005801FF0001005005D300692D37D5DF	安徽卫	NULL	20210901
视	6.0	NULL	20210901
005801FF0001005005D300692D37D5DF	山西卫	NULL	20210901
视	10.0	NULL	20210901
005801FF0001005005D300692D37D5DF	江西卫	NULL	20210901
视	3.0	NULL	20210901
005801FF0001005005D300692D37D5E3	吉林卫	NULL	20210901
视	1.0	NULL	20210901
005801FF0001005005D300692D37D5E3	江苏卫	NULL	20210901
视	247.0	NULL	20210901
005801FF0001005005D300692D37D5E3	江西卫	NULL	20210901
视	1.0	NULL	20210901
005801FF0001005005D300692D37D5E3	河南卫	NULL	20210901
视	1.0	NULL	20210901
005801FF0001005005D300692D37D5E7	CCTV2	0.0	20210901
005801FF0001005005D300692D37D5F3	其他直播频道	3610.0	20210901
005801FF0001005005D300692D37D5F5	CCTV12	1.0	20210901
005801FF0001005005D300692D37D5F5	CCTV13	1.0	20210901
005801FF0001005005D300692D37D5F5	CCTV17	0.0	20210901
005801FF0001005005D300692D37D5F5	内蒙古卫视	0.0	20210901
005801FF0001005005D300692D37D5F5	山东卫	NULL	20210901
视	4.0	NULL	20210901
005801FF0001005005D300692D37D5F5	江苏卫	NULL	20210901
视	6.0	NULL	20210901
005801FF0001005005D300692D37D5F5	黑龙江卫视	12.0	20210901
005801FF0001005005D300692D37D5FE	云南卫	NULL	20210901
视	1.0	NULL	20210901
005801FF0001005005D300692D37D5FE	江苏卫	NULL	20210901
视	4.0	NULL	20210901
005801FF0001005005D300692D37D605	CCTV10	4.0	20210901
005801FF0001005005D300692D37D605	CCTV3	10.0	20210901
005801FF0001005005D300692D37D605	CCTV6	9.0	20210901
005801FF0001005005D300692D37D607	其他直播频道	234.0	20210901
005801FF0001005005D300692D37D623	CCTV11	5.0	20210901
005801FF0001005005D300692D37D623	云南卫	NULL	20210901
视	29.0	NULL	20210901
005801FF0001005005D300692D37D623	其他直播频道	168.0	20210901
005801FF0001005005D300692D37D623	深圳卫	NULL	20210901
视	15.0	NULL	20210901
005801FF0001005005D300692D37D623	湖南卫	NULL	20210901
视	3.0	NULL	20210901
005801FF0001005005D300692D37D629	贵州卫	NULL	20210901
视	552.0	NULL	20210901
005801FF0001005005D300692D37D638	CCTV10	0.0	20210901
005801FF0001005005D300692D37D638	CCTV17	0.0	20210901
005801FF0001005005D300692D37D638	CCTV2	3.0	20210901
005801FF0001005005D300692D37D638	安徽卫	NULL	20210901
视	2.0	NULL	20210901
005801FF0001005005D300692D37D638	山东卫	NULL	20210901
视	0.0	NULL	20210901
005801FF0001005005D300692D37D638	广西卫	NULL	20210901
视	15.0	NULL	20210901
005801FF0001005005D300692D37D638	河北卫	NULL	20210901
视	1.0	NULL	20210901
005801FF0001005005D300692D37D638	浙江卫	NULL	20210901
视	2.0	NULL	20210901
005801FF0001005005D300692D37D638	黑龙江卫视	1.0	20210901
005801FF0001005005D300692D37D63D	CCTV15	1.0	20210901
005801FF0001005005D300692D37D63D	CCTV17	0.0	20210901
005801FF0001005005D300692D37D63D	CCTV3	3.0	20210901
005801FF0001005005D300692D37D63D	CCTV9	1.0	20210901
005801FF0001005005D300692D37D63D	其他直播频道	2002.0	20210901
005801FF0001005005D300692D37D63D	湖南卫	NULL	20210901
视	0.0	NULL	20210901
005801FF0001005005D300692D37D64A	CCTV14	10.0	20210901
005801FF0001005005D300692D37D64A	CCTV3	22.0	20210901
005801FF0001005005D300692D37D64A	CCTV5	9.0	20210901
005801FF0001005005D300692D37D64A	其他直播频道	142.0	20210901
005801FF0001005005D300692D37D64A	广东卫	NULL	20210901
视	54.0	NULL	20210901
005801FF0001005005D300692D37D64A	江苏卫	NULL	20210901
视	3.0	NULL	20210901
005801FF0001005005D300692D37D64F	CCTV17	32.0	20210901
005801FF0001005005D300692D37D64F	CCTV7	6.0	20210901
005801FF0001005005D300692D37D64F	CCTV8	25.0	20210901
005801FF0001005005D300692D37D64F	内蒙古卫视	1.0	20210901
005801FF0001005005D300692D37D64F	浙江卫	NULL	20210901
视	2.0	NULL	20210901
005801FF0001005005D300692D37D64F	辽宁卫	NULL	20210901
视	1.0	NULL	20210901
005801FF0001005005D300692D37D659	天津卫	NULL	20210901
视	0.0	NULL	20210901
005801FF0001005005D300692D37D65A	云南卫	NULL	20210901
视	1.0	NULL	20210901
005801FF0001005005D300692D37D65A	山东卫	NULL	20210901
视	1.0	NULL	20210901
005801FF0001005005D300692D37D668	CCTV4	1.0	20210901
005801FF0001005005D300692D37D668	CCTV5	0.0	20210901
005801FF0001005005D300692D37D668	CCTV7	1.0	20210901
005801FF0001005005D300692D37D668	CCTV9	1.0	20210901
005801FF0001005005D300692D37D66B	CCTV5	198.0	20210901
005801FF0001005005D300692D37D676	CCTV10	1.0	20210901
005801FF0001005005D300692D37D676	CCTV12	2815.0	20210901
005801FF0001005005D300692D37D676	CCTV14	0.0	20210901
005801FF0001005005D300692D37D676	CCTV15	157.0	20210901
005801FF0001005005D300692D37D676	CCTV3	5.0	20210901
005801FF0001005005D300692D37D676	CCTV4	1.0	20210901
005801FF0001005005D300692D37D676	天津卫	NULL	20210901
视	12.0	NULL	20210901
005801FF0001005005D300692D37D676	山东卫	NULL	20210901
视	2.0	NULL	20210901
005801FF0001005005D300692D37D676	河北卫	NULL	20210901
视	4.0	NULL	20210901
005801FF0001005005D300692D37D676	浙江卫	NULL	20210901
视	5.0	NULL	20210901
005801FF0001005005D300692D37D677	CCTV14	4.0	20210901
005801FF0001005005D300692D37D677	北京卫	NULL	20210901
视	260.0	NULL	20210901
005801FF0001005005D300692D37D677	浙江卫	NULL	20210901
视	5.0	NULL	20210901
005801FF0001005005D300692D37D679	CCTV1	3639.0	20210901
005801FF0001005005D300692D37D679	CCTV15	1.0	20210901
005801FF0001005005D300692D37D679	CCTV17	0.0	20210901
005801FF0001005005D300692D37D679	CCTV6	0.0	20210901
005801FF0001005005D300692D37D679	CCTV9	0.0	20210901
005801FF0001005005D300692D37D679	北京卫	NULL	20210901
视	0.0	NULL	20210901
005801FF0001005005D300692D37D679	天津卫	NULL	20210901
视	0.0	NULL	20210901
005801FF0001005005D300692D37D679	山西卫	NULL	20210901
视	0.0	NULL	20210901
005801FF0001005005D300692D37D679	江苏卫	NULL	20210901
视	0.0	NULL	20210901
005801FF0001005005D300692D37D679	浙江卫	NULL	20210901
视	2.0	NULL	20210901
005801FF0001005005D300692D37D679	湖北卫	NULL	20210901
视	1.0	NULL	20210901
005801FF0001005005D300692D37D67B	CCTV13	17.0	20210901
005801FF0001005005D300692D37D67B	CCTV6	12.0	20210901
005801FF0001005005D300692D37D67B	CCTV7	68.0	20210901
005801FF0001005005D300692D37D67B	CCTV9	104.0	20210901
005801FF0001005005D300692D37D67B	广西卫	NULL	20210901
视	1.0	NULL	20210901
005801FF0001005005D300692D37D67B	河北卫	NULL	20210901
视	0.0	NULL	20210901
005801FF0001005005D300692D37D67B	贵州卫	NULL	20210901
视	1.0	NULL	20210901
005801FF0001005005D300692D37D67B	黑龙江卫视	1.0	20210901
005801FF0001005005D300692D37D67E	CCTV5	0.0	20210901
005801FF0001005005D300692D37D682	CCTV3	0.0	20210901
005801FF0001005005D300692D37D68D	CCTV1	3631.0	20210901
005801FF0001005005D300692D37D68D	CCTV2	7.0	20210901
005801FF0001005005D300692D37D693	CCTV12	2517.0	20210901
005801FF0001005005D300692D37D693	CCTV15	3.0	20210901
005801FF0001005005D300692D37D693	CCTV8	4.0	20210901
005801FF0001005005D300692D37D693	CCTV9	20.0	20210901
005801FF0001005005D300692D37D693	东南卫	NULL	20210901
视	5.0	NULL	20210901
005801FF0001005005D300692D37D693	安徽卫	NULL	20210901
视	3.0	NULL	20210901
005801FF0001005005D300692D37D69B	CCTV1	2403.0	20210901
005801FF0001005005D300692D37D69B	CCTV7	7479.0	20210901
005801FF0001005005D300692D37D69B	CCTV9	572.0	20210901
005801FF0001005005D300692D37D6A1	CCTV11	1.0	20210901
005801FF0001005005D300692D37D6A1	CCTV13	3608.0	20210901
005801FF0001005005D300692D37D6A1	CCTV2	0.0	20210901
005801FF0001005005D300692D37D6A6	CCTV3	2.0	20210901
005801FF0001005005D300692D37D6AD	CCTV1	14.0	20210901
