htv_demand_content_middle.deviceid	htv_demand_content_middle.videoname	htv_demand_content_middle.date_time
005801FF0001005005D300692D37D4EA	忍者神龟2：破影而出-原声版	20210901
005801FF0001005005D300692D37DA69	与君歌	20210901
005801FF0001005005D300692D37DABB	花开山乡	20210901
005801FF0001005005D300692D37DB16	烈火凤凰	20210901
005801FF0001005005D300692D37DCD7	蜡笔小新第五季	20210901
005801FF0001005005D300692D37E0C5	拯救者	20210901
005801FF0001005005D300692D37E298	小猪佩奇第一季（新）	20210901
005801FF0001005005D300692D37E372	小猪佩奇第一季（新）	20210901
005801FF0001005005D300692D37E469	超级飞侠第一季	20210901
005801FF0001005005D300692D37E777	大秧歌	20210901
005801FF0001005005D300692D37E95B	小狮子赛几	20210901
005801FF0001005005D300692D37E972	踏破硝烟	20210901
005801FF0001005005D300692D37EAEB	小伶玩具之超人气芭比娃娃特辑	20210901
005801FF0001005005D300692D37EB36	唐人街探案3-国语版	20210901
005801FF0001005005D300692D37EBEC	小猪佩奇第一季（新）	20210901
005801FF0001005005D300692D37EC2B	钟馗传说	20210901
005801FF0001005005D300692D37ED35	菲梦少女第二季	20210901
005801FF0001005005D300692D37EDB2	我就是这般女子	20210901
005801FF0001005005D300692D37EF87	小伶玩具第一季：时尚DIY	20210901
005801FF0001005005D300692D37EFCC	开心超人联盟之机械堡奇遇记	20210901
005801FF0001005005D300692D37F0C2	小猪佩奇第一季（新）	20210901
005801FF0001005005D300692D37F1DC	王牌对王牌 第四季	20210901
005801FF0001005005D300692D37F29C	你微笑时很美	20210901
005801FF0001005005D300692D37F37B	夜空中最闪亮的星	20210901
005801FF0001005005D300692D37F39F	乐高城市	20210901
005801FF0001005005D300692D37F3D0	百灵潭	20210901
005801FF0001005005D300692D37F8BF	喜羊羊与灰太狼之羊年喜羊羊-国语版	20210901
005801FF0001005005D300692D37FA46	奔跑吧 第三季	20210901
005801FF0001005005D300692D37FC67	汪汪队立大功第一季	20210901
005801FF0001005005D300692D37FCF9	小猪佩奇第二季（新）	20210901
005801FF0001005005D300692D37FD86	快乐大本营 2019	20210901
005801FF0001005005D300692D37FDB5	战狼-国语版	20210901
005801FF0001005005D300692D37FE6A	我的爸爸是森林之王-国语版	20210901
005801FF0001005005D300692D380597	小猪佩奇第一季（新）	20210901
005801FF0001005005D300692D380597	汪汪队立大功第一季	20210901
005801FF0001005005D300692D3809E3	向往的生活 第一季	20210901
005801FF0001005005D300692D380C63	风中奇缘	20210901
005801FF0001005005D300692D380D6E	魔都风云	20210901
005801FF0001005005D300692D380E0A	铁血殊途	20210901
005801FF0001005005D300692D380EDF	蒙面舞王	20210901
005801FF0001005005D300692D381092	精灵宝可梦太阳和月亮第二季	20210901
005801FF0001005005D300692D3810B3	王牌对王牌 第六季	20210901
005801FF0001005005D300692D3813EB	粘豆包	20210901
005801FF0001005005D300692D3815FC	宝宝巴士细菌来了	20210901
005801FF0001005005D300692D38160D	红鲨突击	20210901
005801FF0001005005D300692D381731	琉璃	20210901
005801FF0001005005D300692D3817D4	开心鬼-国语版	20210901
005801FF0001005005D300692D3817E3	魔能圣甲	20210901
005801FF0001005005D300692D381D6C	铁血殊途	20210901
005801FF0001005005D300692D381F44	我的奇妙男友2之恋恋不忘	20210901
005801FF0001005006D400692D3DA45C	猪猪侠之南海日记第一季	20210901
005801FF0001005006D400692D3DA4A7	暗格里的秘密	20210901
005801FF0001005006D400692D3DA6D9	阿衰第五季	20210901
005801FF0001005006D400692D3DA9D1	疯狂动物城-国语版	20210901
005801FF0001005006D400692D3DAE47	猪猪侠之超星五灵侠第一季	20210901
005801FF0001005006D400692D3DB664	小伶玩具第一季：时尚DIY	20210901
005801FF0001005006D400692D3DBE38	猫和老鼠第二季	20210901
005801FF0001005006D400692D3DBE7C	百灵潭	20210901
005801FF0001005006D400692D3DC1FE	结婚的秘密	20210901
005801FF00010050F6E52C43BE5CA12A	花开山乡	20210901
005801FF00010050F6E52C43BE5CA1BD	精灵梦叶罗丽第四季	20210901
005801FF00010050F6E52C43BE5CA6E4	贝乐虎儿童音乐剧之奇妙的身体	20210901
005801FF00010050F6E52C43BE5CA865	猪猪侠之南海日记第一季	20210901
005801FF00010050F6E52C43BE5CACC4	汪汪队立大功第一季	20210901
005801FF00010050F6E52C43BE5CB4B4	疯狂动物城-国语版	20210901
005801FF00010050F6E52C43BE5CB6A3	名侦探柯南：第十一名前锋-国语版	20210901
005801FF00010050F6E52C43BE5CC07A	黑狐之风影	20210901
005801FF00010050F6E52C43BE5CC13A	牛气满满的哥哥	20210901
005801FF00010050F6E52C43BE5CC238	斗罗大陆3龙王传说第一季	20210901
005801FF00010050F6E52C43BE5CC56C	汪汪队立大功第一季	20210901
005801FF00010050F6E52C43BE5CCC3B	菲梦少女第二季	20210901
005801FF00010050F6E52C43BE5CCE58	精灵梦叶罗丽第六季	20210901
005801FF00010050F6E52C43BE5CCEAC	超迷你战士第二季	20210901
005801FF00010050F6E52C43BE5CCF5C	牛气满满的哥哥	20210901
005801FF0001007001B960D21C442AA9	超级飞侠第三季	20210901
005801FF0001007001B960D21C442DB9	海绵宝宝第七季	20210901
005801FF0001007001B960D21C442F7C	铠甲勇士猎铠之神脑危机	20210901
005801FF0001007001B960D21C44328D	熊出没之环球大冒险	20210901
005801FF0001007001B960D21C4435E0	超甲虫战记之圣域传说	20210901
005801FF0001007001B960D21C4437AC	小狮子赛几	20210901
005801FF0001007001B960D21C443830	小猪佩奇第三季	20210901
005801FF0001007001B960D21C444333	乐高好朋友第二季：女孩在行动	20210901
005801FF0001007003B860D21C3E1F20	熊出没之夺宝熊兵	20210901
005801FF0001007003B860D21C3E227A	聪明的顺溜之雄鹰小子2	20210901
005801FF0001007003B860D21C3E2462	碟中谍	20210901
005801FF0001007003B860D21C3E2669	23号牛乃唐 第二季	20210901
005801FF0001007003B860D21C3E2814	奇奇和悦悦的玩具	20210901
005801FF0001007003B860D21C3E2814	蜡笔小新第七季[下]	20210901
005801FF0001007003B860D21C3E35E8	内部inside	20210901
005801FF0001007003B860D21C3E3A87	精灵梦叶罗丽 第七季	20210901
005801FF0001007003B860D21C3E3C08	多纳爱英语：威尔小镇	20210901
005801FF0001007003B860D21C3E3FE5	隋唐英雄3	20210901
005801FF0001007005B860D21C30451D	神奇仙女公主第七季	20210901
005801FF0001007005B860D21C30514A	买奇酷之咖宝家族	20210901
005801FF0001007005B860D21C305593	兔小蛋玩具	20210901
005801FF0001007005B860D21C305606	哆啦A梦第三季[中]	20210901
005801FF0001007005B860D21C305D7A	超级宝贝JOJO第二季	20210901
005801FF0001007005B860D21C3062CE	伏弩	20210901
005801FF0001007005B860D21C3062DC	名侦探柯南第四季	20210901
005801FF0001007005B860D21C30648D	熊出没之夺宝熊兵	20210901
005801FF0001007005B860D21C30679C	喜羊羊与灰太狼之羊村守护者之四	20210901
005801FF0001007005B860D21C3067BF	哆啦A梦第三季[中]	20210901
005801FF0001007005B860D21C3067F6	婆婆的镯子	20210901
005801FF0001007005B860D21C306AC5	名侦探柯南第三季	20210901
005801FF0001007005B860D21C306E11	爱上北斗星男友	20210901
005801FF0001007005B860D21C306F2A	勇敢的心	20210901
005801FF0001007005B860D21C30730D	铁血武工队	20210901
005801FF0001007005B860D21C30755E	精英律师	20210901
005801FF0001007005B860D21C3077BB	蜡笔小新第七季[下]	20210901
005801FF0001007005B860D21C3077F1	小猪佩奇第四季	20210901
005801FF0001007005B860D21C307BCA	超级飞侠第一季	20210901
005801FF0001007005B860D21C307E26	美发娃娃短片集	20210901
005801FF0001007005B860D21C30811E	超级飞侠第六季	20210901
005801FF0001007005B860D21C3084E9	布鲁可战队之危客对决	20210901
005801FF0001007005B860D21C308C43	哆啦A梦第四季	20210901
005801FF0001007005B860D21C3090AD	猫和老鼠	20210901
005801FF0001007005B860D21C3090BF	招摇	20210901
005801FF0001007005B860D21C309BD8	小狮子赛几	20210901
005801FF0001007005B860D21C30A332	魔都风云	20210901
005801FF0001007005B860D21C30A35E	迷你特工队之学习小课堂	20210901
005801FF0001007005B860D21C30AA8C	飞狗MOCO	20210901
005801FF0001007005B860D21C30B36E	聪明的顺溜之雄鹰小子1	20210901
005801FF0001007005B860D21C30B6BC	萌鸡小队趣自然	20210901
005801FF0001007005B860D21C30B9C8	喜羊羊与灰太狼之羊村守护者之四	20210901
005801FF0001007005B860D21C30BA30	熊出没之夺宝熊兵	20210901
005801FF0001007005B860D21C30C30B	猪猪侠之竞速小英雄2	20210901
005801FF0001007005B860D21C30C562	猪猪侠之竞速小英雄1	20210901
005801FF0001007005B860D21C30C7A4	超级飞侠第五季	20210901
005801FF0001007005B860D21C30CACF	猪猪侠之超星萌宠2	20210901
005801FF0001007005B860D21C30CEE4	商女云洛溪	20210901
005801FF0001007005B860D21C30D223	超甲虫战记之圣域传说	20210901
005801FF0001007005B860D21C30D3A3	超级马里奥：奥德赛	20210901
005801FF0001007005B860D21C30D514	小狮子赛几	20210901
005801FF0001007005B860D21C30D65F	神兽金刚第一季	20210901
005801FF0001007005B860D21C30DDBB	哆啦A梦第四季	20210901
005801FF0001007005B860D21C30E16C	哆啦A梦第四季	20210901
005801FF0001007005B860D21C30E2F5	巴啦啦小魔仙之音符之谜	20210901
005801FF0001007005B860D21C30E431	超级飞侠第三季	20210901
005801FF0001007005B860D21C30E6F8	猫和老鼠	20210901
005801FF0001007005B860D21C30F8EC	猫和老鼠	20210901
005801FF0001007005B860D21C30FE66	无主之城	20210901
005801FF0001007005B860D21C3101CD	警车联盟	20210901
005801FF0001007005B860D21C3105A7	超级飞侠第六季	20210901
005801FF0001007005B860D21C3106FD	大秧歌	20210901
005801FF0001007005B860D21C310907	本戏-劈山救母-高广杰	20210901
005801FF0001007005B860D21C3E97AF	乐高城市	20210901
005801FF0001007005B860D21C3E9A73	小猪佩奇第四季	20210901
005801FF0001007005B860D21C3EA99A	摩登年代	20210901
005801FF0001007005B860D21C3EA9C9	消防员山姆第十一季	20210901
005801FF0001007005B860D21C3EAB95	超级飞侠第三季	20210901
005801FF0001007005B860D21C3EAE37	追风行动	20210901
005801FF0001007005B860D21C3EAE4F	猫和老鼠	20210901
005801FF0001007005B860D21C3EB6F1	名侦探柯南第一季	20210901
005801FF0001007005B860D21C3EB70F	咱们裸熊第一季	20210901
005801FF0001007005B860D21C3EB718	哆啦A梦第三季[中]	20210901
005801FF0001007005B860D21C3EB7C4	哆啦A梦第四季	20210901
005801FF0001007005BA60D21C5CAC88	杀出绝地	20210901
005801FF0001007005BA60D21C5CB03A	神奇历险记	20210901
005801FF0001007005BA60D21C5CB05F	神奇历险记	20210901
005801FF0001007005BA60D21C5CB930	哆啦A梦第三季[中]	20210901
005801FF0001007005BA60D21C5CBA09	哆啦A梦第三季[中]	20210901
005801FF0001007005BA60D21C5CBCE4	扫黑风暴	20210901
005801FF0001007005BA60D21C5CBDDD	猫和老鼠	20210901
005801FF0001007005BA60D21C5CBE94	迷失方向	20210901
005801FF0001007005BA60D21C5CC19F	哆啦A梦第三季[中]	20210901
005801FF0001007005BA60D21C5CDC3E	小猪佩奇第三季	20210901
005801FF0001007005BA60D21C5CDFEE	小猪佩奇第八季	20210901
005801FF0001007005BA60D21C5CE1FC	精英律师	20210901
005801FF0001007005BA60D21C5CE371	陆军一号	20210901
005801FF0001007005BA60D21C5CE85D	小猪佩奇第三季	20210901
005801FF0001007005BA60D21C5CE934	哆啦A梦第四季	20210901
005801FF0001007005BA60D21C627133	戴拿奥特曼	20210901
005801FF0001007005BA60D21C627218	小伶玩具2018	20210901
005801FF0001007005BA60D21C627218	猫和老鼠	20210901
005801FF0001007005BA60D21C62741C	蜡笔小新第七季[下]	20210901
005801FF0001007005BA60D21C62756D	欢乐集结号2020	20210901
005801FF0001007005BA60D21C6285DB	警车联盟	20210901
005801FF0001007005BA60D21C628DE3	小猪佩奇第三季	20210901
005801FF0001007005BA60D21C6293D5	铁血武工队	20210901
005801FF0001007005BA60D21C62A85B	扫黑风暴	20210901
005801FF0001007005BA60D21C62AD46	你好邻居捉迷藏	20210901
005801FF0001007005BA60D21C62B19E	小品一家人 合集	20210901
005801FF0001007005BA60D21C62B580	哆啦A梦第三季[中]	20210901
005801FF0001007005BB60D21C6969AA	萌鸡小队趣自然	20210901
005801FF0001007005BB60D21C696BCE	铠甲勇士猎铠之神脑危机	20210901
005801FF0001007005BB60D21C696E77	铁血武工队	20210901
005801FF0001007005BB60D21C69741F	猪猪侠之超星萌宠1	20210901
005801FF0001007005BB60D21C697528	蜡笔小新第七季[上]	20210901
005801FF0001007005BB60D21C697EA6	烽火抗大	20210901
005801FF0001007005BB60D21C69837E	边城破晓	20210901
005801FF0001007005BB60D21C6984F7	摇滚萝莉第二季	20210901
005801FF0001007005BB60D21C698A58	小猪佩奇第三季	20210901
005801FF0001007005BB60D21C698BAD	欢喜盈门	20210901
005801FF0001007005BB60D21C698DBE	超级宝贝JOJO第二季	20210901
005801FF0001007005BB60D21C699195	超级飞侠第六季	20210901
005801FF0001007005BB60D21C6994CD	功夫鸡	20210901
005801FF0001007005BB60D21C699D29	新飞天小女警第一季	20210901
005801FF0001007005BB60D21C699E9A	布鲁可战队之危客对决	20210901
005801FF0001007005BB60D21C69A338	密战无声	20210901
005801FF0001007005BB60D21C69A7DD	小品一家人 合集	20210901
005801FF0001007005BB60D21C69AA5F	小猪佩奇第三季	20210901
005801FF0001007005BB60D21C69B364	烽火燃情	20210901
005801FF0001007005BB60D21C69B5CC	精英律师	20210901
005801FF0001007005C360D21CA78F37	熊出没之夺宝熊兵	20210901
005801FF0001007005C360D21CA790F0	海绵宝宝第七季	20210901
005801FF0001007005C360D21CA7919C	人在囧途	20210901
005801FF0001007005C360D21CA7952E	无主之城	20210901
005801FF0001007005C360D21CA79718	商女云洛溪	20210901
005801FF0001007005C360D21CA7ABE8	多纳爱数学：3至4岁	20210901
005801FF0001007005C360D21CA7AF54	熊出没之过年	20210901
005801FF0001007005C360D21CA7B4C2	超甲虫战记之圣域传说	20210901
005801FF0001007005C360D21CA7B694	精英律师	20210901
005801FF0001007005C360D21CA7BBC4	超级宝贝JOJO第一季	20210901
005801FF0001007005C360D21CA7C9F1	致命游戏	20210901
005801FF0001007005C360D21CA7D484	甜蜜暴击	20210901
005801FF0001007005C360D21CA7D75A	香草美人	20210901
005801FF0001007005C360D21CA7E947	小猪佩奇第四季	20210901
005801FF0001007005C360D21CA7EAE0	飞狗MOCO	20210901
005801FF0001007005C360D21CA7FA33	武当	20210901
005801FF0001007005C360D21CA7FAF3	哆啦A梦第三季[下]	20210901
005801FF0001007005C360D21CA7FB03	无主之城	20210901
005801FF0001007005C360D21CA8029C	超级宝贝JOJO第二季	20210901
005801FF0001007005C360D21CA802B5	猎豺狼	20210901
005801FF0001007005C360D21CA80531	迷局1931	20210901
005801FF0001007005C360D21CA80FF3	熊出没之夺宝熊兵	20210901
005801FF0001007005C360D21CA813BA	超级飞侠第一季	20210901
005801FF0001007005C360D21CA813BA	超级飞侠第三季	20210901
005801FF0001007005C360D21CA813D2	小猪佩奇第四季	20210901
005801FF0001007005C360D21CA814ED	超级飞侠第一季	20210901
005801FF0001007005C360D21CA81B07	我怕来不及	20210901
005801FF0001007005C360D21CA81D88	超级飞侠第一季	20210901
005801FF0001007005C360D21CA82859	铠甲勇士猎铠之神脑危机	20210901
005801FF0001007005C360D21CA83052	熊出没之环球大冒险	20210901
005801FF0001007005C360D21CA83141	猪猪侠之超星萌宠3	20210901
005801FF0001007005C360D21CA83403	蜡笔小新第三季	20210901
005801FF0001007005C360D21CA8349F	甜蜜暴击	20210901
005801FF0001007005C360D21CA84A9C	铠甲勇士猎铠之神脑危机	20210901
005801FF0001007005C360D21CA84DAC	奇奇和悦悦的玩具	20210901
005801FF0001007005C360D21CA84DF0	迷你特工队之学习小课堂	20210901
005801FF0001007005C360D21CA85190	超甲虫战记之圣域传说	20210901
005801FF0001007005C360D21CA85728	商女云洛溪	20210901
005801FF0001007005C360D21CA85A88	速度与激情4	20210901
005801FF0001007005C360D21CA85BCB	与君歌	20210901
005801FF0001007005C360D21CA8655D	猫和老鼠	20210901
005801FF0001007005C360D21CA8685A	琉璃	20210901
005801FF0001007005C360D21CA869A2	喜羊羊与灰太狼之羊羊小侦探	20210901
005801FF0001007005C360D21CA87075	咱们裸熊第一季	20210901
005801FF0001007005C360D21CA87075	哆啦A梦第三季[下]	20210901
005801FF0001007005C360D21CA8798B	招摇	20210901
005801FF0001007005C360D21CA87BD3	新飞天小女警第一季	20210901
005801FF0001007005C360D21CA87CB3	小猪佩奇第三季	20210901
005801FF0001007005C360D21CA88301	名侦探柯南第三季	20210901
005801FF0001007005C360D21CA88976	烽火燃情	20210901
005801FF0001007005C360D21CA889EE	兔子贝贝	20210901
005801FF0001007005C360D21CA88A12	小猪佩奇第四季	20210901
005801FF0001007005C360D21CA88AB4	我哥我嫂	20210901
005801FF0001007005C360D21CA88D4E	猎豺狼	20210901
005801FF0001007005C360D21CA89900	烽火燃情	20210901
005801FF0001007005C360D21CA8A056	神奇仙女公主第七季	20210901
005801FF0001007005C360D21CA8A2C5	扫黑风暴	20210901
005801FF0001007005C360D21CA8A344	远方的山楂树	20210901
005801FF0001007005C360D21CA8A45F	巴啦啦小魔仙	20210901
005801FF0001007005C360D21CA8A5CE	蜡笔小新第四季	20210901
005801FF0001007005C360D21CA8AC11	超甲虫战记之圣域传说	20210901
005801FF0001007005C360D21CA8BBD5	名侦探柯南第三季	20210901
005801FF0001007005C360D21CA8BC83	功夫鸡	20210901
005801FF0001007005C360D21CA8BE6C	布鲁可战队之危客对决	20210901
005801FF0001007005C360D21CA8BF3E	消防员山姆第十一季	20210901
005801FF0001007005C360D21CA8C411	小猪佩奇第三季	20210901
005801FF0001007005C360D21CA8C411	罗龙镇女人	20210901
005801FF0001007005C360D21CA8CF5A	熊出没之过年	20210901
005801FF0001007005C360D21CA8D3CE	熊出没之夺宝熊兵	20210901
005801FF0001007005C360D21CA8D3CE	熊出没之过年	20210901
005801FF0001007005C360D21CA8D4DF	速度与激情4	20210901
005801FF0001007005C360D21CA8D9A6	咱们裸熊第一季	20210901
005801FF0001007005C360D21CA8DA75	奇奇和悦悦的玩具	20210901
005801FF0001007006B860D21C3DB7BC	喜羊羊与灰太狼之羊村守护者之四	20210901
005801FF0001007006B860D21C3DB884	追风行动	20210901
005801FF0001007006B860D21C3DBA86	凤唳九天	20210901
005801FF0001007006B860D21C3DBE43	哆啦A梦第三季[上]	20210901
005801FF0001007006B860D21C3DC03F	小伶玩具2019	20210901
005801FF0001007006B860D21C3DC535	神探狄仁杰第三部	20210901
005801FF0001007006B860D21C3DC5BA	新大头儿子和小头爸爸	20210901
005801FF0001007006B860D21C3DC753	本戏-牧羊卷-杨红梅	20210901
005801FF0001007006B860D21C3DC890	荒野求生I	20210901
005801FF0001007006B860D21C3DC9DD	当心毁心伤脑的皮肤病	20210901
005801FF0001007006B860D21C3DD260	消防员山姆第十一季	20210901
005801FF0001007006B860D21C3DD6EA	铠甲勇士猎铠之黎明天塔	20210901
005801FF0001007006B860D21C3DD7D3	猫和老鼠	20210901
005801FF0001007006B860D21C3DDA6E	神奇仙女公主第七季	20210901
005801FF0001007006B860D21C3DDBE3	龙票	20210901
005801FF0001007006B860D21C3DDD8A	血战长津湖	20210901
005801FF0001007006B860D21C3DDE33	奇奇和悦悦的玩具	20210901
005801FF0001007006B860D21C3DDE40	螺丝钉第一季	20210901
005801FF0001007006B860D21C3DDF46	大秧歌	20210901
005801FF0001007006B860D21C3DE06A	小伶玩具2018	20210901
005801FF0001007006B860D21C3DE0A9	小狮子赛几	20210901
005801FF0001007006B860D21C3DE2D9	乞丐皇帝与大脚皇后传奇	20210901
005801FF0001007006B860D21C3DE385	巴啦啦小魔仙	20210901
005801FF0001007006B860D21C3DE690	迷失方向	20210901
005801FF0001007006B860D21C3DEB18	蜡笔小新第七季[下]	20210901
005801FF0001007006B860D21C3DF028	哆啦A梦第四季	20210901
005801FF0001007006B860D21C3DF19B	和平精英浪客海上生明月	20210901
005801FF0001007006B860D21C3DF240	蜡笔小新第三季	20210901
005801FF0001007006B860D21C3DF2B0	飞狗MOCO	20210901
005801FF0001007006B860D21C3DF333	超级飞侠第一季	20210901
005801FF0001007006B860D21C3DF35E	熊出没之夺宝熊兵	20210901
005801FF0001007006B860D21C3DF3B0	本戏-蝴蝶杯前本-张宝玮	20210901
005801FF0001007006B860D21C3DF7FC	远方的山楂树	20210901
005801FF0001007006B860D21C3DF913	猪猪侠之竞速小英雄2	20210901
005801FF0001007006B860D21C3E0125	哆啦A梦第三季[下]	20210901
005801FF0001007006B860D21C3E01DA	熊出没之过年	20210901
005801FF0001007006B960D21C49BBB0	小伶玩具2018	20210901
005801FF0001007006B960D21C49C25C	小猪佩奇第三季	20210901
005801FF0001007006B960D21C49C2A7	铠甲勇士猎铠之神脑危机	20210901
005801FF0001007006B960D21C49D05C	欢喜盈门	20210901
005801FF0001007006B960D21C49D113	小猪佩奇第三季	20210901
005801FF0001007006B960D21C49D16C	刀尖舞者	20210901
005801FF0001007006B960D21C49D1D8	小狮子赛几	20210901
005801FF0001007006B960D21C49D1D8	熊出没之夺宝熊兵	20210901
005801FF0001007006B960D21C49D54D	我哥我嫂	20210901
005801FF0001007006B960D21C49D8C8	哆啦A梦第三季[上]	20210901
005801FF0001007006B960D21C49DE91	猎豺狼	20210901
005801FF0001007006B960D21C49E326	蜡笔小新第七季[下]	20210901
005801FF0001007006B960D21C49E650	名侦探柯南第二季	20210901
005801FF0001007006B960D21C49E962	超级飞侠第四季	20210901
005801FF0001007006B960D21C49EB70	我把忠诚献给你	20210901
005801FF0001007006B960D21C49EEDD	超迷你战士第一季	20210901
005801FF0001007006B960D21C49F0AC	开心锤锤	20210901
005801FF0001007006B960D21C49F36E	正义红师	20210901
005801FF0001007006B960D21C4A0370	本戏-海瑞驯虎-雷涛	20210901
005801FF0001007006B960D21C4A0550	迷你特工队之学习小课堂	20210901
005801FF0001007006B960D21C4A0A21	小猪佩奇第四季	20210901
005801FF0001007006B960D21C4A0B0E	喜羊羊与灰太狼之羊村守护者之四	20210901
005801FF0001007006B960D21C4A0C55	哆啦A梦第四季	20210901
005801FF0001007006B960D21C4A153D	猎豺狼	20210901
005801FF0001007006B960D21C4A1F08	飞哥战队	20210901
005801FF0001007006B960D21C4A1F78	本戏-金沙滩-刘随社	20210901
005801FF0001007006B960D21C4A1FED	开心锤锤	20210901
005801FF0001007006B960D21C4A2974	乐高城市	20210901
005801FF0001007006B960D21C4A2ADC	新飞天小女警第三季	20210901
005801FF0001007006B960D21C4A2AEB	寻梦环游记（普通话）	20210901
005801FF0001007006B960D21C4A2AEB	小狮子赛几	20210901
005801FF0001007006B960D21C4A2BEC	忍者神龟：变种时代-原声版	20210901
005801FF0001007006B960D21C4A2C94	哆啦A梦第三季[下]	20210901
005801FF0001007006B960D21C4A2D44	和平精英天成爆笑吃鸡	20210901
005801FF0001007006B960D21C4A334F	蜡笔小新第五季[下]	20210901
005801FF0001007006B960D21C4A3419	小狮子赛几	20210901
005801FF0001007006B960D21C4A34CC	猪猪侠之竞速小英雄1	20210901
005801FF0001007006B960D21C4A34CC	猪猪侠之竞速小英雄2	20210901
005801FF0001007006B960D21C4A34CC	龙拳小子	20210901
005801FF0001007006B960D21C4A3976	超级飞侠第六季	20210901
005801FF0001007006B960D21C4A3B53	海绵宝宝第五季	20210901
005801FF0001007006B960D21C4A3BA0	烽火燃情	20210901
005801FF0001007006B960D21C4A3CEA	超甲虫战记之圣域传说	20210901
005801FF0001007006B960D21C4A3EE0	蜡笔小新第六季[下]	20210901
005801FF0001007006B960D21C4A453F	巴啦啦小魔仙之音符之谜	20210901
005801FF0001007006B960D21C4A4A07	聪明的顺溜之雄鹰小子2	20210901
005801FF0001007006B960D21C4A4A5F	暗格里的秘密	20210901
005801FF0001007006B960D21C4A4CCB	超迷你战士第一季	20210901
005801FF0001007006B960D21C4A4EA5	小马宝莉第二季	20210901
005801FF0001007006B960D21C4A5433	名侦探柯南第四季	20210901
005801FF0001007006B960D21C4A5963	蜡笔小新第五季[下]	20210901
005801FF0001007006B960D21C4A5F11	迷你特工队之学习小课堂	20210901
005801FF0001007006B960D21C4A5F28	招摇	20210901
005801FF0001007006B960D21C4A5F56	龙票	20210901
005801FF0001007006B960D21C4A63DB	商女云洛溪	20210901
005801FF0001007006B960D21C4A66F5	密战无声	20210901
005801FF0001007006B960D21C4A6838	海绵宝宝第七季	20210901
005801FF0001007006B960D21C4A6855	买奇酷之咖宝家族	20210901
005801FF0001007006B960D21C4A6FCA	扫黑风暴	20210901
005801FF0001007006B960D21C4A7080	勇敢的心	20210901
005801FF0001007006B960D21C4A717B	聪明的顺溜之雄鹰小子1	20210901
005801FF0001007006B960D21C4A78DC	小狮子赛几	20210901
005801FF0001007006B960D21C4A7CCA	传奇之王	20210901
005801FF0001007006BA60D21C5F99E8	哆啦A梦第四季	20210901
005801FF0001007006BA60D21C5FA9A7	喜羊羊与灰太狼之奇趣外星客	20210901
005801FF0001007006BA60D21C5FA9D1	猪猪侠之超星萌宠4	20210901
005801FF0001007006BA60D21C5FAFB8	新飞天小女警第三季	20210901
005801FF0001007006BA60D21C5FB257	本戏-金沙滩-刘随社	20210901
005801FF0001007006BA60D21C5FB5F4	密战无声	20210901
005801FF0001007006BA60D21C5FB73D	追风行动	20210901
005801FF0001007006BA60D21C5FB7B8	飞狗MOCO	20210901
005801FF0001007006BA60D21C5FB8E6	名侦探柯南第二季	20210901
005801FF0001007006BA60D21C5FBA5D	名侦探柯南第四季	20210901
005801FF0001007006BA60D21C5FBCDA	多纳原创故事：安全系列	20210901
005801FF0001007006BA60D21C5FBED7	神医传奇	20210901
005801FF0001007006BA60D21C5FC0D9	超甲虫战记之圣域传说	20210901
005801FF0001007006BA60D21C5FC1D7	蜡笔小新第七季[下]	20210901
005801FF0001007006BA60D21C5FC36A	无主之城	20210901
005801FF0001007006BA60D21C5FC616	龙票	20210901
005801FF0001007006BA60D21C5FC762	萌鸡小队第二季	20210901
005801FF0001007006BA60D21C5FC7B6	熊出没之夺宝熊兵	20210901
005801FF0001007006BA60D21C5FCBDD	开心超人联盟之能源核守护者	20210901
005801FF0001007006BA60D21C5FCBDD	新飞天小女警第一季	20210901
005801FF0001007006BA60D21C5FCF51	喜羊羊与灰太狼之羊村守护者之四	20210901
005801FF0001007006BA60D21C5FD454	招摇	20210901
005801FF0001007006BA60D21C5FD5A1	神奇仙女公主第七季	20210901
005801FF0001007006BA60D21C5FD926	名侦探柯南第二季	20210901
005801FF0001007006BA60D21C5FDA76	欢喜盈门	20210901
005801FF0001007006BA60D21C5FDF77	猪猪侠之竞速小英雄2	20210901
005801FF0001007006BA60D21C5FDFE0	海绵宝宝第七季	20210901
005801FF0001007006BA60D21C5FE3D6	爱上北斗星男友	20210901
005801FF0001007006BA60D21C610B76	聪明的顺溜之雄鹰小子1	20210901
005801FF0001007006BA60D21C610E27	陆军一号	20210901
005801FF0001007006BA60D21C611087	巴啦啦小魔仙之音符之谜	20210901
005801FF0001007006BA60D21C611090	跟着贝尔去冒险	20210901
005801FF0001007006BA60D21C61120A	新大头儿子和小头爸爸第三季[中]	20210901
005801FF0001007006BA60D21C6114F6	乐高好朋友第二季：女孩在行动	20210901
005801FF0001007006BA60D21C611A50	蜡笔小新第七季[下]	20210901
005801FF0001007006BA60D21C611CD0	飞哥战队	20210901
005801FF0001007006BA60D21C611F71	和平精英浪客海上生明月	20210901
005801FF0001007006BA60D21C612030	欢乐喜剧人第一季	20210901
005801FF0001007006BA60D21C61226E	小猪佩奇第三季	20210901
005801FF0001007006BA60D21C61230F	人在囧途	20210901
005801FF0001007006BA60D21C612572	小伶玩具2018	20210901
005801FF0001007006BA60D21C6125A9	海绵宝宝第七季	20210901
005801FF0001007006BA60D21C612B1A	烈火军校	20210901
005801FF0001007006BA60D21C613552	超甲虫战记之圣域传说	20210901
005801FF0001007006BA60D21C6140D6	贝乐虎儿歌	20210901
005801FF0001007006BA60D21C61425B	家国恩仇记	20210901
005801FF0001007006BA60D21C614532	新飞天小女警第二季	20210901
005801FF0001007006BA60D21C614E94	新大头儿子和小头爸爸	20210901
005801FF0001007006BA60D21C615180	吃鸡表兄弟	20210901
005801FF0001007006BA60D21C615182	名侦探柯南第一季	20210901
005801FF0001007006BA60D21C61536F	超级飞侠第三季	20210901
005801FF0001007006BA60D21C615710	密战无声	20210901
005801FF0001007006BA60D21C6158B0	小品一家人 合集	20210901
005801FF0001007006BA60D21C64FED2	归鸿	20210901
005801FF0001007006BA60D21C64FFEF	新喜剧之王	20210901
005801FF0001007006BA60D21C650B9F	小猪佩奇第四季	20210901
005801FF0001007006BA60D21C650EC3	烈火军校	20210901
005801FF0001007006BA60D21C651011	布鲁可战队之源星石守卫	20210901
005801FF0001007006BA60D21C651209	乐高城市大冒险	20210901
005801FF0001007006BA60D21C651341	叫我僵小鱼 日常篇	20210901
005801FF0001007006BA60D21C65142C	奥特银河大怪兽之战第二季	20210901
005801FF0001007006BA60D21C651487	猪猪侠之竞速小英雄2	20210901
005801FF0001007006BA60D21C651A0E	浪花淘尽	20210901
005801FF0001007006BA60D21C651F51	名侦探柯南(普通话)	20210901
005801FF0001007006BA60D21C65225F	猫和老鼠	20210901
005801FF0001007006BA60D21C652294	折子戏-三堂会审-张蓓 李小青	20210901
005801FF0001007006BA60D21C6529C9	人在囧途	20210901
005801FF0001007006BA60D21C653362	超级飞侠第六季	20210901
005801FF0001007006BA60D21C653486	蜡笔小新第三季	20210901
005801FF0001007006BA60D21C653489	甜蜜暴击	20210901
005801FF0001007006BA60D21C6536A7	尖锋之烈焰青春	20210901
005801FF0001007006BA60D21C653A8D	熊出没之夺宝熊兵	20210901
005801FF0001007006BA60D21C653EED	功夫鸡	20210901
005801FF0001007006BA60D21C65403E	小猪佩奇 第八季	20210901
005801FF0001007006BA60D21C654403	超级宝贝JOJO第二季	20210901
005801FF0001007006BA60D21C65457C	熊出没之过年	20210901
005801FF0001007006C360D21CAA6099	爱上北斗星男友	20210901
005801FF0001007006C360D21CAA63F3	奥特银河大怪兽之战第二季	20210901
005801FF0001007006C360D21CAA67F3	龙票	20210901
005801FF0001007006C360D21CAA6887	甜蜜暴击	20210901
005801FF0001007006C360D21CAA6D0E	猫和老鼠	20210901
005801FF0001007006C360D21CAA6E22	匹夫	20210901
005801FF0001007006C360D21CAA7124	消防员山姆第十一季	20210901
005801FF0001007006C360D21CAA7371	菲梦少女之歌舞MV	20210901
005801FF0001007006C360D21CAA73A5	23号牛乃唐 第二季	20210901
005801FF0001007006C360D21CAA7502	巨神战击队之超救分队	20210901
005801FF0001007006C360D21CAA7545	小猪佩奇第三季	20210901
005801FF0001007006C360D21CAA7677	猫和老鼠	20210901
005801FF0001007006C360D21CAA7B01	爱上北斗星男友	20210901
005801FF0001007006C360D21CAA7F06	忍冬艳蔷薇	20210901
005801FF0001007006C360D21CAA888C	我怕来不及	20210901
005801FF0001007006C360D21CAA8CC0	喜羊羊与灰太狼之羊村守护者之四	20210901
005801FF0001007006C360D21CAA95DB	杀出绝地	20210901
005801FF0001061005B454C57AB11308	非常英雄	20210901
005801FF0001061005B454C57AB115F8	精英律师	20210901
005801FF0001061005B454C57AB1181C	欢乐喜剧人第三季	20210901
005801FF0001061005B454C57AB11957	迷局1931	20210901
005801FF0001061005B454C57AB11ADB	人在囧途	20210901
005801FF0001061005B454C57AB11B60	小猪佩奇第三季	20210901
005801FF0001061005B454C57AB11BBF	小伶玩具2019	20210901
005801FF0001061005B454C57AB11C4E	边城破晓	20210901
005801FF0001061005B454C57AB11CD2	咱们裸熊第一季	20210901
005801FF0001061005B454C57AB11CF7	名侦探柯南第一季	20210901
005801FF0001061005B454C57AB12440	西游记之再世妖王	20210901
005801FF0001061005B454C57AB1245A	小猪佩奇第三季	20210901
005801FF0001061005B454C57AB124A4	精灵梦叶罗丽 第七季	20210901
005801FF0001061005B454C57AB125C4	小伶玩具2018	20210901
005801FF0001061005B454C57AB126A9	猪猪侠之竞速小英雄1	20210901
005801FF0001061005B454C57AB1275F	名侦探柯南第一季	20210901
005801FF0001061005B454C57AB1282B	海绵宝宝第三季	20210901
005801FF0001061005B454C57AB134E1	熊出没之环球大冒险	20210901
005801FF0001061005B454C57AB13660	蜡笔小新第七季[下]	20210901
005801FF0001061005B454C57AB13A9D	超级飞侠第四季	20210901
005801FF0001061005B454C57AB13CC8	巴啦啦小魔仙之音符之谜	20210901
005801FF0001061005B454C57AB13FD2	飞狗MOCO	20210901
005801FF0001061005B454C57AB14463	小猪佩奇第三季	20210901
005801FF0001061005B454C57AB14749	香草美人	20210901
005801FF0001061005B454C57AB14C2D	大秧歌	20210901
005801FF0001061005B454C57AB150A0	精英律师	20210901
005801FF0001061005B454C57AB15192	萌鸡小队第二季	20210901
005801FF0001061005B454C57AB157A1	聪明的顺溜之雄鹰小子1	20210901
005801FF0001061005B454C57AB15B5E	二狗子迷你世界	20210901
005801FF0001061005B454C57AB15B7A	乞丐皇帝与大脚皇后传奇	20210901
005801FF0001061005B454C57AB15BE4	螺丝钉	20210901
005801FF0001061005B454C57AB15C38	蜡笔小新第三季	20210901
005801FF0001061005B454C57AB15CF3	超级飞侠第六季	20210901
005801FF0001061005B454C57AB15DC5	小猪佩奇第三季	20210901
005801FF0001061005B454C57AB15F2C	蜡笔小新第七季[下]	20210901
005801FF0001061005B454C57AB15F61	小伶玩具2018	20210901
005801FF0001061005B454C57AB1606F	超甲虫战记之圣域传说	20210901
005801FF0001061005B454C57AB160B7	小伶玩具2017	20210901
005801FF0001061005B454C57AB160E6	熊出没之环球大冒险	20210901
005801FF0001061005B454C57AB162F0	超迷你战士第一季	20210901
005801FF0001061005B454C57AB16303	哆啦A梦第三季[下]	20210901
005801FF0001061005B454C57AB165FB	小伶玩具2018	20210901
005801FF0001061005B454C57AB1694E	哆啦A梦第四季	20210901
005801FF0001061005B454C57AB16E43	熊出没之过年	20210901
005801FF0001061005B454C57AB172F0	猫和老鼠	20210901
005801FF0001061005B454C57AB172F0	飞狗MOCO	20210901
005801FF0001061005B454C57AB1768F	新大头儿子和小头爸爸第三季[中]	20210901
005801FF0001061005B454C57AB17990	熊出没之过年	20210901
005801FF0001061005B454C57AB17CFD	二狗子迷你世界	20210901
005801FF0001061005B454C57AB17E17	哆啦A梦第三季[上]	20210901
005801FF0001061005B454C57AB18123	烈火军校	20210901
005801FF0001061005B454C57AB182EA	那些日子	20210901
005801FF0001061005B454C57AB18807	小品一家人 合集	20210901
005801FF0001061005B454C57AB18A8D	超级宝贝JOJO第二季	20210901
005801FF0001061005B454C57AB18E74	小猪佩奇第三季	20210901
005801FF0001061005B454C57AB18F60	小猪佩奇第四季	20210901
005801FF0001061005B454C57AB190F4	奥特银河大怪兽之战第二季	20210901
005801FF0001061005B454C57AB19245	螺丝钉第一季	20210901
005801FF0001061005B454C57AB193A6	超级飞侠第六季	20210901
005801FF0001061005B454C57AB194C9	小公主苏菲亚2	20210901
005801FF0001061005B454C57AB19CEA	哆啦A梦第四季	20210901
005801FF0001061005B454C57AB19D4F	香草美人	20210901
005801FF0001061005B454C57AB1A0C9	喜羊羊与灰太狼之奇趣外星客	20210901
005801FF0001061005B454C57AB1A925	超迷你战士第一季	20210901
005801FF0001061005B454C57AB1A93E	咱们裸熊第一季	20210901
005801FF0001061005B454C57AB1AC4E	招摇	20210901
005801FF0001061005B454C57AB1B17C	咱们裸熊第一季	20210901
005801FF0001061005B454C57AB1BA2B	烽火燃情	20210901
005801FF0001061005B454C57AB1BC0C	蜡笔小新第七季[下]	20210901
005801FF0001061005B454C57AB1BD63	小狮子赛几	20210901
005801FF0001061005B454C57AB1BF86	迷失方向	20210901
005801FF0001061005B454C57AB1C76B	超甲虫战记之圣域传说	20210901
005801FF0001061005B454C57AB1C885	超级飞侠第六季	20210901
005801FF0001061005B454C57AB1CB71	戴拿奥特曼	20210901
005801FF0001061005B454C57AB1CD94	名侦探柯南第一季	20210901
005801FF0001061005B454C57AB1D41D	伏弩	20210901
005801FF0001061005B454C57AB1D748	猫和老鼠 超强老鼠橙子带你玩手游	20210901
005801FF0001061005B454C57AB1D8FB	布鲁可战队之危客对决	20210901
005801FF0001061005B454C57AB1D9D0	超迷你战士第一季	20210901
005801FF0001061005B454C57AB1DE59	小猪佩奇第三季	20210901
005801FF0001061005B454C57AB1E502	远方的山楂树	20210901
005801FF0001061005B454C57AB1E697	哆啦A梦第四季	20210901
005801FF0001061005B454C57AB1E869	超级飞侠第一季	20210901
005801FF0001061005B454C57AB1EB25	菲梦少女	20210901
005801FF0001061005B454C57AB1ED40	铠甲勇士猎铠之神脑危机	20210901
005801FF0001061005B454C57AB1F02A	超级飞侠第三季	20210901
005801FF0001061005B454C57AB1F2F8	布鲁可战队之危客对决	20210901
005801FF0001061005B454C57AB1F533	新飞天小女警第三季	20210901
005801FF0001061005B454C57AB1FFFF	正义红师	20210901
005801FF0001061005B454C57AB2005C	本戏-皇后梦-李淑芳	20210901
005801FF0001061005B454C57AB20AAB	咱们裸熊第一季	20210901
005801FF0001061005B454C57AB20BD5	无主之城	20210901
005801FF0001061005B454C57AB2151B	芭比梦幻屋冒险旅程2	20210901
005801FF0001061005B454C57AB21A4F	小猪佩奇第三季	20210901
005801FF0001061005B454C57AB21B22	蜡笔小新第七季[上]	20210901
005801FF0001061005B454C57AB21D71	杀出黎明	20210901
005801FF0001061005B454C57AB21E50	无主之城	20210901
005801FF0001061005B454C57AB21FEC	海绵宝宝第七季	20210901
005801FF0001061005B454C57AB2203E	爱上北斗星男友	20210901
005801FF0001061005B454C57AB22323	萌探探探案	20210901
005801FF0001061005B454C57AB22D41	超级宝贝JOJO第一季	20210901
005801FF0001061005B454C57AB22E2C	人在囧途	20210901
005801FF0001061005B454C57AB23021	精灵梦叶罗丽 第七季	20210901
005801FF0001061005B454C57AB2375B	哆啦A梦第三季[下]	20210901
005801FF0001061005B454C57AB23DB9	超级飞侠第六季	20210901
005801FF0001061005B454C57AB23E6D	摇滚萝莉第二季	20210901
005801FF0001061005B454C57AB24101	甜蜜暴击	20210901
005801FF0001061005B454C57AB24574	喜羊羊与灰太狼之羊羊小侦探	20210901
005801FF0001061005B454C57AB2499A	招摇	20210901
005801FF0001061005B454C57AB24A7B	神医传奇	20210901
005801FF0001061005B454C57AB24BE9	我的世界 阿神解说 第一季	20210901
005801FF0001061005B454C57AB25413	大秧歌	20210901
005801FF0001061005B454C57AB25519	猪猪侠之竞速小英雄2	20210901
005801FF0001061005B454C57AB25ADD	招摇	20210901
005801FF0001061005B454C57AB25C5A	新大头儿子和小头爸爸	20210901
005801FF0001061005B454C57AB26622	精英律师	20210901
005801FF0001061005B454C57AB26DF1	萌鸡小队第一季	20210901
005801FF0001061005B454C57AB26EBE	蜡笔小新第七季[上]	20210901
005801FF0001061005B454C57AB26FE4	小狮子赛几	20210901
005801FF0001061005B454C57AB274C3	超迷你战士第一季	20210901
005801FF0001061005B454C57AB27A27	聪明的顺溜之雄鹰小子1	20210901
005801FF0001061005B454C57AB27CFE	熊出没之环球大冒险	20210901
005801FF0001061005B454C57AB28A5C	蜡笔小新第七季[上]	20210901
005801FF0001061005B454C57AB2A302	哆啦A梦第四季	20210901
005801FF0001061005B454C57AB2A554	招摇	20210901
005801FF0001061005B454C57AB2AA1F	雪国列车-普通话	20210901
005801FF0001061005B454C57AB2ACC1	小猪佩奇 第八季	20210901
005801FF0001061005B454C57AB2AFEF	乐高得宝创意童谣中文版	20210901
005801FF0001061005B454C57AB2B37C	猎豺狼	20210901
005801FF0001061005B454C57AB2BCF5	一剪芳华	20210901
005801FF0001061005B454C57AB2BE0B	特工宾奇	20210901
005801FF0001061005B454C57AB2C026	乐高得宝创意童谣中文版	20210901
005801FF0001061005B454C57AB2C155	中国兄弟连	20210901
005801FF0001061005B454C57AB2CCF1	巨神战击队之空间战击队	20210901
005801FF0001061005B454C57AB2CE26	本戏-牧羊卷-杨红梅	20210901
005801FF0001061005B454C57AB2D348	喜羊羊与灰太狼之羊村守护者之四	20210901
005801FF0001061005B454C57AB2D4F1	新飞天小女警第一季	20210901
005801FF0001061005B454C57AB2D6ED	螺丝钉	20210901
005801FF0001061005B454C57AB2DE69	超级飞侠第五季	20210901
005801FF0001061005B454C57AB2E299	神奇历险记	20210901
005801FF0001061005B454C57AB2F123	新马里奥兄弟	20210901
005801FF0001061005B454C57AB2F6E3	漫威蜘蛛侠	20210901
005801FF0001061005B454C57AB2F8B3	飞哥战队	20210901
005801FF0001061005B454C57AB2FB04	超级飞侠第四季	20210901
005801FF0001061005B454C57AB2FBA3	招摇	20210901
005801FF0001061005B454C57AB3001D	海绵宝宝第七季	20210901
005801FF0001061005B454C57AB30287	神奇仙女公主第七季	20210901
005801FF0001061005B454C57AB30920	小猪佩奇第三季	20210901
005801FF0001061005B454C57AB30BD9	我哥我嫂	20210901
005801FF0001061005B454C57AB30D44	小猪佩奇第三季	20210901
005801FF0001061005B454C57AB30FEF	买奇酷之咖宝家族	20210901
005801FF0001061005B454C57AB3183E	迷你特工队之学习小课堂	20210901
005801FF0001061005B454C57AB320A8	萌鸡小队趣自然	20210901
005801FF0001061005B454C57AB3215F	神奇历险记	20210901
005801FF0001061005B454C57AB32688	精英律师	20210901
005801FF0001061005B454C57AB32865	超级飞侠第五季	20210901
005801FF0001061005B454C57AB32967	秘密图纸	20210901
005801FF0001061005B454C57AB3298F	杀虎口	20210901
005801FF0001061005B454C57AB329F1	猫和老鼠	20210901
005801FF0001061005B454C57AB32B8D	无主之城	20210901
005801FF0001061005B454C57AB32C06	猫和老鼠	20210901
005801FF0001061005B454C57AB32C53	超甲虫战记之圣域传说	20210901
005801FF0001061005B454C57AB32CC9	欢乐喜剧人第三季	20210901
005801FF0001061005B454C57AB334E2	扫黑风暴	20210901
005801FF0001090001C360D21CAC98D7	超甲虫战记之圣域传说	20210901
005801FF0001090001C360D21CAC9A28	铁血武工队	20210901
005801FF0001090001C360D21CAC9B05	小伶玩具2019	20210901
005801FF0001090001C360D21CAC9E99	喜羊羊与灰太狼之羊村守护者之四	20210901
005801FF0001090001C360D21CACA225	海绵宝宝第四季	20210901
005801FF0001090001C360D21CACA5D5	罗龙镇女人	20210901
005801FF0001090001C360D21CACA734	香草美人	20210901
005801FF0001090001C360D21CACAB0B	特工宾奇	20210901
005801FF0001090001C360D21CACB47E	超迷你战士第一季	20210901
005801FF0001090001C360D21CACB4A4	爆裂飞车第三季[上]	20210901
005801FF0001090001C360D21CACB53D	扫黑风暴	20210901
005801FF0001090001C360D21CACB657	机械猛犬	20210901
005801FF0001090001C360D21CACBEB1	小狮子赛几	20210901
005801FF0001090001C360D21CACC1DF	神奇历险记	20210901
005801FF0001090001C360D21CACC1E8	香草美人	20210901
005801FF0001090001C360D21CACC272	超甲虫战记之圣域传说	20210901
005801FF0001090001C360D21CACC3CD	铠甲勇士猎铠之神脑危机	20210901
005801FF0001090001C360D21CACCD39	烽火燃情	20210901
005801FF0001090001C360D21CACD035	摩登年代	20210901
005801FF0001090001C360D21CACD3BE	喜羊羊与灰太狼之深海历险记	20210901
005801FF0001090001C360D21CACDD8F	007：大战皇家赌场	20210901
005801FF0001090001C360D21CACE273	精英律师	20210901
005801FF0001090001C360D21CACE31F	螺丝钉	20210901
005801FF0001090001C360D21CACE74D	蜡笔小新第七季[下]	20210901
005801FF0001090001C360D21CACE9D8	铁血武工队	20210901
005801FF0001090001C360D21CACED59	名侦探柯南第四季	20210901
005801FF0001090001C360D21CACEF23	超级飞侠第四季	20210901
005801FF0001090001C360D21CACF283	极限挑战第一季	20210901
005801FF0001090001C360D21CACF5E2	小猪佩奇第四季	20210901
005801FF0001090001C360D21CAD00AC	兔小蛋玩具	20210901
005801FF0001090001C360D21CAD0C65	浪花淘尽	20210901
005801FF0001090001C860D21CD0280B	绿毛怪格林奇-原声版	20210901
005801FF0001090001C860D21CD02A5A	与君歌	20210901
005801FF0001090001C860D21CD02FE1	雷欧奥特曼普通话	20210901
005801FF0001090001C860D21CD03175	贝乐虎入园记	20210901
005801FF0001090001C860D21CD03371	侠探高飞	20210901
005801FF0001090001C860D21CD0398F	海底总动员-国语版	20210901
005801FF0001090001C860D21CD03B19	超级飞侠第一季	20210901
005801FF0001090001C860D21CD03D5D	开心超人联盟之机械堡奇遇记	20210901
005801FF0001090001C860D21CD0409E	变形计第十一季	20210901
005801FF0001090001C860D21CD045E1	喜羊羊与灰太狼之羊村守护者之四	20210901
005801FF0001090001C860D21CD046A5	嗨放派	20210901
005801FF0001090001C860D21CD0483F	猪猪侠之南海日记第一季	20210901
005801FF0001090001C860D21CD04967	嗨！贝乐虎第一季	20210901
005801FF0001090001C860D21CD04A15	移动的枪口	20210901
005801FF0001090001C860D21CD04A66	小猪佩奇第八季	20210901
005801FF0001090001C860D21CD04C52	小猪佩奇第二季（新）	20210901
005801FF0001090001C860D21CD04CE2	玫瑰行者	20210901
005801FF0001090001C860D21CD04D4C	速度与激情9-原声版	20210901
005801FF0001090001C860D21CD04F6D	汪汪队立大功第一季	20210901
005801FF0001090001C860D21CD050D1	小伶玩具第五季	20210901
005801FF0001090001C860D21CD0517E	猫和老鼠第二季	20210901
005801FF0001090001C860D21CD05346	花开山乡	20210901
005801FF0001090001C860D21CD05B4A	小猪佩奇第一季（新）	20210901
005801FF0001090001C860D21CD05CBA	睡衣小英雄第三季	20210901
005801FF0001090001C860D21CD05D97	花开山乡	20210901
005801FF0001090001C860D21CD05E09	小狮子赛几	20210901
005801FF0001090001D600692D60AE1D	爱上北斗星男友	20210901
005801FF0001090003C360D21CAD0E53	哆啦A梦第四季	20210901
005801FF0001090003C360D21CAD0EC3	熊出没之夺宝熊兵	20210901
005801FF0001090003C360D21CAD109E	招摇	20210901
005801FF0001090003C360D21CAD1257	隋唐英雄3	20210901
005801FF0001090003C360D21CAD1262	爆裂飞车第三季[下]	20210901
005801FF0001090003C360D21CAD139C	迷你特工队之学习小课堂	20210901
005801FF0001090003C360D21CAD153B	熊出没之环球大冒险	20210901
005801FF0001090003C360D21CAD185D	猫和老鼠	20210901
005801FF0001090003C360D21CAD1EF8	菲梦少女	20210901
005801FF0001090003C360D21CAD20CE	追风行动	20210901
005801FF0001090003C360D21CAD2268	海绵宝宝第四季	20210901
005801FF0001090003C360D21CAD2461	蜡笔小新第六季[上]	20210901
005801FF0001090003C360D21CAD2722	招摇	20210901
005801FF0001090003C360D21CAD2990	小狮子赛几	20210901
005801FF0001090003C360D21CAD2D64	香草美人	20210901
005801FF0001090003C360D21CAD3289	哆啦A梦第三季[上]	20210901
005801FF0001090003C360D21CAD3289	哆啦A梦第四季	20210901
005801FF0001090003C360D21CAD32CD	小狮子赛几	20210901
005801FF0001090003C360D21CAD3414	哆啦A梦第四季	20210901
005801FF0001090003C360D21CAD3613	侠探高飞	20210901
005801FF0001090003C360D21CAD36BE	特工宾奇	20210901
005801FF0001090003C360D21CAD383F	熊出没之夺宝熊兵	20210901
005801FF0001090003C360D21CAD3B5C	小猪佩奇第四季	20210901
005801FF0001090003C360D21CAD4055	乞丐皇帝与大脚皇后传奇	20210901
005801FF0001090003C360D21CAD433F	蜡笔小新第七季[下]	20210901
005801FF0001090003C360D21CAD4696	太行山上	20210901
005801FF0001090003C360D21CAD47D3	龙虾刑警-国语版	20210901
005801FF0001090003C360D21CAD4810	萌鸡小队第二季	20210901
005801FF0001090003C360D21CAD49BA	蜡笔小新第三季	20210901
005801FF0001090003C360D21CAD4A26	熊出没之过年	20210901
005801FF0001090003C360D21CAD4B9B	消防员山姆第十一季	20210901
005801FF0001090003C360D21CAD4C06	新大头儿子和小头爸爸第三季[中]	20210901
005801FF0001090003C360D21CAD4C8E	欢乐喜剧人第三季	20210901
005801FF0001090003C360D21CAD50C5	罗龙镇女人	20210901
005801FF0001090003C360D21CAD543D	海绵宝宝第七季	20210901
005801FF0001090003C360D21CAD551E	熊出没之夺宝熊兵	20210901
005801FF0001090003C360D21CAD63E1	杀出绝地	20210901
005801FF0001090003C360D21CAD6562	熊出没之环球大冒险	20210901
005801FF0001090003C360D21CAD664D	哆啦A梦第三季[上]	20210901
005801FF0001090003C360D21CAD66FC	蜡笔小新第七季[下]	20210901
005801FF0001090003C360D21CAD68D3	小猪佩奇第三季	20210901
005801FF0001090003C360D21CAD6A6C	熊出没之环球大冒险	20210901
005801FF0001090003C360D21CAD6AEF	小狮子赛几	20210901
005801FF0001090003C360D21CAD6B6D	秘密图纸	20210901
005801FF0001090003C360D21CAD6C1E	伏弩	20210901
005801FF0001090003C360D21CAD6DC8	小猪佩奇第八季	20210901
005801FF0001090003C360D21CAD7397	杀出绝地	20210901
005801FF0001090003C360D21CAD74B2	小狮子赛几	20210901
005801FF0001090003C360D21CAD7D7C	哆啦A梦第三季[中]	20210901
005801FF0001090003C360D21CAD7ED4	小狮子赛几	20210901
005801FF0001090003C360D21CAD7F7A	神奇仙女公主第七季	20210901
005801FF0001090003C360D21CAD823E	超甲虫战记之圣域传说	20210901
005801FF0001090003C860D21CD06091	小猪佩奇第八季	20210901
005801FF0001090003C860D21CD06165	侠探高飞	20210901
005801FF0001090003C860D21CD06511	百变机兽之洛洛历险记	20210901
005801FF0001090003C860D21CD0657E	唐人街探案3-国语版	20210901
005801FF0001090003C860D21CD065DF	终极任务	20210901
005801FF0001090003C860D21CD066B6	杀出黎明	20210901
005801FF0001090003C860D21CD06947	超级宝贝JOJO(普通话)	20210901
005801FF0001090003C860D21CD0694B	铠甲勇士猎铠之黎明天塔	20210901
005801FF0001090003C860D21CD06A06	铁血殊途	20210901
005801FF0001090003C860D21CD06ACD	大秧歌	20210901
005801FF0001090005C360D21CAD8B37	武当	20210901
005801FF0001090005C360D21CAD8C66	哆啦A梦第三季[中]	20210901
005801FF0001090005C360D21CAD8DB2	名侦探柯南第三季	20210901
005801FF0001090005C360D21CAD9168	蜡笔小新第七季[下]	20210901
005801FF0001090005C360D21CAD940A	猪猪侠之超星萌宠4	20210901
005801FF0001090005C360D21CAD962D	熊出没之环球大冒险	20210901
005801FF0001090005C360D21CAD9B40	熊出没之过年	20210901
005801FF0001090005C360D21CAD9D5F	折子戏-三堂会审-张蓓 李小青	20210901
005801FF0001090005C360D21CAD9F01	奇奇和悦悦的玩具	20210901
005801FF0001090005C360D21CAD9F56	蜡笔小新第三季	20210901
005801FF0001090005C360D21CADA0D4	小伶玩具2017	20210901
005801FF0001090005C360D21CADA149	新马里奥兄弟	20210901
005801FF0001090005C360D21CADA2A0	巴啦啦小魔仙之音符之谜	20210901
005801FF0001090005C360D21CADA4B9	欢乐喜剧人第一季	20210901
005801FF0001090005C360D21CADA899	小猪佩奇第三季	20210901
005801FF0001090005C360D21CADA899	飞狗MOCO	20210901
005801FF0001090005C360D21CADA9A0	超级飞侠第六季	20210901
005801FF0001090005C360D21CADB25B	精灵宝可梦剑盾：剑	20210901
005801FF0001090005C360D21CADB682	萌鸡小队第二季	20210901
005801FF0001090005C360D21CADB8A9	时代少年团：少年梦游记	20210901
005801FF0001090005C360D21CADB91E	烽火抗大	20210901
005801FF0001090005C360D21CADBA4C	开心超人联盟之能源核守护者	20210901
005801FF0001090005C360D21CADBA94	欢喜盈门	20210901
005801FF0001090005C360D21CADBAA4	哆啦A梦第四季	20210901
005801FF0001090005C360D21CADC203	兔子贝贝	20210901
005801FF0001090005C360D21CADC23E	隋唐英雄3	20210901
005801FF0001090005C360D21CADC366	我怕来不及	20210901
005801FF0001090005C360D21CADC56E	23号牛乃唐 第二季	20210901
005801FF0001090005C360D21CADC77A	招摇	20210901
005801FF0001090005C360D21CADC8CE	芭比梦幻屋冒险旅程2	20210901
005801FF0001090005C360D21CADD430	哆啦A梦第三季[下]	20210901
005801FF0001090005C360D21CADD779	速度与激情9-普通话	20210901
005801FF0001090005C360D21CADD7D1	哆啦A梦第四季	20210901
005801FF0001090005C360D21CADD934	小猪佩奇 第八季	20210901
005801FF0001090005C360D21CADDAE4	超迷你战士第一季	20210901
005801FF0001090005C360D21CADEAA0	哆啦A梦第三季[上]	20210901
005801FF0001090005C360D21CADEDCE	小猪佩奇第四季	20210901
005801FF0001090005C360D21CADF74B	菲梦少女	20210901
005801FF0001090005C360D21CAE018B	无主之城	20210901
005801FF0001090005C360D21CAE0574	23号牛乃唐 第二季	20210901
005801FF0001090005C360D21CAE072F	大秧歌	20210901
005801FF0001090005C360D21CAE08E5	杀虎口	20210901
005801FF0001090005C360D21CAE09D2	小狮子赛几	20210901
005801FF0001090005C360D21CAE0F38	小马宝莉第二季	20210901
005801FF0001090005C360D21CAE0F74	小狮子赛几	20210901
005801FF0001090005C360D21CAE11B0	超级宝贝JOJO第二季	20210901
005801FF0001090005C360D21CAE19A8	哆啦A梦第三季[中]	20210901
005801FF0001090005C360D21CAE1A0B	迷失方向	20210901
005801FF0001090005C360D21CAE1EF0	铠甲勇士猎铠之神脑危机	20210901
005801FF0001090005C660D21CBD64DC	通天狄仁杰	20210901
005801FF0001090005C660D21CBD655D	托马斯和朋友之冲出多多岛-国语版	20210901
005801FF0001090005C660D21CBD6604	贝乐虎儿童音乐剧之奇妙的身体	20210901
005801FF0001090005C660D21CBD67B9	密室大逃脱 第二季	20210901
005801FF0001090005C660D21CBD69EC	小猪佩奇第一季（新）	20210901
005801FF0001090005C660D21CBD6AE1	贝肯熊2：金牌特工-国语版	20210901
005801FF0001090005C660D21CBD6E57	猪猪侠之超星五灵侠第一季	20210901
005801FF0001090005C660D21CBD6F15	蜡笔小新第八季	20210901
005801FF0001090005C660D21CBD733F	猪猪侠之超星五灵侠第一季	20210901
005801FF0001090005C660D21CBD73E3	花开山乡	20210901
005801FF0001090005C660D21CBD75EB	超级飞侠第三季	20210901
005801FF0001090005C660D21CBD78C6	铁血刀锋	20210901
005801FF0001090005C660D21CBD7A7B	牛气满满的哥哥	20210901
005801FF0001090005C660D21CBD7BBB	汪汪队立大功全集	20210901
005801FF0001090005C660D21CBD7D12	秦腔 本戏	20210901
005801FF0001090005C660D21CBD7F3B	猫和老鼠第二季	20210901
005801FF0001090005C660D21CBD81CF	猪猪侠之南海日记第一季	20210901
005801FF0001090005C660D21CBD8252	小狮子赛几	20210901
005801FF0001090005C660D21CBD8C1C	精灵梦叶罗丽X冰莲花	20210901
005801FF0001090005C660D21CBD90BD	少林问道	20210901
005801FF0001090005C660D21CBD9692	小狮子赛几	20210901
005801FF0001090005C660D21CBD97F0	明星大侦探 第二季	20210901
005801FF0001090005C660D21CBD9AB5	喜羊羊与灰太狼之羊村守护者之四	20210901
005801FF0001090005C660D21CBD9D84	小猪佩奇第八季	20210901
005801FF0001090005C660D21CBDA58B	铁血刀锋	20210901
005801FF0001090005C660D21CBDA5D7	终极任务	20210901
005801FF0001090005C660D21CBDADCE	不可思议的晴朗	20210901
005801FF0001090005C660D21CBDB001	奋斗吧，少年！	20210901
005801FF0001090005C660D21CBDB1D5	捷德奥特曼	20210901
005801FF0001090005C660D21CBDB392	捷德奥特曼	20210901
005801FF0001090005C660D21CBDB4CA	你好，对方辩友	20210901
005801FF0001090005C660D21CBDB504	女子特战队	20210901
005801FF0001090005C660D21CBDB540	秘密X战士 幻影甜心-普通话版	20210901
005801FF0001090005C660D21CBDB750	小猪佩奇第一季（新）	20210901
005801FF0001090005C660D21CBDBA11	快乐大本营 2021	20210901
005801FF0001090005C660D21CBDBFB8	快乐大本营 2021	20210901
005801FF0001090005C660D21CBDC033	铁血殊途	20210901
005801FF0001090005C660D21CBDC23D	唐人街探案2-国语版	20210901
005801FF0001090005C660D21CBDC399	奔跑吧 第三季	20210901
005801FF0001090005C660D21CBDC4AA	满山打鬼子	20210901
005801FF0001090005C660D21CBDC5C0	小猪佩奇第一季（新）	20210901
005801FF0001090005C660D21CBDC69C	猪猪侠之超星萌宠第四季	20210901
005801FF0001090005C660D21CBDC6E8	元气食堂	20210901
005801FF0001090005C660D21CBDC6FF	与君歌	20210901
005801FF0001090005C660D21CBDC745	猪猪侠之超星萌宠第四季	20210901
005801FF0001090005C660D21CBDC7EB	医馆笑传2	20210901
005801FF0001090005C660D21CBDCC02	魔能圣甲	20210901
005801FF0001090005C660D21CBF7E91	这！就是灌篮 第三季	20210901
005801FF0001090005C660D21CBF7FDC	战狼2-国语版	20210901
005801FF0001090005C660D21CBF801F	移动的枪口	20210901
005801FF0001090005C660D21CBF82CA	第一目标	20210901
005801FF0001090005C660D21CBF86FE	蜡笔小新第八季	20210901
005801FF0001090005C660D21CBF8861	新名侦探柯南II	20210901
005801FF0001090005C660D21CBF89E2	贝肯熊2：金牌特工-国语版	20210901
005801FF0001090005C660D21CBF8AF3	喜羊羊与灰太狼之深海历险记	20210901
005801FF0001090005C660D21CBF8C86	奔跑吧·黄河篇	20210901
005801FF0001090005C660D21CBF8E41	王牌对王牌 第六季	20210901
005801FF0001090005C660D21CBF8EE3	小狮子赛几	20210901
005801FF0001090005C760D21CCA4737	我怕来不及	20210901
005801FF0001090005C760D21CCA487D	开心超人联盟之机械堡奇遇记	20210901
005801FF0001090005C760D21CCA4902	玫瑰行者	20210901
005801FF0001090005C760D21CCA4C91	哆啦A梦：伴我同行2-国语版	20210901
005801FF0001090005C860D21CCFFE97	我在他乡挺好的	20210901
005801FF0001090005C860D21CD00273	结婚的秘密	20210901
005801FF0001090005C860D21CD0038D	山里红	20210901
005801FF0001090005C860D21CD00883	花开山乡	20210901
005801FF0001090005C860D21CD00ABC	终极任务	20210901
005801FF0001090005C860D21CD00AD0	偶像活动 on Parade！-中文版	20210901
005801FF0001090005C860D21CD00E35	猪猪侠之超星五灵侠第一季	20210901
005801FF0001090005C860D21CD01085	那些日子	20210901
005801FF0001090005C860D21CD01148	终极任务	20210901
005801FF0001090005C860D21CD012BA	猫和老鼠-原声版	20210901
005801FF0001090005C860D21CD0136A	奔跑吧 第三季	20210901
005801FF0001090005C860D21CD0141B	熊出没之环球大冒险	20210901
005801FF0001090005C860D21CD01A72	HD-猎毒人	20210901
005801FF0001090005C860D21CD01BC8	铠甲勇士猎铠之黎明天塔	20210901
005801FF0001090005C860D21CD01E8A	小猪佩奇第二季（新）	20210901
005801FF0001090005C860D21CD0238E	婆婆的镯子	20210901
005801FF0001090006C660D21CBDCEEE	汪汪队立大功第一季	20210901
005801FF0001090006C660D21CBDD113	疯狂动物城-国语版	20210901
005801FF0001090006C660D21CBDD449	小狮子赛几	20210901
005801FF0001090006C660D21CBDD4F5	睡衣小英雄第三季	20210901
005801FF0001090006C660D21CBDD696	金婚	20210901
005801FF0001090006C660D21CBDD81F	名侦探柯南XIV	20210901
005801FF0001090006C660D21CBDE109	你好，对方辩友	20210901
005801FF0001090006C660D21CBDE14A	奔跑吧 第一季	20210901
005801FF0001090006C660D21CBDE1AC	结婚的秘密	20210901
005801FF0001090006C660D21CBDE400	猪猪侠之南海日记第一季	20210901
005801FF0001090006C660D21CBDE4A5	小猪佩奇第八季	20210901
005801FF0001090006C660D21CBDE70E	铁血刀锋	20210901
005801FF0001090006C660D21CBDE7D3	终极任务	20210901
005801FF0001090006C660D21CBDE8CC	奔跑吧 第一季	20210901
005801FF0001090006C660D21CBDEE28	少年派	20210901
005801FF0001090006C660D21CBDF001	百灵潭	20210901
005801FF0001090006C660D21CBDF004	暗格里的秘密	20210901
005801FF0001090006C660D21CBDF0CC	猪猪侠之竞球小英雄第四季	20210901
005801FF0001090006C660D21CBDF12F	小猪佩奇第一季（新）	20210901
005801FF0001090006C660D21CBDF1FE	侠探高飞	20210901
005801FF0001090006C660D21CBDF20D	移动的枪口	20210901
005801FF0001090006C660D21CBDF4BD	战狼2-国语版	20210901
005801FF0001090006C660D21CBDFB65	终极任务	20210901
005801FF0001090006C660D21CBDFB9E	唐人街探案2-国语版	20210901
005801FF0001090006C660D21CBDFBD9	贝肯熊2：金牌特工-国语版	20210901
005801FF0001090006C660D21CBDFD59	暗格里的秘密	20210901
005801FF0001090006C660D21CBDFED6	猫和老鼠第二季	20210901
005801FF0001090006C660D21CBE008B	新名侦探柯南III	20210901
005801FF0001090006C660D21CBE008C	移动的枪口	20210901
005801FF0001090006C660D21CBE024E	奔跑吧 第四季	20210901
005801FF0001090006C660D21CBE037F	小猪佩奇第二季（新）	20210901
005801FF0001090006C660D21CBE0587	菲梦少女第二季	20210901
005801FF0001090006C660D21CBE092F	青春环游记 第二季	20210901
005801FF0001090006C660D21CBE0954	猪猪侠之南海日记第一季	20210901
005801FF0001090006C660D21CBE0A21	我的！体育老师	20210901
005801FF0001090006C660D21CBE0AAA	铠甲勇士猎铠之黎明天塔	20210901
005801FF0001090006C660D21CBE0ABE	乐高城市	20210901
005801FF0001090006C660D21CBE0AC9	超迷你战士第二季	20210901
005801FF0001090006C660D21CBE0C57	HD-妈祖	20210901
005801FF0001090006C660D21CBE0EE7	超级飞侠第十季	20210901
005801FF0001090006C660D21CBE0F31	班长“殿下”	20210901
005801FF0001090006C660D21CBE15DC	终极任务	20210901
005801FF0001090006C660D21CBE1707	我就是这般女子	20210901
005801FF0001090006C660D21CBE1822	花开山乡	20210901
005801FF0001090006C660D21CBE19D0	猪猪侠之超星五灵侠第一季	20210901
005801FF0001090006C660D21CBE1A18	小猪佩奇第八季	20210901
005801FF0001090006C660D21CBE1C05	巴啦啦小魔仙之音符之谜	20210901
005801FF0001090006C660D21CBF1B34	明星大侦探 第二季	20210901
005801FF0001090006C660D21CBF1E3C	小伶玩具之超人气芭比娃娃特辑	20210901
005801FF0001090006C660D21CBF23AA	猪猪侠之南海日记第一季	20210901
005801FF0001090006C660D21CBF2417	超级飞侠第一季	20210901
005801FF0001090006C660D21CBF2B82	暗格里的秘密	20210901
005801FF0001090006C660D21CBF2CB9	天龙八部（钟汉良版）	20210901
005801FF0001090006C660D21CBF2D17	萌鸡小队第二季	20210901
005801FF0001090006C660D21CBF2D50	菲梦少女第二季	20210901
005801FF0001090006C660D21CBF2DBD	拯救者	20210901
005801FF0001090006C660D21CBF2DBD	烈火凤凰	20210901
005801FF0001090006C660D21CBF3198	贝乐虎英语儿歌	20210901
005801FF0001090006C660D21CBF3279	战狼2-国语版	20210901
005801FF0001090006C660D21CBF32F0	家庭秘密	20210901
005801FF0001090006C660D21CBF3B77	青春环游记 第二季	20210901
005801FF0001090006C660D21CBF3C50	侠探高飞	20210901
005801FF0001090006C660D21CBF40C5	喜羊羊与灰太狼之羊村守护者之四	20210901
005801FF0001090006C660D21CBF420F	海绵宝宝第三季	20210901
005801FF0001090006C660D21CBF422B	小猪佩奇第八季	20210901
005801FF0001090006C660D21CBF436A	我的！体育老师	20210901
005801FF0001090006C660D21CBF4620	喜羊羊与灰太狼之羊村守护者之四	20210901
005801FF0001090006C660D21CBF4769	天降萌宝小熊猫	20210901
005801FF0001090006C660D21CBF4A69	暖暖的幸福	20210901
005801FF0001090006C660D21CBF4AC7	小猪佩奇第一季（新）	20210901
005801FF0001090006C660D21CBF4D2E	嗨放派	20210901
005801FF0001090006C660D21CBF4DF0	结婚的秘密	20210901
005801FF0001090006C660D21CBF5163	百灵潭	20210901
005801FF0001090006C660D21CBF53AB	百灵潭	20210901
005801FF0001090006C660D21CBF549C	睡衣小英雄第三季	20210901
005801FF0001090006C660D21CBF5795	移动的枪口	20210901
005801FF0001090006C660D21CBF57D4	小猪佩奇第一季（新）	20210901
005801FF0001090006C660D21CBF58EF	贝乐虎入园记	20210901
005801FF0001090006C660D21CBF5939	天舞纪	20210901
005801FF0001090006C660D21CBF5BC2	花开山乡	20210901
005801FF0001090006C660D21CBF5BD9	陪你到世界之巅	20210901
005801FF0001090006C660D21CBF5D61	魔能圣甲	20210901
005801FF0001090006C660D21CBF6057	超级飞侠第十季	20210901
005801FF0001090006C660D21CBF61B5	我们的绝地反击	20210901
005801FF0001090006C660D21CBF629E	奔跑吧 第五季	20210901
005801FF0001090006C660D21CBF63A7	转战超旋斗士	20210901
005801FF0001090006C660D21CBF6466	精灵梦叶罗丽第四季	20210901
005801FF0001090006C660D21CBF654D	疯狂原始人2-国语版	20210901
005801FF0001090006C660D21CBF671F	小猪佩奇第二季（新）	20210901
005801FF0001090006C660D21CBF69F6	睡衣小英雄第三季	20210901
005801FF0001090006C660D21CBF6C91	我在他乡挺好的	20210901
005801FF0001090006C660D21CBF6DE0	猪猪侠之超星五灵侠第一季	20210901
005801FF0001090006C660D21CBF6DF2	结婚的秘密	20210901
005801FF0001090006C660D21CBF715A	猪猪侠之南海日记第一季	20210901
005801FF0001090006C660D21CBF746F	菲梦少女第二季	20210901
005801FF0001090006C660D21CBF7552	小狮子赛几	20210901
005801FF0001090006C660D21CBF7626	铁血殊途	20210901
005801FF0001090006C660D21CBF78DE	结婚的秘密	20210901
005801FF0001090006C660D21CBF7AF1	中国好声音 2021	20210901
005801FF0001090006C660D21CBF7AF4	花开山乡	20210901
005801FF0001090006C660D21CBF7B23	贝乐虎入园记	20210901
005801FF0001090006C660D21CBF7B58	超级飞侠第一季	20210901
005801FF0001090006C760D21CC4D2B1	归鸿	20210901
005801FF0001090006C760D21CC4D649	精灵梦叶罗丽第四季	20210901
005801FF0001090006C760D21CC4D7EE	婆婆和妈妈 第二季	20210901
005801FF0001090006C760D21CC4D859	巴啦啦小魔仙之音符之谜	20210901
005801FF0001090006C760D21CC4DBFC	喜羊羊与灰太狼之羊村守护者之四	20210901
005801FF0001090006C760D21CC4DC0E	女子特战队	20210901
005801FF0001090006C760D21CC4DDCA	HD-反恐特战队之猎影	20210901
005801FF0001090006C760D21CC4DEE4	龙虾刑警-国语版	20210901
005801FF0001090006C760D21CC4E016	变形金刚3月黑之时-国语版	20210901
005801FF0001090006C760D21CC4E295	秦腔 折子戏	20210901
005801FF0001090006C760D21CC4E4D1	中国好声音 2021	20210901
005801FF0001090006C760D21CC4E4EE	喜羊羊与灰太狼之羊村守护者之四	20210901
005801FF0001090006C760D21CC4EB47	终极任务	20210901
005801FF0001090006C760D21CC4EB99	铁血殊途	20210901
005801FF0001090006C760D21CC4EC4A	精灵梦叶罗丽第二季	20210901
005801FF0001090006C760D21CC4EE9A	猪猪侠之超星五灵侠第一季	20210901
005801FF0001090006C760D21CC4EFDA	快乐大本营 2020	20210901
005801FF0001090006C760D21CC4F3B6	铠甲勇士猎铠之黎明天塔	20210901
005801FF0001090006C760D21CC4F6A1	奔跑吧 第五季	20210901
