htv_demand_content_light.deviceid	htv_demand_content_light.videoname	htv_demand_content_light.date_time
005801FF0001005005D300692D37D26F	奔跑吧 第五季	20210901
005801FF0001005005D300692D37D26F	贝肯熊2：金牌特工-国语版	20210901
005801FF0001005005D300692D37D2AA	凤囚凰	20210901
005801FF0001005005D300692D37D2AA	良辰美景好时光	20210901
005801FF0001005005D300692D37D2EE	菲梦少女第二季	20210901
005801FF0001005005D300692D37D4B1	超级飞侠第一季	20210901
005801FF0001005005D300692D37D4D7	中餐厅 第四季	20210901
005801FF0001005005D300692D37D51E	摇滚藏獒-国语版	20210901
005801FF0001005005D300692D37D55D	银河奥特曼S	20210901
005801FF0001005005D300692D37D55D	雷欧奥特曼普通话	20210901
005801FF0001005005D300692D37D666	可爱巧虎岛第六季	20210901
005801FF0001005005D300692D37D666	开心超人联盟之机械堡奇遇记	20210901
005801FF0001005005D300692D37D666	麦克斯奥特曼	20210901
005801FF0001005005D300692D37D67D	唐人街探案3-国语版	20210901
005801FF0001005005D300692D37D70E	睡衣小英雄第三季	20210901
005801FF0001005005D300692D37D71B	扫黑·决战-国语版	20210901
005801FF0001005005D300692D37D7A5	哆啦A梦：伴我同行2-国语版	20210901
005801FF0001005005D300692D37D7AE	银河奥特曼S	20210901
005801FF0001005005D300692D37D7D6	HD-妈祖	20210901
005801FF0001005005D300692D37D7D6	小猪佩奇第一季（新）	20210901
005801FF0001005005D300692D37D7D6	景德镇	20210901
005801FF0001005005D300692D37D800	小猪佩奇第一季（新）	20210901
005801FF0001005005D300692D37D843	追梦少年	20210901
005801FF0001005005D300692D37D86C	小猪佩奇第三季	20210901
005801FF0001005005D300692D37D86C	超级飞侠第十季	20210901
005801FF0001005005D300692D37D86F	小猪佩奇第八季	20210901
005801FF0001005005D300692D37D883	精灵梦叶罗丽第六季	20210901
005801FF0001005005D300692D37D896	可爱巧虎岛第六季	20210901
005801FF0001005005D300692D37D8C3	小猪佩奇第八季	20210901
005801FF0001005005D300692D37D915	小狮子赛几	20210901
005801FF0001005005D300692D37D915	贝肯熊2：金牌特工-国语版	20210901
005801FF0001005005D300692D37D94C	喜羊羊与灰太狼之羊村守护者之四	20210901
005801FF0001005005D300692D37D96B	哆啦A梦：伴我同行2-国语版	20210901
005801FF0001005005D300692D37D979	小猪佩奇第二季（新）	20210901
005801FF0001005005D300692D37D9A5	[HD]汪汪队立大功之小砾	20210901
005801FF0001005005D300692D37DA69	唐人街探案3-国语版	20210901
005801FF0001005005D300692D37DA69	战狼2-国语版	20210901
005801FF0001005005D300692D37DA71	超级飞侠第一季	20210901
005801FF0001005005D300692D37DABB	猪猪侠之南海日记第一季	20210901
005801FF0001005005D300692D37DACB	猪猪侠之超星萌宠第四季	20210901
005801FF0001005005D300692D37DB0A	喜羊羊与灰太狼之羊村守护者之四	20210901
005801FF0001005005D300692D37DB14	小猪佩奇第五季	20210901
005801FF0001005005D300692D37DB84	精灵宝可梦太阳和月亮第二季	20210901
005801FF0001005005D300692D37DBE8	活佛济公第三部	20210901
005801FF0001005005D300692D37DC0B	HD-我把忠诚献给你	20210901
005801FF0001005005D300692D37DC0B	飞哥战队	20210901
005801FF0001005005D300692D37DC8E	小猪佩奇第八季	20210901
005801FF0001005005D300692D37DC95	哆啦A梦：伴我同行2-原声版	20210901
005801FF0001005005D300692D37DC95	猪猪侠之南海日记第一季	20210901
005801FF0001005005D300692D37DC95	百灵潭	20210901
005801FF0001005005D300692D37DCBE	猪猪侠之南海日记第一季	20210901
005801FF0001005005D300692D37DCEC	睡衣小英雄第三季	20210901
005801FF0001005005D300692D37DCF3	喜羊羊与灰太狼之羊村守护者之四	20210901
005801FF0001005005D300692D37DD80	少年卷福	20210901
005801FF0001005005D300692D37DDE1	再见爱人	20210901
005801FF0001005005D300692D37DE54	天舞纪	20210901
005801FF0001005005D300692D37DE54	我就是这般女子	20210901
005801FF0001005005D300692D37DF18	快乐大本营 2021	20210901
005801FF0001005005D300692D37DF3C	小猪佩奇第八季	20210901
005801FF0001005005D300692D37DF74	HD-熊出没之秋日团团转	20210901
005801FF0001005005D300692D37DFAA	小猪佩奇第八季	20210901
005801FF0001005005D300692D37DFCF	萌鸡小队第二季	20210901
005801FF0001005005D300692D37E06D	哪吒降妖记	20210901
005801FF0001005005D300692D37E0B8	猪猪侠之超星五灵侠第一季	20210901
005801FF0001005005D300692D37E0D8	王牌对王牌 第三季	20210901
005801FF0001005005D300692D37E159	猪猪侠之南海日记第一季	20210901
005801FF0001005005D300692D37E1DD	可爱巧虎岛第六季	20210901
005801FF0001005005D300692D37E223	新名侦探柯南I	20210901
005801FF0001005005D300692D37E23E	猪猪侠之南海日记第一季	20210901
005801FF0001005005D300692D37E298	小猪佩奇第七季	20210901
005801FF0001005005D300692D37E298	小猪佩奇第八季	20210901
005801FF0001005005D300692D37E2A3	扫黑·决战-国语版	20210901
005801FF0001005005D300692D37E2BF	云飞丝路天	20210901
005801FF0001005005D300692D37E2F9	马卡龙少女	20210901
005801FF0001005005D300692D37E355	移动的枪口	20210901
005801FF0001005005D300692D37E372	猪猪侠之南海日记第一季	20210901
005801FF0001005005D300692D37E434	万万没想到-国语版	20210901
005801FF0001005005D300692D37E4F9	秦腔 唱段	20210901
005801FF0001005005D300692D37E560	蜡笔小新第八季	20210901
005801FF0001005005D300692D37E649	猫和老鼠第二季	20210901
005801FF0001005005D300692D37E68D	猫和老鼠第二季	20210901
005801FF0001005005D300692D37E6AF	可爱巧虎岛第六季	20210901
005801FF0001005005D300692D37E6BE	小狮子赛几	20210901
005801FF0001005005D300692D37E6CC	小猪佩奇第八季	20210901
005801FF0001005005D300692D37E725	迷你特工队X	20210901
005801FF0001005005D300692D37E72F	海绵宝宝第五季	20210901
005801FF0001005005D300692D37E72F	精灵梦叶罗丽第四季	20210901
005801FF0001005005D300692D37E74B	光影	20210901
005801FF0001005005D300692D37E74B	日食记	20210901
005801FF0001005005D300692D37E74B	猪猪侠之南海日记第一季	20210901
005801FF0001005005D300692D37E74B	迷你特工队X	20210901
005801FF0001005005D300692D37E74B	黑狐之风影	20210901
005801FF0001005005D300692D37E777	喜羊羊与灰太狼之深海历险记	20210901
005801FF0001005005D300692D37E777	喜羊羊与灰太狼之羊年喜羊羊-国语版	20210901
005801FF0001005005D300692D37E7B0	上游	20210901
005801FF0001005005D300692D37E7B0	熊出没之夺宝熊兵-国语版	20210901
005801FF0001005005D300692D37E82F	变形金刚3月黑之时-国语版	20210901
005801FF0001005005D300692D37E82F	猪猪侠之超星五灵侠第一季	20210901
005801FF0001005005D300692D37E85D	猪猪侠之南海日记第一季	20210901
005801FF0001005005D300692D37E90C	可爱巧虎岛第六季	20210901
005801FF0001005005D300692D37E9B6	可爱巧虎岛第六季	20210901
005801FF0001005005D300692D37E9B6	小伶玩具第一季：爆笑游戏2016	20210901
005801FF0001005005D300692D37E9B6	小伶玩具第五季	20210901
005801FF0001005005D300692D37E9BD	猪猪侠之超星五灵侠第一季	20210901
005801FF0001005005D300692D37EA7B	哆啦A梦：伴我同行2-国语版	20210901
005801FF0001005005D300692D37EA7B	小伶玩具	20210901
005801FF0001005005D300692D37EAA2	小伶玩具之超人气芭比娃娃特辑	20210901
005801FF0001005005D300692D37EAD8	菲梦少女第二季	20210901
005801FF0001005005D300692D37EAFB	猪猪侠之超星五灵侠第一季	20210901
005801FF0001005005D300692D37EB36	疯狂原始人2-国语版	20210901
005801FF0001005005D300692D37EB61	奔跑吧 第一季	20210901
005801FF0001005005D300692D37EB8A	可爱巧虎岛第六季	20210901
005801FF0001005005D300692D37EB8A	开心超人联盟之机械堡奇遇记	20210901
005801FF0001005005D300692D37EBB7	再见爱人	20210901
005801FF0001005005D300692D37EBCA	艾可魔法少女	20210901
005801FF0001005005D300692D37EBFE	精灵旅社-国语版	20210901
005801FF0001005005D300692D37EBFE	迷你特工队X	20210901
005801FF0001005005D300692D37ECA2	精灵梦叶罗丽X冰莲花	20210901
005801FF0001005005D300692D37ED66	小狮子赛几	20210901
005801FF0001005005D300692D37EDB2	大宋少年志	20210901
005801FF0001005005D300692D37EDE1	小猪佩奇第八季	20210901
005801FF0001005005D300692D37EDE2	超级飞侠第十季	20210901
005801FF0001005005D300692D37EDE5	猪猪侠之南海日记第一季	20210901
005801FF0001005005D300692D37EDEA	熊出没之雪岭熊风-国语版	20210901
005801FF0001005005D300692D37EE09	忍者神龟2：破影而出-原声版	20210901
005801FF0001005005D300692D37EE15	婆婆的镯子	20210901
005801FF0001005005D300692D37EE33	贝乐虎入园记	20210901
005801FF0001005005D300692D37EEC5	活死人萝卜之夜-国语版	20210901
005801FF0001005005D300692D37EECB	熊出没之环球大冒险	20210901
005801FF0001005005D300692D37EECC	猪猪侠之超星五灵侠第一季	20210901
005801FF0001005005D300692D37EED3	布鲁可战队之源星石守卫	20210901
005801FF0001005005D300692D37EF2E	HD-熊出没之秋日团团转	20210901
005801FF0001005005D300692D37EF71	扫黑·决战-国语版	20210901
005801FF0001005005D300692D37EF7E	转战超旋斗士	20210901
005801FF0001005005D300692D37EFB3	小伶玩具第一季：时尚DIY	20210901
005801FF0001005005D300692D37EFB3	猪猪侠之超星五灵侠第一季	20210901
005801FF0001005005D300692D37EFD0	理想照耀陇原	20210901
005801FF0001005005D300692D37EFD3	可爱巧虎岛第六季	20210901
005801FF0001005005D300692D37EFD3	小猪佩奇第八季	20210901
005801FF0001005005D300692D37EFD7	明星大侦探 第二季	20210901
005801FF0001005005D300692D37EFEC	猫和老鼠第二季	20210901
005801FF0001005005D300692D37EFFE	魔能圣甲	20210901
005801FF0001005005D300692D37F10F	大地情深	20210901
005801FF0001005005D300692D37F18B	超级飞侠第三季	20210901
005801FF0001005005D300692D37F1F2	陪你到世界之巅	20210901
005801FF0001005005D300692D37F1FB	冰川时代-国语版	20210901
005801FF0001005005D300692D37F1FB	玩偶奇兵-国语版	20210901
005801FF0001005005D300692D37F213	婆婆的镯子	20210901
005801FF0001005005D300692D37F296	钟馗传说	20210901
005801FF0001005005D300692D37F346	岁岁年年柿柿红	20210901
005801FF0001005005D300692D37F3A2	良辰美景好时光	20210901
005801FF0001005005D300692D37F3C3	粘豆包	20210901
005801FF0001005005D300692D37F42D	百灵潭	20210901
005801FF0001005005D300692D37F4C9	HD-熊出没之秋日团团转	20210901
005801FF0001005005D300692D37F4DB	英雄祭	20210901
005801FF0001005005D300692D37F503	小猪佩奇第一季（新）	20210901
005801FF0001005005D300692D37F512	扫黑·决战-国语版	20210901
005801FF0001005005D300692D37F5BD	喜羊羊与灰太狼之羊村守护者之四	20210901
005801FF0001005005D300692D37F5BD	猪猪侠之南海日记第一季	20210901
005801FF0001005005D300692D37F677	喜羊羊与灰太狼之羊村守护者之四	20210901
005801FF0001005005D300692D37F6B4	精灵梦叶罗丽第三季	20210901
005801FF0001005005D300692D37F6D3	猫和老鼠-国语版	20210901
005801FF0001005005D300692D37F72F	贝乐虎入园记	20210901
005801FF0001005005D300692D37F79C	小猪佩奇第八季	20210901
005801FF0001005005D300692D37F7AC	小猪佩奇第四季	20210901
005801FF0001005005D300692D37F7E6	唐人街探案2-国语版	20210901
005801FF0001005005D300692D37F7E6	奔跑吧 第五季	20210901
005801FF0001005005D300692D37F7E6	奔跑吧·黄河篇	20210901
005801FF0001005005D300692D37F7F1	牛气满满的哥哥	20210901
005801FF0001005005D300692D37F816	赛车总动员2-粤语版	20210901
005801FF0001005005D300692D37F876	精灵梦叶罗丽第七季	20210901
005801FF0001005005D300692D37F876	精灵梦叶罗丽第六季	20210901
005801FF0001005005D300692D37F876	超迷你战士第二季	20210901
005801FF0001005005D300692D37F8BF	猪猪侠之南海日记第一季	20210901
005801FF0001005005D300692D37F8C0	猪猪侠之超星五灵侠第一季	20210901
005801FF0001005005D300692D37F8E3	龙虾刑警-国语版	20210901
005801FF0001005005D300692D37F909	猪猪侠之南海日记第一季	20210901
005801FF0001005005D300692D37F93C	熊出没之雪岭熊风-国语版	20210901
005801FF0001005005D300692D37F9F6	超级飞侠第十季	20210901
005801FF0001005005D300692D37FA14	猪猪侠之五灵守卫者	20210901
005801FF0001005005D300692D37FA66	熊鼠一家第二季	20210901
005801FF0001005005D300692D37FA6D	奔跑吧 第五季	20210901
005801FF0001005005D300692D37FA6D	青春环游记 第二季	20210901
005801FF0001005005D300692D37FACC	小猪佩奇第八季	20210901
005801FF0001005005D300692D37FAD1	万界仙踪	20210901
005801FF0001005005D300692D37FAF5	开心鬼-国语版	20210901
005801FF0001005005D300692D37FB1D	终极任务	20210901
005801FF0001005005D300692D37FB39	巴啦啦小魔仙之音符之谜	20210901
005801FF0001005005D300692D37FB60	活佛济公第三部	20210901
005801FF0001005005D300692D37FB83	喜羊羊与灰太狼之羊村守护者之四	20210901
005801FF0001005005D300692D37FBB8	追梦少年	20210901
005801FF0001005005D300692D37FC52	王牌对王牌 第六季	20210901
005801FF0001005005D300692D37FC62	可爱巧虎岛第六季	20210901
005801FF0001005005D300692D37FC9F	比得兔-原声版	20210901
005801FF0001005005D300692D37FCB5	哆啦A梦：伴我同行2-国语版	20210901
005801FF0001005005D300692D37FCB5	贝肯熊2：金牌特工-国语版	20210901
005801FF0001005005D300692D37FD28	精灵梦叶罗丽第二季	20210901
005801FF0001005005D300692D37FD28	蜡笔小新第八季	20210901
005801FF0001005005D300692D37FD28	超级飞侠第一季	20210901
005801FF0001005005D300692D37FD4B	暗格里的秘密	20210901
005801FF0001005005D300692D37FD68	HD-熊出没之秋日团团转	20210901
005801FF0001005005D300692D37FDD3	速度与激情9-原声版	20210901
005801FF0001005005D300692D37FDE0	猪猪侠之超星萌宠第四季	20210901
005801FF0001005005D300692D37FE27	凤囚凰	20210901
005801FF0001005005D300692D37FE31	魔能圣甲	20210901
005801FF0001005005D300692D37FE3A	百灵潭	20210901
005801FF0001005005D300692D37FE4B	天龙八部（钟汉良版）	20210901
005801FF0001005005D300692D37FE6A	大鱼海棠-国语版	20210901
005801FF0001005005D300692D37FE6A	奔跑吧 第三季	20210901
005801FF0001005005D300692D37FE90	大地情深	20210901
005801FF0001005005D300692D37FEC3	HD-熊出没之夏日连连看	20210901
005801FF0001005005D300692D37FEC3	熊出没之环球大冒险	20210901
005801FF0001005005D300692D37FEC9	猪猪侠之南海日记第一季	20210901
005801FF0001005005D300692D37FEF4	中国好好玩	20210901
005801FF0001005005D300692D37FEF4	风度中国	20210901
005801FF0001005005D300692D37FF0F	咱们裸熊第三季	20210901
005801FF0001005005D300692D37FF1D	布鲁可战队之源星石守卫	20210901
005801FF0001005005D300692D37FF1D	猪猪侠之超星萌宠第四季	20210901
005801FF0001005005D300692D37FF2E	HD-妈祖	20210901
005801FF0001005005D300692D37FF2E	夜空中最闪亮的星	20210901
005801FF0001005005D300692D37FF51	婆婆的镯子	20210901
005801FF0001005005D300692D37FF51	鼠来宝3-原声版	20210901
005801FF0001005005D300692D37FF82	超级伊仔	20210901
005801FF0001005005D300692D37FFAC	蜡笔小新第九季	20210901
005801FF0001005005D300692D37FFC5	猪猪侠之超星萌宠第四季	20210901
005801FF0001005005D300692D37FFEA	奈克赛斯奥特曼	20210901
005801FF0001005005D300692D37FFEA	超级飞侠第八季	20210901
005801FF0001005005D300692D37FFEA	麦克斯奥特曼	20210901
005801FF0001005005D300692D37FFEE	偶像活动 on Parade！-中文版	20210901
005801FF0001005005D300692D37FFEE	雷欧奥特曼普通话	20210901
005801FF0001005005D300692D37FFFB	剑网3侠肝义胆沈剑心	20210901
005801FF0001005005D300692D380022	新名侦探柯南Ⅹ	20210901
005801FF0001005005D300692D380022	猫和老鼠第二季	20210901
005801FF0001005005D300692D380061	元气食堂	20210901
005801FF0001005005D300692D380066	猪猪侠之超星五灵侠第一季	20210901
005801FF0001005005D300692D380066	贝乐虎大百科	20210901
005801FF0001005005D300692D3800DD	[HD]汪汪队立大功之小砾	20210901
005801FF0001005005D300692D3800DD	可爱巧虎岛第六季	20210901
005801FF0001005005D300692D38013D	婆婆的镯子	20210901
005801FF0001005005D300692D38013D	小猪佩奇第八季	20210901
005801FF0001005005D300692D38013D	良辰美景好时光	20210901
005801FF0001005005D300692D380164	猪猪侠之超星五灵侠第一季	20210901
005801FF0001005005D300692D38018E	超级飞侠第一季	20210901
005801FF0001005005D300692D38019F	凤囚凰	20210901
005801FF0001005005D300692D38026E	冰雪奇缘2-国语版	20210901
005801FF0001005005D300692D38026E	小猪佩奇第八季	20210901
005801FF0001005005D300692D380295	可爱巧虎岛第六季	20210901
005801FF0001005005D300692D380295	超级飞侠第六季	20210901
005801FF0001005005D300692D380297	蜡笔小新第八季	20210901
005801FF0001005005D300692D380345	少林寺传奇藏经阁	20210901
005801FF0001005005D300692D380351	盖亚奥特曼	20210901
005801FF0001005005D300692D380366	秦腔 本戏	20210901
005801FF0001005005D300692D3803E0	超迷你战士第二季	20210901
005801FF0001005005D300692D3803F4	小猪佩奇第八季	20210901
005801FF0001005005D300692D38043A	超级飞侠第六季	20210901
005801FF0001005005D300692D380442	中餐厅 第五季	20210901
005801FF0001005005D300692D380455	猪猪侠之南海日记第一季	20210901
005801FF0001005005D300692D38048F	宝宝巴士细菌来了	20210901
005801FF0001005005D300692D3804AD	猪猪侠之南海日记第一季	20210901
005801FF0001005005D300692D3804B6	元气满满的哥哥	20210901
005801FF0001005005D300692D3804D6	小伶玩具之超人气芭比娃娃特辑	20210901
005801FF0001005005D300692D3804EB	[HD]汪汪队立大功之小砾	20210901
005801FF0001005005D300692D3804FF	岁岁年年柿柿红	20210901
005801FF0001005005D300692D38052A	花木兰(真人版)-国语版	20210901
005801FF0001005005D300692D38052A	龙虾刑警-国语版	20210901
005801FF0001005005D300692D38053C	贝乐虎入园记	20210901
005801FF0001005005D300692D380556	喜羊羊与灰太狼之羊村守护者之四	20210901
005801FF0001005005D300692D380633	百灵潭	20210901
005801FF0001005005D300692D38063D	济公之降龙降世-国语版	20210901
005801FF0001005005D300692D380690	[HD]汪汪队立大功之小砾	20210901
005801FF0001005005D300692D380690	哆啦A梦：伴我同行2-国语版	20210901
005801FF0001005005D300692D380690	猪猪侠之南海日记第一季	20210901
005801FF0001005005D300692D380690	精灵梦叶罗丽第七季	20210901
005801FF0001005005D300692D380690	精灵梦叶罗丽第二季	20210901
005801FF0001005005D300692D380690	超级飞侠第十季	20210901
005801FF0001005005D300692D3806F5	超级飞侠第十季	20210901
005801FF0001005005D300692D380713	HD-熊出没之秋日团团转	20210901
005801FF0001005005D300692D380713	猪猪侠之南海日记第一季	20210901
005801FF0001005005D300692D380732	唐人街探案3-国语版	20210901
005801FF0001005005D300692D380732	济公之降龙降世-国语版	20210901
005801FF0001005005D300692D380735	可爱巧虎岛第六季	20210901
005801FF0001005005D300692D380735	小伶玩具第五季	20210901
005801FF0001005005D300692D380735	猪猪侠之超星萌宠第四季	20210901
005801FF0001005005D300692D38074F	花开山乡	20210901
005801FF0001005005D300692D38076D	元气食堂	20210901
005801FF0001005005D300692D380793	超级飞侠第十季	20210901
005801FF0001005005D300692D3807BE	百灵潭	20210901
005801FF0001005005D300692D3807F9	新名侦探柯南III	20210901
005801FF0001005005D300692D380864	HD-熊出没之春日对对碰	20210901
005801FF0001005005D300692D3808DD	奔跑吧 第二季	20210901
005801FF0001005005D300692D38090F	怪兽传说	20210901
005801FF0001005005D300692D38090F	猫小帅成语故事	20210901
005801FF0001005005D300692D38091F	我的小确幸	20210901
005801FF0001005005D300692D380948	王牌对王牌 第三季	20210901
005801FF0001005005D300692D38099D	阿衰第一季	20210901
005801FF0001005005D300692D38099D	阿衰第五季	20210901
005801FF0001005005D300692D3809A2	乐高城市大冒险	20210901
005801FF0001005005D300692D380A2D	小猪佩奇第八季	20210901
005801FF0001005005D300692D380A91	贝乐虎入园记	20210901
005801FF0001005005D300692D380AD3	超级飞侠第十季	20210901
005801FF0001005005D300692D380B42	疯狂的麦咭 第七季	20210901
005801FF0001005005D300692D380BA3	喜羊羊与灰太狼之羊村守护者之四	20210901
005801FF0001005005D300692D380BC1	小猪佩奇第四季	20210901
005801FF0001005005D300692D380BC7	女子特战队	20210901
005801FF0001005005D300692D380BC7	神奇女侠1984-原声版	20210901
005801FF0001005005D300692D380C06	铁血殊途	20210901
005801FF0001005005D300692D380C5D	向往的生活 第四季	20210901
005801FF0001005005D300692D380C68	哆啦A梦：伴我同行2-国语版	20210901
005801FF0001005005D300692D380C71	贝乐虎入园记	20210901
005801FF0001005005D300692D380CA1	济公之降龙降世-国语版	20210901
005801FF0001005005D300692D380CDE	超级飞侠第一季	20210901
005801FF0001005005D300692D380D7F	HD-追风行动	20210901
005801FF0001005005D300692D380D85	猪猪侠之超星五灵侠第一季	20210901
005801FF0001005005D300692D380D96	送你一朵小红花-国语版	20210901
005801FF0001005005D300692D380DC3	怦然再心动	20210901
005801FF0001005005D300692D380DDC	战狼2-国语版	20210901
005801FF0001005005D300692D380E03	云飞丝路天	20210901
005801FF0001005005D300692D380E23	小猪佩奇第八季	20210901
005801FF0001005005D300692D380E23	猪猪侠之南海日记第一季	20210901
005801FF0001005005D300692D380E4E	小猪佩奇第八季	20210901
005801FF0001005005D300692D380E69	哪吒之魔童降世-国语版	20210901
005801FF0001005005D300692D380E69	猪猪侠之竞球小英雄第四季	20210901
005801FF0001005005D300692D380E93	贝乐虎入园记	20210901
005801FF0001005005D300692D380E93	铠甲勇士猎铠之黎明天塔	20210901
005801FF0001005005D300692D380E9E	艾可魔法少女	20210901
005801FF0001005005D300692D380EC5	HD-熊出没之秋日团团转	20210901
005801FF0001005005D300692D380EFE	秘密X战士 幻影甜心-普通话版	20210901
005801FF0001005005D300692D380F06	超级飞侠第一季	20210901
005801FF0001005005D300692D380F0B	百灵潭	20210901
005801FF0001005005D300692D380F49	陪你到世界之巅	20210901
005801FF0001005005D300692D380F4E	HD-赛罗奥特曼英雄传	20210901
005801FF0001005005D300692D380F54	猫小帅成语故事	20210901
005801FF0001005005D300692D380F8D	百灵潭	20210901
005801FF0001005005D300692D380F99	小猪佩奇第七季	20210901
005801FF0001005005D300692D380F99	超级飞侠第十季	20210901
005801FF0001005005D300692D380FBB	奔跑吧 第二季	20210901
005801FF0001005005D300692D380FBC	王牌对王牌 第三季	20210901
005801FF0001005005D300692D380FBC	王牌对王牌 第六季	20210901
005801FF0001005005D300692D380FD2	愤怒的小鸟-国语版	20210901
005801FF0001005005D300692D380FD2	战狼2-国语版	20210901
005801FF0001005005D300692D380FD2	钟馗传说	20210901
005801FF0001005005D300692D380FD8	超迷你战士第二季	20210901
005801FF0001005005D300692D381002	喜羊羊与灰太狼之羊村守护者之四	20210901
005801FF0001005005D300692D381002	睡衣小英雄第三季	20210901
005801FF0001005005D300692D381006	结婚的秘密	20210901
005801FF0001005005D300692D381092	喜羊羊与灰太狼之羊村守护者之四	20210901
005801FF0001005005D300692D381092	贝乐虎入园记	20210901
005801FF0001005005D300692D3810CA	猪猪侠之南海日记第一季	20210901
005801FF0001005005D300692D3810E4	蜡笔小新第八季	20210901
005801FF0001005005D300692D38112E	百灵潭	20210901
005801FF0001005005D300692D381130	花开山乡	20210901
005801FF0001005005D300692D381161	龙之谷：破晓奇兵-国语版	20210901
005801FF0001005005D300692D3811A6	猪猪侠之南海日记第一季	20210901
005801FF0001005005D300692D3811A6	睡衣小英雄第三季	20210901
005801FF0001005005D300692D381277	奈克赛斯奥特曼	20210901
005801FF0001005005D300692D381282	猪猪侠之南海日记第一季	20210901
005801FF0001005005D300692D38128E	超级飞侠第十季	20210901
005801FF0001005005D300692D3812AB	喜羊羊与灰太狼之羊年喜羊羊-国语版	20210901
005801FF0001005005D300692D3812B4	小猪佩奇第五季	20210901
005801FF0001005005D300692D3812C3	大闹西游-国语版	20210901
005801FF0001005005D300692D381321	活佛济公第三部	20210901
005801FF0001005005D300692D3813F5	小猪佩奇第四季	20210901
005801FF0001005005D300692D3813F5	精灵旅社2-原声版	20210901
005801FF0001005005D300692D381419	乐高城市	20210901
005801FF0001005005D300692D381426	巴啦啦小魔仙之音符之谜	20210901
005801FF0001005005D300692D381426	蜡笔小新第九季	20210901
005801FF0001005005D300692D381426	超级飞侠第一季	20210901
005801FF0001005005D300692D381449	熊熊乐园第三季	20210901
005801FF0001005005D300692D38145A	喜羊羊与灰太狼之羊村守护者之四	20210901
005801FF0001005005D300692D381485	海绵宝宝第五季	20210901
005801FF0001005005D300692D381485	贝乐虎大百科	20210901
005801FF0001005005D300692D381492	猪猪侠之南海日记第一季	20210901
005801FF0001005005D300692D3814F6	超级飞侠第八季	20210901
005801FF0001005005D300692D38155B	变形金刚3月黑之时-国语版	20210901
005801FF0001005005D300692D381580	HD-赛罗奥特曼英雄传	20210901
005801FF0001005005D300692D3815A0	咱们裸熊第三季	20210901
005801FF0001005005D300692D3815A0	贝乐虎入园记	20210901
005801FF0001005005D300692D3815E8	小猪佩奇第八季	20210901
005801FF0001005005D300692D3815FC	嗨！贝乐虎第一季	20210901
005801FF0001005005D300692D381688	贝乐虎入园记	20210901
005801FF0001005005D300692D381688	超级飞侠第十季	20210901
005801FF0001005005D300692D38169F	捷德奥特曼	20210901
005801FF0001005005D300692D38179C	精灵梦叶罗丽第二季	20210901
005801FF0001005005D300692D381802	精灵梦叶罗丽第七季	20210901
005801FF0001005005D300692D381844	小猪佩奇第八季	20210901
005801FF0001005005D300692D381855	小猪佩奇第八季	20210901
005801FF0001005005D300692D38185E	HD-熊出没之夏日连连看	20210901
005801FF0001005005D300692D3818EE	新名侦探柯南III	20210901
005801FF0001005005D300692D381904	变形计第十一季	20210901
005801FF0001005005D300692D381904	大宋少年志	20210901
005801FF0001005005D300692D381904	王牌对王牌 第二季	20210901
005801FF0001005005D300692D381996	天降萌宝小熊猫	20210901
005801FF0001005005D300692D3819FE	婆婆的镯子	20210901
005801FF0001005005D300692D381A0A	超级飞侠第四季	20210901
005801FF0001005005D300692D381A41	小猪佩奇第二季（新）	20210901
005801FF0001005005D300692D381AAB	元气食堂	20210901
005801FF0001005005D300692D381AAB	小狮子赛几	20210901
005801FF0001005005D300692D381AAB	蜡笔小新第五季	20210901
005801FF0001005005D300692D381ABA	暗格里的秘密	20210901
005801FF0001005005D300692D381AD5	我就是这般女子	20210901
005801FF0001005005D300692D381AD5	阿衰第五季	20210901
005801FF0001005005D300692D381B2E	中国好声音 2021	20210901
005801FF0001005005D300692D381BEA	捷德奥特曼	20210901
005801FF0001005005D300692D381BFB	奔跑吧 第五季	20210901
005801FF0001005005D300692D381BFB	新名侦探柯南III	20210901
005801FF0001005005D300692D381BFB	猪猪侠之超星五灵侠第一季	20210901
005801FF0001005005D300692D381CB3	扫黑·决战-国语版	20210901
005801FF0001005005D300692D381CC4	小狮子赛几	20210901
005801FF0001005005D300692D381D03	HD-赛罗奥特曼英雄传	20210901
005801FF0001005005D300692D381D25	新名侦探柯南III	20210901
005801FF0001005005D300692D381D6E	睡衣小英雄第三季	20210901
005801FF0001005005D300692D381D6E	超级飞侠第十季	20210901
005801FF0001005005D300692D381D97	超级伊仔	20210901
005801FF0001005005D300692D381DE6	哆啦A梦：伴我同行2-国语版	20210901
005801FF0001005005D300692D381DFC	咱们裸熊第三季	20210901
005801FF0001005005D300692D381DFC	捷德奥特曼	20210901
005801FF0001005005D300692D381E0E	HD-赛罗奥特曼英雄传	20210901
005801FF0001005005D300692D381E3E	转战超旋斗士	20210901
005801FF0001005005D300692D381E7A	班长“殿下”	20210901
005801FF0001005005D300692D381E7A	说唱听我的	20210901
005801FF0001005005D300692D381E82	奔跑吧 第三季	20210901
005801FF0001005005D300692D381E8B	走进看守所	20210901
005801FF0001005005D300692D381E95	我在他乡挺好的	20210901
005801FF0001005005D300692D381E95	阿衰第四季	20210901
005801FF0001005005D300692D381EC4	4K-恐龙当家-原声版	20210901
005801FF0001005005D300692D381EC4	米乐米可之欢乐海豚岛第一季	20210901
005801FF0001005005D300692D381EC4	米乐米可之神奇海豚岛第一季	20210901
005801FF0001005005D300692D381EC4	菲梦少女第二季	20210901
005801FF0001005005D300692D381EC5	疯狂动物城-国语版	20210901
005801FF0001005005D300692D381EDA	琉璃	20210901
005801FF0001005005D300692D381EF2	小猪佩奇第四季	20210901
005801FF0001005005D300692D381EF2	贝乐虎儿歌动物音乐派对	20210901
005801FF0001005005D300692D381F41	送你一朵小红花-国语版	20210901
005801FF0001005005D300692D381F44	嗨！贝乐虎第一季	20210901
005801FF0001005005D300692D381F44	比得兔-国语版	20210901
005801FF0001005005D300692D381F44	蜡笔小新第五季	20210901
005801FF0001005005D300692D381FAE	小猪佩奇第八季	20210901
005801FF0001005005D300692D381FDB	女子特战队	20210901
005801FF0001005005D300692D382007	[HD]汪汪队立大功之小砾	20210901
005801FF0001005005D300692D382035	百变机兽之洛洛历险记	20210901
005801FF0001005006D400692D3D9C7D	人猿泰山	20210901
005801FF0001005006D400692D3D9C7D	可爱巧虎岛第六季	20210901
005801FF0001005006D400692D3D9CAA	王牌对王牌 第五季	20210901
005801FF0001005006D400692D3D9D11	熊熊乐园第三季	20210901
005801FF0001005006D400692D3D9D24	梦幻书院第一季	20210901
005801FF0001005006D400692D3D9D7B	超级飞侠第十季	20210901
005801FF0001005006D400692D3D9DF1	百灵潭	20210901
005801FF0001005006D400692D3D9DF1	蜡笔小新第九季	20210901
005801FF0001005006D400692D3D9E70	大浪淘沙	20210901
005801FF0001005006D400692D3D9E90	中餐厅 第四季	20210901
005801FF0001005006D400692D3D9E90	密室大逃脱 第二季	20210901
005801FF0001005006D400692D3D9E90	王牌对王牌 第六季	20210901
005801FF0001005006D400692D3D9F0E	理想照耀陇原	20210901
005801FF0001005006D400692D3D9FBD	济公之降龙降世-国语版	20210901
005801FF0001005006D400692D3D9FBE	猪猪侠之超星五灵侠第一季	20210901
005801FF0001005006D400692D3D9FC7	睡衣小英雄第三季	20210901
005801FF0001005006D400692D3D9FEB	济公之降龙降世-国语版	20210901
005801FF0001005006D400692D3D9FF2	猪猪侠之南海日记第一季	20210901
005801FF0001005006D400692D3DA076	唐人街探案3-国语版	20210901
005801FF0001005006D400692D3DA076	济公之降龙降世-国语版	20210901
005801FF0001005006D400692D3DA1A4	睡衣小英雄第三季	20210901
005801FF0001005006D400692D3DA303	唐人街探案-国语版	20210901
005801FF0001005006D400692D3DA48B	侠探高飞	20210901
005801FF0001005006D400692D3DA5CB	疫情快报4	20210901
005801FF0001005006D400692D3DA6B3	披荆斩棘的哥哥	20210901
005801FF0001005006D400692D3DA6D9	猪猪侠之超星五灵侠第一季	20210901
005801FF0001005006D400692D3DA70F	巨神战击队第一季	20210901
005801FF0001005006D400692D3DA756	艾可魔法少女	20210901
005801FF0001005006D400692D3DA838	喜羊羊与灰太狼之羊村守护者之四	20210901
005801FF0001005006D400692D3DA849	移动的枪口	20210901
005801FF0001005006D400692D3DA877	测谎人-国语版	20210901
005801FF0001005006D400692D3DA8D1	猪猪侠之南海日记第一季	20210901
005801FF0001005006D400692D3DA910	疯狂动物城-国语版	20210901
005801FF0001005006D400692D3DA97C	巴啦啦小魔仙之音符之谜	20210901
005801FF0001005006D400692D3DA9D1	唐人街探案3-国语版	20210901
005801FF0001005006D400692D3DA9D7	猪猪侠之超星五灵侠第一季	20210901
005801FF0001005006D400692D3DA9DE	小猪佩奇第八季	20210901
005801FF0001005006D400692D3DA9E4	睡衣小英雄第三季	20210901
005801FF0001005006D400692D3DAABD	猪猪侠之南海日记第一季	20210901
005801FF0001005006D400692D3DAB0B	叫我僵小鱼日常篇第二季	20210901
005801FF0001005006D400692D3DAB0B	巨神战击队之超救分队	20210901
005801FF0001005006D400692D3DAB53	扫黑·决战-国语版	20210901
005801FF0001005006D400692D3DAB53	甘肃新闻	20210901
005801FF0001005006D400692D3DAC53	小猪佩奇第八季	20210901
005801FF0001005006D400692D3DAC8B	超级飞侠第四季	20210901
005801FF0001005006D400692D3DAE42	速度与激情9-原声版	20210901
005801FF0001005006D400692D3DAE47	扫黑·决战-国语版	20210901
005801FF0001005006D400692D3DAE58	当天真遇见爱情	20210901
005801FF0001005006D400692D3DAE6A	猪猪侠之超星五灵侠第一季	20210901
005801FF0001005006D400692D3DAEB6	开心超人联盟之机械堡奇遇记	20210901
005801FF0001005006D400692D3DAEDA	HD-熊出没之秋日团团转	20210901
005801FF0001005006D400692D3DAEDA	追梦少年	20210901
005801FF0001005006D400692D3DAEE4	贝乐虎入园记	20210901
005801FF0001005006D400692D3DAEF9	送你一朵小红花-国语版	20210901
005801FF0001005006D400692D3DB202	济公之降龙降世-国语版	20210901
005801FF0001005006D400692D3DB3A2	巴啦啦小魔仙之音符之谜	20210901
005801FF0001005006D400692D3DB664	活佛济公第三部	20210901
005801FF0001005006D400692D3DB96E	铠甲勇士猎铠之黎明天塔	20210901
005801FF0001005006D400692D3DB990	理想照耀陇原	20210901
005801FF0001005006D400692D3DB9C0	婆婆的镯子	20210901
005801FF0001005006D400692D3DBC62	雪豹坚强岁月	20210901
005801FF0001005006D400692D3DBD65	HD-熊出没之春日对对碰	20210901
005801FF0001005006D400692D3DBD65	猪猪侠之竞球小英雄第四季	20210901
005801FF0001005006D400692D3DBE03	HD-熊出没之春日对对碰	20210901
005801FF0001005006D400692D3DBE8F	可爱巧虎岛第六季	20210901
005801FF0001005006D400692D3DBF11	猪猪侠之南海日记第一季	20210901
005801FF0001005006D400692D3DBFAD	送你一朵小红花-国语版	20210901
005801FF0001005006D400692D3DBFD6	青春环游记 第二季	20210901
005801FF0001005006D400692D3DC0B5	唐人街探案2-国语版	20210901
005801FF0001005006D400692D3DC16C	疯狂动物城-国语版	20210901
005801FF0001005006D400692D3DC1EB	摇滚藏獒-国语版	20210901
005801FF0001005006D400692D3DC1FE	睡衣小英雄第三季	20210901
005801FF0001005006D400692D3DC2CE	精灵梦叶罗丽X冰莲花	20210901
005801FF0001005006D400692D3DC325	猪猪侠之南海日记第一季	20210901
005801FF0001005006D400692D3DC379	猪猪侠之超星五灵侠第一季	20210901
005801FF00010050F6E52C43BE5C9F76	移动的枪口	20210901
005801FF00010050F6E52C43BE5CA1BD	睡衣小英雄第三季	20210901
005801FF00010050F6E52C43BE5CA257	小伶玩具第五季	20210901
005801FF00010050F6E52C43BE5CA2F2	猫和老鼠第二季	20210901
005801FF00010050F6E52C43BE5CA37F	小猪佩奇第八季	20210901
005801FF00010050F6E52C43BE5CA443	小猪佩奇第八季	20210901
005801FF00010050F6E52C43BE5CA488	唐人街探案3-国语版	20210901
005801FF00010050F6E52C43BE5CA6CB	上游	20210901
005801FF00010050F6E52C43BE5CA6DA	喜羊羊与灰太狼之羊村守护者之四	20210901
005801FF00010050F6E52C43BE5CA869	牛气满满的哥哥	20210901
005801FF00010050F6E52C43BE5CA91B	猪猪侠之南海日记第一季	20210901
005801FF00010050F6E52C43BE5CAA07	小猪佩奇第八季	20210901
005801FF00010050F6E52C43BE5CAA1A	间谍同盟-原声版	20210901
005801FF00010050F6E52C43BE5CAAC4	唐人街探案3-国语版	20210901
005801FF00010050F6E52C43BE5CAB38	暗格里的秘密	20210901
005801FF00010050F6E52C43BE5CAB38	极限挑战 第六季	20210901
005801FF00010050F6E52C43BE5CAEE5	速度与激情9-原声版	20210901
005801FF00010050F6E52C43BE5CAF0B	奔跑吧 第五季	20210901
005801FF00010050F6E52C43BE5CAF0B	奔跑吧 第四季	20210901
005801FF00010050F6E52C43BE5CAF48	玫瑰行者	20210901
005801FF00010050F6E52C43BE5CB1A1	小猪佩奇第八季	20210901
005801FF00010050F6E52C43BE5CB1D5	花开山乡	20210901
005801FF00010050F6E52C43BE5CB311	变形金刚3月黑之时-国语版	20210901
005801FF00010050F6E52C43BE5CB311	我在他乡挺好的	20210901
005801FF00010050F6E52C43BE5CB4E5	哆啦A梦：伴我同行2-国语版	20210901
005801FF00010050F6E52C43BE5CB4E6	奔跑吧 第一季	20210901
005801FF00010050F6E52C43BE5CB567	喜羊羊与灰太狼之羊村守护者之四	20210901
005801FF00010050F6E52C43BE5CB5C5	可爱巧虎岛第六季	20210901
005801FF00010050F6E52C43BE5CB5CF	蜡笔小新第九季	20210901
005801FF00010050F6E52C43BE5CB5DF	花开山乡	20210901
005801FF00010050F6E52C43BE5CB6DE	咱们裸熊第三季	20210901
005801FF00010050F6E52C43BE5CB723	济公之降龙降世-国语版	20210901
005801FF00010050F6E52C43BE5CB7B9	中国好声音 2021	20210901
005801FF00010050F6E52C43BE5CB7F8	小猪佩奇第八季	20210901
005801FF00010050F6E52C43BE5CB851	超级飞侠第六季	20210901
005801FF00010050F6E52C43BE5CB8CE	超级飞侠第十季	20210901
005801FF00010050F6E52C43BE5CB900	新名侦探柯南II	20210901
005801FF00010050F6E52C43BE5CBA8D	哪吒之魔童降世-国语版	20210901
005801FF00010050F6E52C43BE5CBB30	哆啦A梦：伴我同行2-国语版	20210901
005801FF00010050F6E52C43BE5CBB30	烽火抗大	20210901
005801FF00010050F6E52C43BE5CBB30	铁血殊途	20210901
005801FF00010050F6E52C43BE5CBB71	咱们裸熊第三季	20210901
005801FF00010050F6E52C43BE5CBBB8	甘肃新闻	20210901
005801FF00010050F6E52C43BE5CBBBA	豆小鸭迷你小冒险	20210901
005801FF00010050F6E52C43BE5CBBD0	花木兰(真人版)-国语版	20210901
005801FF00010050F6E52C43BE5CBC5B	战狼2-国语版	20210901
005801FF00010050F6E52C43BE5CBD2D	猪猪侠之超星五灵侠第一季	20210901
005801FF00010050F6E52C43BE5CBDD9	咱们裸熊第三季	20210901
005801FF00010050F6E52C43BE5CBF31	再见爱人	20210901
005801FF00010050F6E52C43BE5CC0E5	蜡笔小新第六季	20210901
005801FF00010050F6E52C43BE5CC0EB	猪猪侠之南海日记第一季	20210901
005801FF00010050F6E52C43BE5CC0ED	飞越万里去见你	20210901
005801FF00010050F6E52C43BE5CC0FC	俑之城-国语版	20210901
005801FF00010050F6E52C43BE5CC151	超级飞侠第八季	20210901
005801FF00010050F6E52C43BE5CC1D3	济公之降龙降世-国语版	20210901
005801FF00010050F6E52C43BE5CC1E9	HD-反恐特战队之猎影	20210901
005801FF00010050F6E52C43BE5CC1E9	日不落酒店-国语版	20210901
005801FF00010050F6E52C43BE5CC1E9	测谎人-国语版	20210901
005801FF00010050F6E52C43BE5CC1E9	海绵宝宝第五季	20210901
005801FF00010050F6E52C43BE5CC22B	百变机兽之洛洛历险记	20210901
005801FF00010050F6E52C43BE5CC22B	贝乐虎儿歌动物音乐派对	20210901
005801FF00010050F6E52C43BE5CC23C	杀出黎明	20210901
005801FF00010050F6E52C43BE5CC280	贝乐虎入园记	20210901
005801FF00010050F6E52C43BE5CC2D8	小猪佩奇第八季	20210901
005801FF00010050F6E52C43BE5CC2FA	小猪佩奇第一季（新）	20210901
005801FF00010050F6E52C43BE5CC323	小猪佩奇第八季	20210901
005801FF00010050F6E52C43BE5CC38A	猪猪侠之南海日记第一季	20210901
005801FF00010050F6E52C43BE5CC3BF	咱们裸熊第三季	20210901
005801FF00010050F6E52C43BE5CC3BF	嗨放派	20210901
005801FF00010050F6E52C43BE5CC48F	猪猪侠之南海日记第一季	20210901
005801FF00010050F6E52C43BE5CC49A	贝乐虎入园记	20210901
005801FF00010050F6E52C43BE5CC56C	超级飞侠第六季	20210901
005801FF00010050F6E52C43BE5CC790	甘肃新闻	20210901
005801FF00010050F6E52C43BE5CC7E8	小猪佩奇第八季	20210901
005801FF00010050F6E52C43BE5CC7E8	猪猪侠之超星五灵侠第一季	20210901
005801FF00010050F6E52C43BE5CC7FE	甘肃新闻	20210901
005801FF00010050F6E52C43BE5CC89A	贝乐虎入园记	20210901
005801FF00010050F6E52C43BE5CCA1B	新名侦探柯南II	20210901
005801FF00010050F6E52C43BE5CCA1B	新名侦探柯南IV	20210901
005801FF00010050F6E52C43BE5CCA1B	铠甲勇士猎铠之黎明天塔	20210901
005801FF00010050F6E52C43BE5CCE6B	陪你到世界之巅	20210901
005801FF00010050F6E52C43BE5CCF04	那年那兔那些事儿第四季	20210901
005801FF00010050F6E52C43BE5CCF75	活佛济公第三部	20210901
005801FF00010050F6E52C43BE5CCFA5	猪猪侠之超星萌宠第四季	20210901
005801FF00010050F6E52C43BE5CD0CE	结婚的秘密	20210901
005801FF00010050F6E52C43BE5CD0D9	小猪佩奇第八季	20210901
005801FF00010050F6E52C43BE5CD104	贝乐虎入园记	20210901
005801FF00010050F6E52C43BE5CD10A	名侦探柯南XIV	20210901
005801FF00010050F6E52C43BE5CD16E	猪猪侠之南海日记第一季	20210901
005801FF00010050F6E52C43BE5CD249	[HD]汪汪队立大功之小砾	20210901
005801FF0001007001B960D21C44279D	全城通缉	20210901
005801FF0001007001B960D21C442A4F	战神	20210901
005801FF0001007001B960D21C442A99	无主之城	20210901
005801FF0001007001B960D21C442ADD	扫黑风暴	20210901
005801FF0001007001B960D21C442BDF	新大头儿子和小头爸爸第三季[中]	20210901
005801FF0001007001B960D21C442DB9	超级宝贝JOJO(普通话)	20210901
005801FF0001007001B960D21C442DE9	多纳爱英语：威尔小镇	20210901
005801FF0001007001B960D21C442E64	小狮子赛几	20210901
005801FF0001007001B960D21C442E64	迷你小洞 第二季	20210901
005801FF0001007001B960D21C442E64	面面解说单机小游戏	20210901
005801FF0001007001B960D21C442F18	无主之城	20210901
005801FF0001007001B960D21C44317D	本戏-劈山救母-高广杰	20210901
005801FF0001007001B960D21C44317D	本戏-墙头记-薛广民	20210901
005801FF0001007001B960D21C44317D	本戏-牧羊卷-杨红梅	20210901
005801FF0001007001B960D21C44317D	本戏-蝴蝶杯前本-张宝玮	20210901
005801FF0001007001B960D21C44317D	本戏-马陵道-孟明社	20210901
005801FF0001007001B960D21C44326C	奇奇和悦悦的玩具	20210901
005801FF0001007001B960D21C443391	超级宝贝JOJO第一季	20210901
005801FF0001007001B960D21C44340F	买奇酷之咖宝家族	20210901
005801FF0001007001B960D21C443586	布鲁可战队之源星石守卫	20210901
005801FF0001007001B960D21C443597	小猪佩奇 第八季	20210901
005801FF0001007001B960D21C4435E0	豆小鸭迷你小冒险	20210901
005801FF0001007001B960D21C4435E7	多纳爱英语：威尔小镇	20210901
005801FF0001007001B960D21C443705	戴拿奥特曼	20210901
005801FF0001007001B960D21C443790	哆啦A梦第三季[上]	20210901
005801FF0001007001B960D21C4437AC	蜡笔小新第七季[下]	20210901
005801FF0001007001B960D21C443876	熊出没之夺宝熊兵	20210901
005801FF0001007001B960D21C443876	熊出没之过年	20210901
005801FF0001007001B960D21C4438C9	扫黑风暴	20210901
005801FF0001007001B960D21C4439A8	超级宝贝JOJO第二季	20210901
005801FF0001007001B960D21C443EA7	贝肯熊2：金牌特工	20210901
005801FF0001007001B960D21C443F0C	蜡笔小新第七季[上]	20210901
005801FF0001007001B960D21C444099	超甲虫战记之圣域传说	20210901
005801FF0001007001B960D21C444526	猪猪侠之竞速小英雄2	20210901
005801FF0001007001B960D21C444732	买奇酷之咖宝家族	20210901
005801FF0001007001B960D21C444C17	爆裂飞车第三季[上]	20210901
005801FF0001007003B860D21C3E1AB4	小猪佩奇第八季	20210901
005801FF0001007003B860D21C3E1AF5	巨神战击队之超救分队	20210901
005801FF0001007003B860D21C3E1B57	开心锤锤	20210901
005801FF0001007003B860D21C3E1B57	斗罗大陆3龙王传说第一季	20210901
005801FF0001007003B860D21C3E1BB6	12Switch	20210901
005801FF0001007003B860D21C3E1BB6	乐高漫威超级英雄	20210901
005801FF0001007003B860D21C3E1BB6	刺客信条黑旗	20210901
005801FF0001007003B860D21C3E1BB6	我的世界	20210901
005801FF0001007003B860D21C3E1BB6	战场女武神	20210901
005801FF0001007003B860D21C3E1BB6	模拟人生3	20210901
005801FF0001007003B860D21C3E1BB6	玩物尚志	20210901
005801FF0001007003B860D21C3E1BB6	疯狂动物园	20210901
005801FF0001007003B860D21C3E1BB6	第三猫称游戏 流浪	20210901
005801FF0001007003B860D21C3E1BB6	索尼克狂欢PLUS	20210901
005801FF0001007003B860D21C3E1BB6	超级连击王	20210901
005801FF0001007003B860D21C3E1CBD	小猪佩奇 第八季	20210901
005801FF0001007003B860D21C3E2163	本戏-桑卜继子-刘建娃	20210901
005801FF0001007003B860D21C3E2163	本戏-狸猫换太子下本-罗晓英	20210901
005801FF0001007003B860D21C3E2235	嘻哈包仔	20210901
005801FF0001007003B860D21C3E2541	我的世界史蒂夫的黑科技 呆呆cute	20210901
005801FF0001007003B860D21C3E2652	多纳成语故事	20210901
005801FF0001007003B860D21C3E2652	多纳爱数学：3至4岁	20210901
005801FF0001007003B860D21C3E2652	多纳爱英语：威尔小镇	20210901
005801FF0001007003B860D21C3E2690	熊出没之夺宝熊兵	20210901
005801FF0001007003B860D21C3E2757	巴啦啦小魔仙之音符之谜	20210901
005801FF0001007003B860D21C3E28C3	招摇	20210901
005801FF0001007003B860D21C3E28CA	乐高城市大冒险	20210901
005801FF0001007003B860D21C3E28CA	超级飞侠第一季	20210901
005801FF0001007003B860D21C3E2920	哆啦A梦第四季	20210901
005801FF0001007003B860D21C3E2A6F	迷失方向	20210901
005801FF0001007003B860D21C3E2D53	萌鸡小队趣自然	20210901
005801FF0001007003B860D21C3E2F34	哆啦A梦第四季	20210901
005801FF0001007003B860D21C3E2F94	寻梦环游记（普通话）	20210901
005801FF0001007003B860D21C3E2FA6	喜羊羊与灰太狼之羊村守护者之四	20210901
005801FF0001007003B860D21C3E305C	小品一家人 合集	20210901
005801FF0001007003B860D21C3E30CF	戴拿奥特曼	20210901
005801FF0001007003B860D21C3E30D2	新大头儿子和小头爸爸第三季[中]	20210901
005801FF0001007003B860D21C3E3230	海绵宝宝第三季	20210901
005801FF0001007003B860D21C3E3350	哆啦A梦第四季	20210901
005801FF0001007003B860D21C3E33CB	YES OR NO	20210901
005801FF0001007003B860D21C3E3422	铁道游击队	20210901
005801FF0001007003B860D21C3E3542	虎兄虎弟	20210901
005801FF0001007003B860D21C3E3545	蜡笔小新第七季[上]	20210901
005801FF0001007003B860D21C3E35E8	贪吃蛇大作战	20210901
005801FF0001007003B860D21C3E35E8	超级兔子人	20210901
005801FF0001007003B860D21C3E35E8	面条人	20210901
005801FF0001007003B860D21C3E361F	跨过400亿光年来看你	20210901
005801FF0001007003B860D21C3E36A0	GON的旱獭 第二季	20210901
005801FF0001007003B860D21C3E36A0	合金弹头2	20210901
005801FF0001007003B860D21C3E36A0	猫和老鼠	20210901
005801FF0001007003B860D21C3E36A0	超级玛丽	20210901
005801FF0001007003B860D21C3E3822	菲梦少女	20210901
005801FF0001007003B860D21C3E384D	扫黑风暴	20210901
005801FF0001007003B860D21C3E3878	布鲁可战队之危客对决	20210901
005801FF0001007003B860D21C3E3AC0	聪明的顺溜之雄鹰小子2	20210901
005801FF0001007003B860D21C3E3DB7	猪猪侠之竞速小英雄1	20210901
005801FF0001007003B860D21C3E3EA3	兔小蛋玩具	20210901
005801FF0001007003B860D21C3E3F68	向往的生活第一季	20210901
005801FF0001007003B860D21C3E3F9C	神奇历险记	20210901
005801FF0001007003B860D21C3E3FCB	奈克赛斯奥特曼	20210901
005801FF0001007003B860D21C3E3FCB	戴拿奥特曼	20210901
005801FF0001007003B860D21C3E3FCB	菲梦少女之歌舞MV	20210901
005801FF0001007003B860D21C3E3FE5	超甲虫战记之圣域传说	20210901
005801FF0001007003B860D21C3E4040	超级宝贝JOJO(普通话)	20210901
005801FF0001007003B860D21C3E416F	美发娃娃短片集	20210901
005801FF0001007005B860D21C304535	海绵宝宝第七季	20210901
005801FF0001007005B860D21C30453E	开心锤锤	20210901
005801FF0001007005B860D21C3048D6	西游记之再世妖王	20210901
005801FF0001007005B860D21C30490E	云南虫谷	20210901
005801FF0001007005B860D21C304A7C	海绵宝宝第七季	20210901
005801FF0001007005B860D21C304ADD	爆裂飞车第三季[上]	20210901
005801FF0001007005B860D21C304C05	大秧歌	20210901
005801FF0001007005B860D21C304C05	小猪佩奇第三季	20210901
005801FF0001007005B860D21C304DAF	哥斯拉大战金刚（普通话）	20210901
005801FF0001007005B860D21C30524E	巴啦啦小魔仙	20210901
005801FF0001007005B860D21C30524E	猫和老鼠	20210901
005801FF0001007005B860D21C30538A	无忧面包店第二部	20210901
005801FF0001007005B860D21C3053CC	新飞天小女警第二季	20210901
005801FF0001007005B860D21C3055D8	猫和老鼠	20210901
005801FF0001007005B860D21C305606	名侦探柯南第一季	20210901
005801FF0001007005B860D21C305871	猫和老鼠	20210901
005801FF0001007005B860D21C3058F1	戴拿奥特曼	20210901
005801FF0001007005B860D21C30599A	超级宝贝JOJO第一季	20210901
005801FF0001007005B860D21C305AC6	西游记之再世妖王	20210901
005801FF0001007005B860D21C305C0A	消防员山姆第十一季	20210901
005801FF0001007005B860D21C305C51	全城通缉	20210901
005801FF0001007005B860D21C305CBC	猪猪侠之超星萌宠4	20210901
005801FF0001007005B860D21C305CDC	超级飞侠第一季	20210901
005801FF0001007005B860D21C305D7B	速度与激情9-普通话	20210901
005801FF0001007005B860D21C305DAE	原谅	20210901
005801FF0001007005B860D21C305DAE	招摇	20210901
005801FF0001007005B860D21C3060F7	小猪佩奇 第八季	20210901
005801FF0001007005B860D21C30627A	名侦探柯南第一季	20210901
005801FF0001007005B860D21C3062AA	杀出绝地	20210901
005801FF0001007005B860D21C3062B3	本戏-狸猫换太子下本-罗晓英	20210901
005801FF0001007005B860D21C306465	猪猪侠之竞速小英雄1	20210901
005801FF0001007005B860D21C30648F	猪猪侠之超星萌宠2	20210901
005801FF0001007005B860D21C306583	猫和老鼠	20210901
005801FF0001007005B860D21C3065DB	商女云洛溪	20210901
005801FF0001007005B860D21C30668F	迷你世界：忆涵的极限挑战	20210901
005801FF0001007005B860D21C3068A4	聪明的顺溜之雄鹰小子1	20210901
005801FF0001007005B860D21C30697F	唱段-大报仇祭灵-王宏义	20210901
005801FF0001007005B860D21C30697F	唱段-打镇台-刘随社	20210901
005801FF0001007005B860D21C30697F	本戏-狸猫换太子下本-罗晓英	20210901
005801FF0001007005B860D21C306A7E	本戏-劈山救母-高广杰	20210901
005801FF0001007005B860D21C306A7E	本戏-女使臣-薛学慧	20210901
005801FF0001007005B860D21C306A7E	本戏-牧羊卷-杨红梅	20210901
005801FF0001007005B860D21C306A7E	本戏-狸猫换太子下本-罗晓英	20210901
005801FF0001007005B860D21C306A7E	本戏-马陵道-孟明社	20210901
005801FF0001007005B860D21C306AD3	玄门大师	20210901
005801FF0001007005B860D21C306B44	海绵宝宝第四季	20210901
005801FF0001007005B860D21C306C64	聪明的顺溜之雄鹰小子1	20210901
005801FF0001007005B860D21C306C64	超级宝贝JOJO第一季	20210901
005801FF0001007005B860D21C306D6B	蜡笔小新第七季[下]	20210901
005801FF0001007005B860D21C306D7C	本戏-窦娥冤-马友仙	20210901
005801FF0001007005B860D21C306E14	本戏-狸猫换太子下本-罗晓英	20210901
005801FF0001007005B860D21C306F0B	蜡笔小新第五季[上]	20210901
005801FF0001007005B860D21C306FFB	小猪佩奇 第八季	20210901
005801FF0001007005B860D21C307060	香草美人	20210901
005801FF0001007005B860D21C30716B	穆桂英挂帅	20210901
005801FF0001007005B860D21C307364	猫和老鼠	20210901
005801FF0001007005B860D21C30741E	新飞天小女警第二季	20210901
005801FF0001007005B860D21C307495	密战无声	20210901
005801FF0001007005B860D21C307678	巴啦啦小魔仙之音符之谜	20210901
005801FF0001007005B860D21C307768	哆啦A梦第三季[中]	20210901
005801FF0001007005B860D21C307A4F	唱段-哭祖庙-雷涛	20210901
005801FF0001007005B860D21C307A4F	唱段-屠夫状元-李小锋	20210901
005801FF0001007005B860D21C307A4F	折子戏-河湾洗衣-贺桂芳	20210901
005801FF0001007005B860D21C307A4F	本戏-三子争父-范晓荣	20210901
005801FF0001007005B860D21C307A4F	超级宝贝JOJO第一季	20210901
005801FF0001007005B860D21C307C13	小伶玩具2017	20210901
005801FF0001007005B860D21C307F2D	尖锋之烈焰青春	20210901
005801FF0001007005B860D21C307F4B	本戏-十王庙-潘京乐	20210901
005801FF0001007005B860D21C308087	天龙八部（钟汉良版）	20210901
005801FF0001007005B860D21C308087	精灵宝可梦太阳和月亮第二季	20210901
005801FF0001007005B860D21C3080D1	布鲁可战队之危客对决	20210901
005801FF0001007005B860D21C30811E	布鲁可战队之源星石守卫	20210901
005801FF0001007005B860D21C30811E	警车联盟	20210901
005801FF0001007005B860D21C308243	猪猪侠之竞速小英雄2	20210901
005801FF0001007005B860D21C308244	无主之城	20210901
005801FF0001007005B860D21C30833C	海绵宝宝第三季	20210901
005801FF0001007005B860D21C3084E9	超级兔子人	20210901
005801FF0001007005B860D21C308515	新大头儿子和小头爸爸第三季[下]	20210901
005801FF0001007005B860D21C308649	时代少年团：少年梦游记	20210901
005801FF0001007005B860D21C308671	招摇	20210901
005801FF0001007005B860D21C308782	猪猪侠之超星萌宠1	20210901
005801FF0001007005B860D21C308B27	西游记之再世妖王	20210901
005801FF0001007005B860D21C308CE2	功夫鸡	20210901
005801FF0001007005B860D21C308DF1	无主之城	20210901
005801FF0001007005B860D21C3090D3	名侦探柯南第三季	20210901
005801FF0001007005B860D21C30915E	小猪佩奇第三季	20210901
005801FF0001007005B860D21C309205	爆裂飞车第三季[上]	20210901
005801FF0001007005B860D21C30931B	小猪佩奇第三季	20210901
005801FF0001007005B860D21C3093B6	婆婆的镯子	20210901
005801FF0001007005B860D21C3095E7	小狮子赛几	20210901
005801FF0001007005B860D21C3096B1	超级宝贝JOJO第一季	20210901
005801FF0001007005B860D21C309744	铠甲勇士猎铠之神脑危机	20210901
005801FF0001007005B860D21C309AB0	机械猛犬	20210901
005801FF0001007005B860D21C309AB0	贝肯熊2：金牌特工	20210901
005801FF0001007005B860D21C309C12	唱段-三娘教子-蔡香梅	20210901
005801FF0001007005B860D21C309C12	唱段-哭祖庙-雷涛	20210901
005801FF0001007005B860D21C309C12	唱段-娄昭君游园-李红	20210901
005801FF0001007005B860D21C309C12	唱段-打镇台-刘随社	20210901
005801FF0001007005B860D21C309C12	唱段-教学-薛广民	20210901
005801FF0001007005B860D21C309C12	唱段-状元媒-王萍	20210901
005801FF0001007005B860D21C309C12	本戏-白帝城-杨红梅	20210901
005801FF0001007005B860D21C309C12	本戏-皇后梦-李淑芳	20210901
005801FF0001007005B860D21C309C1C	欧卡2美卡将添多人模式	20210901
005801FF0001007005B860D21C309C4E	天龙八部	20210901
005801FF0001007005B860D21C309E30	玄门大师	20210901
005801FF0001007005B860D21C309E30	铁血刀锋	20210901
005801FF0001007005B860D21C309EEF	小马宝莉第二季	20210901
005801FF0001007005B860D21C30A309	买奇酷之咖宝家族	20210901
005801FF0001007005B860D21C30A309	超级飞侠第一季	20210901
005801FF0001007005B860D21C30A356	猪屁登 第二季	20210901
005801FF0001007005B860D21C30A3F8	多纳爱英语：威尔小镇	20210901
005801FF0001007005B860D21C30A41B	哆啦A梦第四季	20210901
005801FF0001007005B860D21C30A4C6	猪猪侠之超星萌宠4	20210901
005801FF0001007005B860D21C30A4C6	蜡笔小新第三季	20210901
005801FF0001007005B860D21C30A4FA	GON的旱獭	20210901
005801FF0001007005B860D21C30A6E8	爆裂飞车第三季[上]	20210901
005801FF0001007005B860D21C30A7AD	青春有你第2季	20210901
005801FF0001007005B860D21C30A836	警车联盟	20210901
005801FF0001007005B860D21C30A86F	蜡笔小新第四季	20210901
005801FF0001007005B860D21C30A917	飞狗MOCO	20210901
005801FF0001007005B860D21C30A932	迷你世界：小晓和小青龙的搞笑冒险	20210901
005801FF0001007005B860D21C30AAF3	迷你世界趣哥哥解说2019	20210901
005801FF0001007005B860D21C30AAF3	迷你世界：忆涵和小表妹的生存日记	20210901
005801FF0001007005B860D21C30AB70	聪明的顺溜之雄鹰小子2	20210901
005801FF0001007005B860D21C30AC2A	熊出没之环球大冒险	20210901
005801FF0001007005B860D21C30AD48	小狮子赛几	20210901
005801FF0001007005B860D21C30ADDC	哆啦A梦第三季[下]	20210901
005801FF0001007005B860D21C30ADEA	超级飞侠第四季	20210901
005801FF0001007005B860D21C30AE5F	名侦探柯南第一季	20210901
005801FF0001007005B860D21C30B05A	熊出没之环球大冒险	20210901
005801FF0001007005B860D21C30B076	小猪佩奇第三季	20210901
005801FF0001007005B860D21C30B076	菲梦少女	20210901
005801FF0001007005B860D21C30B2A1	名侦探柯南第一季	20210901
005801FF0001007005B860D21C30B2A1	本戏-狸猫换太子下本-罗晓英	20210901
005801FF0001007005B860D21C30B404	神奇历险记	20210901
005801FF0001007005B860D21C30B578	本戏-狸猫换太子下本-罗晓英	20210901
005801FF0001007005B860D21C30B76D	猫和老鼠	20210901
005801FF0001007005B860D21C30B9AA	小伶玩具2018	20210901
005801FF0001007005B860D21C30B9C8	菲梦少女之歌舞MV	20210901
005801FF0001007005B860D21C30B9CD	迷你小洞玩创造	20210901
005801FF0001007005B860D21C30BAA6	名侦探柯南第四季	20210901
005801FF0001007005B860D21C30BC4B	我在他乡挺好的	20210901
005801FF0001007005B860D21C30BC91	蜡笔小新第四季	20210901
005801FF0001007005B860D21C30BD4B	熊出没之环球大冒险	20210901
005801FF0001007005B860D21C30BF4E	爆裂飞车第三季[上]	20210901
005801FF0001007005B860D21C30C0A4	猪猪侠之竞速小英雄1	20210901
005801FF0001007005B860D21C30C196	爆裂飞车第三季[上]	20210901
005801FF0001007005B860D21C30C1C9	本戏-狸猫换太子下本-罗晓英	20210901
005801FF0001007005B860D21C30C30B	警车联盟	20210901
005801FF0001007005B860D21C30C557	萌鸡小队第二季	20210901
005801FF0001007005B860D21C30C5C4	蜡笔小新第七季[下]	20210901
005801FF0001007005B860D21C30C5D1	小狮子赛几	20210901
005801FF0001007005B860D21C30C671	爆裂飞车第三季[下]	20210901
005801FF0001007005B860D21C30C6C1	迷你特工队之学习小课堂	20210901
005801FF0001007005B860D21C30C882	凤唳九天	20210901
005801FF0001007005B860D21C30C9DC	精灵梦叶罗丽 第七季	20210901
005801FF0001007005B860D21C30CB6D	巨神战击队之空间战击队	20210901
005801FF0001007005B860D21C30CC14	开心超人联盟之能源核守护者	20210901
005801FF0001007005B860D21C30CC4F	聪明的顺溜之雄鹰小子1	20210901
005801FF0001007005B860D21C30CCB8	开心锤锤	20210901
005801FF0001007005B860D21C30CCB8	迷你小洞玩创造	20210901
005801FF0001007005B860D21C30CCCA	蜡笔小新第七季[下]	20210901
005801FF0001007005B860D21C30CDD9	超甲虫战记之圣域传说	20210901
005801FF0001007005B860D21C30CEE4	百灵潭	20210901
005801FF0001007005B860D21C30D031	小猪佩奇第三季	20210901
005801FF0001007005B860D21C30D108	喜羊羊与灰太狼之奇趣外星客	20210901
005801FF0001007005B860D21C30D258	蜡笔小新第七季[下]	20210901
005801FF0001007005B860D21C30D258	迷你小洞玩创造	20210901
005801FF0001007005B860D21C30D293	功夫鸡	20210901
005801FF0001007005B860D21C30D396	无主之城	20210901
005801FF0001007005B860D21C30DD6F	萌鸡小队第二季	20210901
005801FF0001007005B860D21C30DDB9	无主之城	20210901
005801FF0001007005B860D21C30DE34	小猪佩奇第四季	20210901
005801FF0001007005B860D21C30E030	猪猪侠之竞速小英雄2	20210901
005801FF0001007005B860D21C30E21D	猪猪侠之超星萌宠4	20210901
005801FF0001007005B860D21C30E22B	本戏-狸猫换太子下本-罗晓英	20210901
005801FF0001007005B860D21C30E25E	猪猪侠之竞速小英雄2	20210901
005801FF0001007005B860D21C30E2C5	飞狗MOCO	20210901
005801FF0001007005B860D21C30E362	小伶玩具2018	20210901
005801FF0001007005B860D21C30E431	乐高城市大冒险	20210901
005801FF0001007005B860D21C30E431	新大头儿子和小头爸爸第三季[中]	20210901
005801FF0001007005B860D21C30E431	蜡笔小新第七季[下]	20210901
005801FF0001007005B860D21C30E431	蜡笔小新第六季[下]	20210901
005801FF0001007005B860D21C30E536	新喜剧之王	20210901
005801FF0001007005B860D21C30E536	萌鸡小队	20210901
005801FF0001007005B860D21C30E54D	哆啦A梦第四季	20210901
005801FF0001007005B860D21C30E58F	蜡笔小新第七季[下]	20210901
005801FF0001007005B860D21C30E5E8	哥斯拉大战金刚（普通话）	20210901
005801FF0001007005B860D21C30E6C9	熊出没之夺宝熊兵	20210901
005801FF0001007005B860D21C30E6C9	熊出没之过年	20210901
005801FF0001007005B860D21C30E881	凤唳九天	20210901
005801FF0001007005B860D21C30E8F1	铠甲勇士猎铠之神脑危机	20210901
005801FF0001007005B860D21C30E8FB	尖锋之烈焰青春	20210901
005801FF0001007005B860D21C30EA27	伏弩	20210901
005801FF0001007005B860D21C30EA83	功夫鸡	20210901
005801FF0001007005B860D21C30EA83	巨神战击队之空间战击队	20210901
005801FF0001007005B860D21C30EA83	超迷你战士第一季	20210901
005801FF0001007005B860D21C30EAA9	摇滚萝莉第二季	20210901
005801FF0001007005B860D21C30ECC7	捷德奥特曼	20210901
005801FF0001007005B860D21C30EDB2	哆啦A梦第三季[中]	20210901
005801FF0001007005B860D21C30EDBA	猪猪侠之超星萌宠4	20210901
005801FF0001007005B860D21C30EEAA	聪明的顺溜之雄鹰小子1	20210901
005801FF0001007005B860D21C30EEF0	奇奇和悦悦的玩具	20210901
005801FF0001007005B860D21C30EF56	本戏-满江红-谭建勋	20210901
005801FF0001007005B860D21C30EF61	新大头儿子和小头爸爸	20210901
005801FF0001007005B860D21C30F140	超甲虫战记之圣域传说	20210901
005801FF0001007005B860D21C30F173	小狮子赛几	20210901
005801FF0001007005B860D21C30F245	奇奇和悦悦的玩具	20210901
005801FF0001007005B860D21C30F298	萌鸡小队第二季	20210901
005801FF0001007005B860D21C30F34C	招摇	20210901
005801FF0001007005B860D21C30F34C	蜡笔小新第三季	20210901
005801FF0001007005B860D21C30F585	本戏-千金买笑-安娜	20210901
005801FF0001007005B860D21C30F585	本戏-柳河湾的新娘-惠敏莉	20210901
005801FF0001007005B860D21C30F585	本戏-皇后梦-李淑芳	20210901
005801FF0001007005B860D21C30F585	本戏-金沙滩-刘随社	20210901
005801FF0001007005B860D21C30F5B4	本戏-狸猫换太子下本-罗晓英	20210901
005801FF0001007005B860D21C30F696	杀出黎明	20210901
005801FF0001007005B860D21C30F8A0	猎豺狼	20210901
005801FF0001007005B860D21C30F941	本戏-狸猫换太子下本-罗晓英	20210901
005801FF0001007005B860D21C30FDEE	办公室小野	20210901
005801FF0001007005B860D21C30FF4D	我的世界之阿阳MOD百宝箱	20210901
005801FF0001007005B860D21C30FF4D	猫和老鼠 超强老鼠橙子带你玩手游	20210901
005801FF0001007005B860D21C30FF4D	迷你世界：小晓和小老弟	20210901
005801FF0001007005B860D21C310588	商女云洛溪	20210901
005801FF0001007005B860D21C3105A7	纳米核心第一季	20210901
005801FF0001007005B860D21C31062E	哆啦A梦第三季[下]	20210901
005801FF0001007005B860D21C310683	妙玩口袋克莱曼婷植物大战僵尸	20210901
005801FF0001007005B860D21C310761	乐高城市大冒险	20210901
005801FF0001007005B860D21C310761	猫和老鼠	20210901
005801FF0001007005B860D21C310907	本戏-金沙滩-刘随社	20210901
005801FF0001007005B860D21C3E9418	名侦探柯南第二季	20210901
005801FF0001007005B860D21C3E948D	神医传奇	20210901
005801FF0001007005B860D21C3E95C9	小翔和平精英	20210901
005801FF0001007005B860D21C3E96EC	熊出没之夺宝熊兵	20210901
005801FF0001007005B860D21C3E9742	小狮子赛几	20210901
005801FF0001007005B860D21C3E97F2	哆啦A梦第三季[中]	20210901
005801FF0001007005B860D21C3E98D2	蜡笔小新第三季	20210901
005801FF0001007005B860D21C3E9943	大秧歌	20210901
005801FF0001007005B860D21C3E9968	超级宝贝JOJO第一季	20210901
005801FF0001007005B860D21C3E9A32	超级飞侠第四季	20210901
005801FF0001007005B860D21C3E9A73	熊出没之夺宝熊兵	20210901
005801FF0001007005B860D21C3E9C3C	我的世界地下城	20210901
005801FF0001007005B860D21C3E9D49	超人总动员2-普通话	20210901
005801FF0001007005B860D21C3E9D9B	办公室小野	20210901
005801FF0001007005B860D21C3E9DBC	银河奥特曼S	20210901
005801FF0001007005B860D21C3E9E6C	精英律师	20210901
005801FF0001007005B860D21C3E9E7A	玄门大师	20210901
005801FF0001007005B860D21C3E9E7C	新大头儿子和小头爸爸第三季[下]	20210901
005801FF0001007005B860D21C3E9EB7	超级宝贝JOJO第一季	20210901
005801FF0001007005B860D21C3E9EDD	小伶玩具2020	20210901
005801FF0001007005B860D21C3EA000	功夫鸡	20210901
005801FF0001007005B860D21C3EA10C	杀出绝地	20210901
005801FF0001007005B860D21C3EA161	买奇酷之咖宝家族	20210901
005801FF0001007005B860D21C3EA1EF	小猪佩奇第三季	20210901
005801FF0001007005B860D21C3EA1F1	蜡笔小新第七季[上]	20210901
005801FF0001007005B860D21C3EA1F1	超级飞侠第三季	20210901
005801FF0001007005B860D21C3EA313	小猪佩奇第四季	20210901
005801FF0001007005B860D21C3EA3CC	我的世界史蒂夫的黑科技 呆呆cute	20210901
005801FF0001007005B860D21C3EA3CC	植物大战僵尸我的世界真人	20210901
005801FF0001007005B860D21C3EA3CC	绝地求生搞笑动画短片	20210901
005801FF0001007005B860D21C3EA3CC	鲤鱼Ace解说 2019	20210901
005801FF0001007005B860D21C3EA426	布鲁可战队之危客对决	20210901
005801FF0001007005B860D21C3EA458	喜羊羊与灰太狼之羊村守护者之四	20210901
005801FF0001007005B860D21C3EA45D	熊出没之环球大冒险	20210901
005801FF0001007005B860D21C3EA482	招摇	20210901
005801FF0001007005B860D21C3EA482	迷你特工队之学习小课堂	20210901
005801FF0001007005B860D21C3EA4A2	超级宝贝JOJO第二季	20210901
005801FF0001007005B860D21C3EA4E0	巨神战击队之空间战击队	20210901
005801FF0001007005B860D21C3EA4E0	猪猪侠之超星萌宠2	20210901
005801FF0001007005B860D21C3EA56B	蜡笔小新第七季[下]	20210901
005801FF0001007005B860D21C3EA5DE	神奇历险记	20210901
005801FF0001007005B860D21C3EA5FF	蜡笔小新第七季[下]	20210901
005801FF0001007005B860D21C3EA618	名侦探柯南第二季	20210901
005801FF0001007005B860D21C3EA624	聪明的顺溜之雄鹰小子2	20210901
005801FF0001007005B860D21C3EA6F8	百灵潭	20210901
005801FF0001007005B860D21C3EA6FC	碟中谍	20210901
005801FF0001007005B860D21C3EA760	喜羊羊与灰太狼之羊村守护者之四	20210901
005801FF0001007005B860D21C3EA78C	小猪佩奇 第八季	20210901
005801FF0001007005B860D21C3EA78C	超级宝贝JOJO第一季	20210901
005801FF0001007005B860D21C3EA860	猪屁登 第二季	20210901
005801FF0001007005B860D21C3EAAD9	菲梦少女	20210901
005801FF0001007005B860D21C3EAADD	小马宝莉第二季	20210901
005801FF0001007005B860D21C3EABE9	菲梦少女之歌舞MV	20210901
005801FF0001007005B860D21C3EAE4F	小猪佩奇第四季	20210901
005801FF0001007005B860D21C3EAE4F	超级飞侠第五季	20210901
005801FF0001007005B860D21C3EAEFA	兔小蛋玩具	20210901
005801FF0001007005B860D21C3EB042	商女云洛溪	20210901
005801FF0001007005B860D21C3EB196	奥特银河大怪兽之战第二季	20210901
005801FF0001007005B860D21C3EB281	小伶玩具2018	20210901
005801FF0001007005B860D21C3EB37B	熊出没之过年	20210901
005801FF0001007005B860D21C3EB42D	猪猪侠之超星萌宠4	20210901
005801FF0001007005B860D21C3EB4BB	哆啦A梦第三季[上]	20210901
005801FF0001007005B860D21C3EB5E0	熊出没之过年	20210901
005801FF0001007005B860D21C3EB695	极限挑战第二季	20210901
