htv_demand_content_high.deviceid	htv_demand_content_high.videoname	htv_demand_content_high.date_time
005801FF0001005005D300692D37D62B	第一目标	20210901
005801FF0001005005D300692D37D6F3	移动的枪口	20210901
005801FF0001005005D300692D37D7E1	HD-追风行动	20210901
005801FF0001005005D300692D37DA6D	陪你到世界之巅	20210901
005801FF0001005005D300692D37DAAE	人猿泰山	20210901
005801FF0001005005D300692D37DC83	百变机兽之洛洛历险记	20210901
005801FF0001005005D300692D37DD1B	疯狂动物城-国语版	20210901
005801FF0001005005D300692D37DDA6	你好，对方辩友	20210901
005801FF0001005005D300692D37DE9C	送你一朵小红花-国语版	20210901
005801FF0001005005D300692D37DEE7	猪猪侠之南海日记第一季	20210901
005801FF0001005005D300692D37E1E2	山里红	20210901
005801FF0001005005D300692D37E20A	巴啦啦小魔仙之音符之谜	20210901
005801FF0001005005D300692D37E2E0	布鲁可战队之危客对决	20210901
005801FF0001005005D300692D37E623	建军大业-国语版	20210901
005801FF0001005005D300692D37E767	汪汪队立大功全集	20210901
005801FF0001005005D300692D37E7EF	杀出黎明	20210901
005801FF0001005005D300692D37E863	睡衣小英雄第三季	20210901
005801FF0001005005D300692D37E897	HD-熊出没之春日对对碰	20210901
005801FF0001005005D300692D37EC9F	女子特战队	20210901
005801FF0001005005D300692D37ECC6	我的小确幸	20210901
005801FF0001005005D300692D37EECA	演技派	20210901
005801FF0001005005D300692D37EF17	魔都风云	20210901
005801FF0001005005D300692D37EF2F	活佛济公第三部	20210901
005801FF0001005005D300692D37EFD3	小猪佩奇第二季（新）	20210901
005801FF0001005005D300692D37F117	HD-猎毒人	20210901
005801FF0001005005D300692D37F33D	快乐大本营 2021	20210901
005801FF0001005005D300692D37F616	王牌对王牌 第六季	20210901
005801FF0001005005D300692D37F640	小猪佩奇第二季（新）	20210901
005801FF0001005005D300692D37FAF6	超级飞侠第一季	20210901
005801FF0001005005D300692D37FB65	七月与安生-国语版	20210901
005801FF0001005005D300692D37FBDA	踏破硝烟	20210901
005801FF0001005005D300692D37FCF9	超迷你战士第二季	20210901
005801FF0001005005D300692D37FD2F	雪豹坚强岁月	20210901
005801FF0001005005D300692D37FD2F	黑狐之风影	20210901
005801FF0001005005D300692D37FE3A	王牌对王牌 第四季	20210901
005801FF0001005005D300692D37FEF9	拯救者	20210901
005801FF0001005005D300692D380029	猪猪侠之五灵守卫者	20210901
005801FF0001005005D300692D3804D0	终极任务	20210901
005801FF0001005005D300692D380505	超迷你战士第二季	20210901
005801FF0001005005D300692D38055B	唐人街探案-国语版	20210901
005801FF0001005005D300692D380576	乐高城市	20210901
005801FF0001005005D300692D3805D0	嗨！贝乐虎第一季	20210901
005801FF0001005005D300692D380626	你好，对方辩友	20210901
005801FF0001005005D300692D380877	中餐厅 第四季	20210901
005801FF0001005005D300692D38090B	斗龙战士第二季	20210901
005801FF0001005005D300692D3809BE	走进看守所	20210901
005801FF0001005005D300692D380D14	女子特战队	20210901
005801FF0001005005D300692D380DDC	唐人街探案2-国语版	20210901
005801FF0001005005D300692D380E1D	HD-熊出没之秋日团团转	20210901
005801FF0001005005D300692D381035	伏击	20210901
005801FF0001005005D300692D381092	超迷你战士第二季	20210901
005801FF0001005005D300692D3810B3	王牌对王牌 第四季	20210901
005801FF0001005005D300692D38117A	对与决	20210901
005801FF0001005005D300692D3811AE	下一站是幸福	20210901
005801FF0001005005D300692D3811AE	中国好声音 2021	20210901
005801FF0001005005D300692D381419	小猪佩奇第一季（新）	20210901
005801FF0001005005D300692D38141D	大秧歌	20210901
005801FF0001005005D300692D38144C	宝莲灯前传	20210901
005801FF0001005005D300692D381492	蜡笔小新第九季	20210901
005801FF0001005005D300692D381511	秦腔 本戏	20210901
005801FF0001005005D300692D381511	终极任务	20210901
005801FF0001005005D300692D381580	我就是这般女子	20210901
005801FF0001005005D300692D381599	战狼2-国语版	20210901
005801FF0001005005D300692D38175A	特勤精英	20210901
005801FF0001005005D300692D38187D	秦腔 唱段	20210901
005801FF0001005005D300692D381A40	奔跑吧 第三季	20210901
005801FF0001005005D300692D381B85	巨神战击队第一季	20210901
005801FF0001005005D300692D381C1C	你好，对方辩友	20210901
005801FF0001005005D300692D381C26	超级飞侠第一季	20210901
005801FF0001005005D300692D381C56	小猪佩奇第一季（新）	20210901
005801FF0001005005D300692D381CB3	花开山乡	20210901
005801FF0001005005D300692D381E5A	熊鼠一家第二季	20210901
005801FF0001005005D300692D381E5A	雪豹坚强岁月	20210901
005801FF0001005005D300692D381E77	斗龙战士第二季	20210901
005801FF0001005006D400692D3D9C70	暖暖的幸福	20210901
005801FF0001005006D400692D3D9C96	玫瑰行者	20210901
005801FF0001005006D400692D3D9DC4	二十不惑	20210901
005801FF0001005006D400692D3D9DCE	乐高城市	20210901
005801FF0001005006D400692D3D9FCA	红鲨突击	20210901
005801FF0001005006D400692D3D9FFC	小猪佩奇第一季（新）	20210901
005801FF0001005006D400692D3DA043	烈火凤凰	20210901
005801FF0001005006D400692D3DA1A4	猪猪侠之南海日记第一季	20210901
005801FF0001005006D400692D3DA4EB	秦时丽人明月心	20210901
005801FF0001005006D400692D3DA868	中国好声音 2021	20210901
005801FF0001005006D400692D3DAB7F	超级飞侠第一季	20210901
005801FF0001005006D400692D3DAC77	玫瑰行者	20210901
005801FF0001005006D400692D3DAC77	终极任务	20210901
005801FF0001005006D400692D3DAD27	魔都风云	20210901
005801FF0001005006D400692D3DAEB3	HD-妈祖	20210901
005801FF0001005006D400692D3DAF32	我的！体育老师	20210901
005801FF0001005006D400692D3DAF64	中国好声音 2021	20210901
005801FF0001005006D400692D3DB2C3	秦腔 本戏	20210901
005801FF0001005006D400692D3DBB9A	飞哥战队	20210901
005801FF0001005006D400692D3DC1EB	新名侦探柯南I	20210901
005801FF0001005006D400692D3DC1EB	新名侦探柯南III	20210901
005801FF00010050F6E52C43BE5CA2C3	花木兰(真人版)-国语版	20210901
005801FF00010050F6E52C43BE5CA360	终极任务	20210901
005801FF00010050F6E52C43BE5CA39F	中国好声音 2021	20210901
005801FF00010050F6E52C43BE5CA4F8	HD-熊出没之秋日团团转	20210901
005801FF00010050F6E52C43BE5CAB09	百灵潭	20210901
005801FF00010050F6E52C43BE5CAB8E	踏破硝烟	20210901
005801FF00010050F6E52C43BE5CAE02	密室大逃脱 第二季	20210901
005801FF00010050F6E52C43BE5CB0F8	蜡笔小新第八季	20210901
005801FF00010050F6E52C43BE5CB3D1	侠探高飞	20210901
005801FF00010050F6E52C43BE5CB405	小猪佩奇第二季（新）	20210901
005801FF00010050F6E52C43BE5CB473	粘豆包	20210901
005801FF00010050F6E52C43BE5CB553	陪你到世界之巅	20210901
005801FF00010050F6E52C43BE5CB60F	奋斗吧，少年！	20210901
005801FF00010050F6E52C43BE5CB6A4	奔跑吧 第三季	20210901
005801FF00010050F6E52C43BE5CB701	烈火凤凰	20210901
005801FF00010050F6E52C43BE5CB7D2	百灵潭	20210901
005801FF00010050F6E52C43BE5CB84E	少林寺传奇藏经阁	20210901
005801FF00010050F6E52C43BE5CBA72	与君歌	20210901
005801FF00010050F6E52C43BE5CBAA5	花开山乡	20210901
005801FF00010050F6E52C43BE5CBB30	女子特战队	20210901
005801FF00010050F6E52C43BE5CBB30	特勤精英	20210901
005801FF00010050F6E52C43BE5CBBFB	伏击	20210901
005801FF00010050F6E52C43BE5CBDB9	猪猪侠之超星萌宠第四季	20210901
005801FF00010050F6E52C43BE5CBDB9	睡衣小英雄第三季	20210901
005801FF00010050F6E52C43BE5CBF9A	大浪淘沙	20210901
005801FF00010050F6E52C43BE5CC1E9	百灵潭	20210901
005801FF00010050F6E52C43BE5CC1F3	王牌对王牌 第六季	20210901
005801FF00010050F6E52C43BE5CC27F	仙剑奇侠传三	20210901
005801FF00010050F6E52C43BE5CC51F	琉璃	20210901
005801FF00010050F6E52C43BE5CC627	玫瑰行者	20210901
005801FF00010050F6E52C43BE5CC692	玫瑰行者	20210901
005801FF00010050F6E52C43BE5CC79A	花木兰(真人版)-国语版	20210901
005801FF00010050F6E52C43BE5CC7E8	铁血殊途	20210901
005801FF00010050F6E52C43BE5CC9B4	奔跑吧·黄河篇	20210901
005801FF00010050F6E52C43BE5CCBC4	结婚的秘密	20210901
005801FF00010050F6E52C43BE5CCBD4	乐高城市	20210901
005801FF00010050F6E52C43BE5CCC49	活佛济公第三部	20210901
005801FF00010050F6E52C43BE5CCCA9	百灵潭	20210901
005801FF00010050F6E52C43BE5CCEAC	猫和老鼠第二季	20210901
005801FF00010050F6E52C43BE5CD0D8	超级伊仔	20210901
005801FF00010050F6E52C43BE5CD0D8	超级飞侠第一季	20210901
005801FF00010050F6E52C43BE5CD13F	我的父亲母亲	20210901
005801FF0001007001B960D21C4428F1	烈火军校	20210901
005801FF0001007001B960D21C442956	超级宝贝JOJO第二季	20210901
005801FF0001007001B960D21C442A29	兔子贝贝	20210901
005801FF0001007001B960D21C442AA9	熊出没之夺宝熊兵	20210901
005801FF0001007001B960D21C443039	烽火燃情	20210901
005801FF0001007001B960D21C44339A	杀虎口	20210901
005801FF0001007001B960D21C44345C	我把忠诚献给你	20210901
005801FF0001007001B960D21C4435E7	飞狗MOCO	20210901
005801FF0001007001B960D21C44399C	速度与激情4	20210901
005801FF0001007001B960D21C443AA8	战神	20210901
005801FF0001007001B960D21C443AEA	哆啦A梦第四季	20210901
005801FF0001007001B960D21C443BDE	大清风云	20210901
005801FF0001007001B960D21C443C29	本戏-牧羊卷-杨红梅	20210901
005801FF0001007001B960D21C443DFF	哆啦A梦第三季[下]	20210901
005801FF0001007001B960D21C444A5D	精英律师	20210901
005801FF0001007001B960D21C444BFE	本戏-劈山救母-高广杰	20210901
005801FF0001007001B960D21C444BFE	本戏-桑卜继子-刘建娃	20210901
005801FF0001007003B860D21C3E1B49	小猪佩奇第三季	20210901
005801FF0001007003B860D21C3E1F2F	熊出没之环球大冒险	20210901
005801FF0001007003B860D21C3E1FAF	哆啦A梦第三季[上]	20210901
005801FF0001007003B860D21C3E25A7	小伶玩具2018	20210901
005801FF0001007003B860D21C3E268A	聪明的顺溜之雄鹰小子2	20210901
005801FF0001007003B860D21C3E26EC	蜡笔小新第七季[下]	20210901
005801FF0001007003B860D21C3E27CE	海绵宝宝第七季	20210901
005801FF0001007003B860D21C3E28C3	玄门大师	20210901
005801FF0001007003B860D21C3E2A89	哆啦A梦第三季[中]	20210901
005801FF0001007003B860D21C3E2B74	凤唳九天	20210901
005801FF0001007003B860D21C3E2BB3	我哥我嫂	20210901
005801FF0001007003B860D21C3E2F90	哆啦A梦第三季[中]	20210901
005801FF0001007003B860D21C3E2FC7	铁血武工队	20210901
005801FF0001007003B860D21C3E317E	甜蜜暴击	20210901
005801FF0001007003B860D21C3E36B3	海绵宝宝第七季	20210901
005801FF0001007003B860D21C3E390E	超级宝贝JOJO第一季	20210901
005801FF0001007003B860D21C3E39B3	小狮子赛几	20210901
005801FF0001007003B860D21C3E3AC8	小猪佩奇第四季	20210901
005801FF0001007003B860D21C3E3BA5	特工宾奇	20210901
005801FF0001007003B860D21C3E3C0E	哆啦A梦第三季[下]	20210901
005801FF0001007003B860D21C3E3D7D	新大头儿子和小头爸爸第三季[下]	20210901
005801FF0001007003B860D21C3E40F4	超级飞侠第一季	20210901
005801FF0001007003B860D21C3E4149	哆啦A梦第四季	20210901
005801FF0001007005B860D21C3046D8	金曲青春	20210901
005801FF0001007005B860D21C30533B	芭比梦幻屋冒险旅程2	20210901
005801FF0001007005B860D21C305461	本戏-牧羊卷-杨红梅	20210901
005801FF0001007005B860D21C3055D8	凤囚凰	20210901
005801FF0001007005B860D21C3056C5	聪明的顺溜之雄鹰小子1	20210901
005801FF0001007005B860D21C30641E	摇滚萝莉第二季	20210901
005801FF0001007005B860D21C3064AF	猎豺狼	20210901
005801FF0001007005B860D21C30659C	哆啦A梦第四季	20210901
005801FF0001007005B860D21C306684	超甲虫战记之圣域传说	20210901
005801FF0001007005B860D21C306A59	迷局1931	20210901
005801FF0001007005B860D21C306C64	哆啦A梦第三季[上]	20210901
005801FF0001007005B860D21C3072DD	尖锋之烈焰青春	20210901
005801FF0001007005B860D21C307495	香草美人	20210901
005801FF0001007005B860D21C307843	超级飞侠第一季	20210901
005801FF0001007005B860D21C3078BD	小猪佩奇第四季	20210901
005801FF0001007005B860D21C3078E2	武当	20210901
005801FF0001007005B860D21C307A29	猫和老鼠	20210901
005801FF0001007005B860D21C307AA4	兔小蛋玩具	20210901
005801FF0001007005B860D21C307BCA	超级宝贝JOJO第二季	20210901
005801FF0001007005B860D21C307CF3	本戏-烙碗记-毛崇海	20210901
005801FF0001007005B860D21C307F37	速度与激情4	20210901
005801FF0001007005B860D21C308452	尖锋之烈焰青春	20210901
005801FF0001007005B860D21C3084DB	新飞天小女警第一季	20210901
005801FF0001007005B860D21C308515	甜蜜暴击	20210901
005801FF0001007005B860D21C308945	熊出没之环球大冒险	20210901
005801FF0001007005B860D21C308CEB	蜡笔小新第三季	20210901
005801FF0001007005B860D21C308D82	蜡笔小新第七季[上]	20210901
005801FF0001007005B860D21C308E8E	本戏-白帝城-杨红梅	20210901
005801FF0001007005B860D21C309522	追风行动	20210901
005801FF0001007005B860D21C30975C	巨神战击队之空间战击队	20210901
005801FF0001007005B860D21C309DB5	本戏-烙碗记-毛崇海	20210901
005801FF0001007005B860D21C30A356	小品一家人 合集	20210901
005801FF0001007005B860D21C30A641	摇滚萝莉第二季	20210901
005801FF0001007005B860D21C30A7BC	新飞天小女警第一季	20210901
005801FF0001007005B860D21C30A86F	新大头儿子和小头爸爸第三季[中]	20210901
005801FF0001007005B860D21C30AD72	神奇历险记	20210901
005801FF0001007005B860D21C30AE01	猎豺狼	20210901
005801FF0001007005B860D21C30AE01	猪猪侠之超星萌宠4	20210901
005801FF0001007005B860D21C30AEDE	奇奇和悦悦的玩具	20210901
005801FF0001007005B860D21C30AEFA	布鲁可战队之危客对决	20210901
005801FF0001007005B860D21C30B076	小马宝莉第二季	20210901
005801FF0001007005B860D21C30B234	哆啦A梦第四季	20210901
005801FF0001007005B860D21C30B4EA	追风行动	20210901
005801FF0001007005B860D21C30B5A1	飞狗MOCO	20210901
005801FF0001007005B860D21C30B635	精英律师	20210901
005801FF0001007005B860D21C30B6BC	哆啦A梦第三季[上]	20210901
005801FF0001007005B860D21C30B6BC	超级飞侠第一季	20210901
005801FF0001007005B860D21C30C489	超级飞侠第六季	20210901
005801FF0001007005B860D21C30C4FA	小伶玩具2018	20210901
005801FF0001007005B860D21C30C65C	无主之城	20210901
005801FF0001007005B860D21C30C67F	小伶玩具2018	20210901
005801FF0001007005B860D21C30C745	密战无声	20210901
005801FF0001007005B860D21C30C799	铁血武工队	20210901
005801FF0001007005B860D21C30C818	超级宝贝JOJO第二季	20210901
005801FF0001007005B860D21C30C9B2	本戏-狸猫换太子下本-罗晓英	20210901
005801FF0001007005B860D21C30C9B2	本戏-金沙滩-刘随社	20210901
005801FF0001007005B860D21C30C9C9	买奇酷之咖宝家族	20210901
005801FF0001007005B860D21C30CAFA	名侦探柯南第一季	20210901
005801FF0001007005B860D21C30CB3F	蜡笔小新第七季[下]	20210901
005801FF0001007005B860D21C30CC14	神奇仙女公主第七季	20210901
005801FF0001007005B860D21C30CC14	聪明的顺溜之雄鹰小子1	20210901
005801FF0001007005B860D21C30CFE8	海绵宝宝第四季	20210901
005801FF0001007005B860D21C30D031	忍冬艳蔷薇	20210901
005801FF0001007005B860D21C30D21B	蜡笔小新第七季[下]	20210901
005801FF0001007005B860D21C30D258	王者荣耀筱妖解说 第一季	20210901
005801FF0001007005B860D21C30D65F	正义红师	20210901
005801FF0001007005B860D21C30D688	超甲虫战记之圣域传说	20210901
005801FF0001007005B860D21C30D791	海绵宝宝第三季	20210901
005801FF0001007005B860D21C30D917	本戏-烙碗记-毛崇海	20210901
005801FF0001007005B860D21C30DBC3	精英律师	20210901
005801FF0001007005B860D21C30DF40	烽火燃情	20210901
005801FF0001007005B860D21C30E1BA	菲梦少女	20210901
005801FF0001007005B860D21C30E431	小伶玩具2017	20210901
005801FF0001007005B860D21C30E5E5	铁血武工队	20210901
005801FF0001007005B860D21C30E705	本戏-狸猫换太子下本-罗晓英	20210901
005801FF0001007005B860D21C30E904	熊出没之环球大冒险	20210901
005801FF0001007005B860D21C30EF25	猪猪侠之超星萌宠1	20210901
005801FF0001007005B860D21C30EF54	猪猪侠之竞速小英雄2	20210901
005801FF0001007005B860D21C30F298	哆啦A梦第三季[中]	20210901
005801FF0001007005B860D21C30F6A2	陆军一号	20210901
005801FF0001007005B860D21C30F6F0	本戏-狸猫换太子下本-罗晓英	20210901
005801FF0001007005B860D21C30F80F	奇奇和悦悦的玩具	20210901
005801FF0001007005B860D21C30F818	飞狗MOCO	20210901
005801FF0001007005B860D21C30F92F	我怕来不及	20210901
005801FF0001007005B860D21C30F941	本戏-白帝城-杨红梅	20210901
005801FF0001007005B860D21C30F9EA	奥特银河大怪兽之战第二季	20210901
005801FF0001007005B860D21C30FA74	名侦探柯南第一季	20210901
005801FF0001007005B860D21C30FD2D	边城破晓	20210901
005801FF0001007005B860D21C30FE62	戴拿奥特曼	20210901
005801FF0001007005B860D21C3101B5	超级飞侠第三季	20210901
005801FF0001007005B860D21C310202	我哥我嫂	20210901
005801FF0001007005B860D21C3103C0	小公主苏菲亚2	20210901
005801FF0001007005B860D21C31062E	蜡笔小新第七季[下]	20210901
005801FF0001007005B860D21C310944	本戏-金沙滩-刘随社	20210901
005801FF0001007005B860D21C3E944B	聪明的顺溜之雄鹰小子1	20210901
005801FF0001007005B860D21C3E95CF	猎豺狼	20210901
005801FF0001007005B860D21C3E98DC	超甲虫战记之圣域传说	20210901
005801FF0001007005B860D21C3E9946	荒野求生III	20210901
005801FF0001007005B860D21C3E99C7	名侦探柯南第三季	20210901
005801FF0001007005B860D21C3E9A1E	名侦探柯南第二季	20210901
005801FF0001007005B860D21C3E9C1A	小公主苏菲亚2	20210901
005801FF0001007005B860D21C3E9D40	招摇	20210901
005801FF0001007005B860D21C3E9E2D	招摇	20210901
005801FF0001007005B860D21C3EA1D9	蜡笔小新第四季	20210901
005801FF0001007005B860D21C3EA40A	本戏-三子争父-范晓荣	20210901
005801FF0001007005B860D21C3EA40A	本戏-劈山救母-高广杰	20210901
005801FF0001007005B860D21C3EA40A	本戏-千金买笑-安娜	20210901
005801FF0001007005B860D21C3EA644	猪猪侠之超星萌宠4	20210901
005801FF0001007005B860D21C3EA7E3	超级飞侠第四季	20210901
005801FF0001007005B860D21C3EA8C8	勇敢的心	20210901
005801FF0001007005B860D21C3EABD6	哆啦A梦第四季	20210901
005801FF0001007005B860D21C3EAF08	哆啦A梦第四季	20210901
005801FF0001007005B860D21C3EB11F	警车联盟	20210901
005801FF0001007005B860D21C3EB16C	忍冬艳蔷薇	20210901
005801FF0001007005B860D21C3EB59B	刀尖舞者	20210901
005801FF0001007005B860D21C3EBA79	无主之城	20210901
005801FF0001007005BA60D21C5CB1C4	喜羊羊与灰太狼之羊村守护者之四	20210901
005801FF0001007005BA60D21C5CB41D	飞哥战队	20210901
005801FF0001007005BA60D21C5CB4A4	神奇仙女公主第七季	20210901
005801FF0001007005BA60D21C5CB8BC	小伶玩具2017	20210901
005801FF0001007005BA60D21C5CBC77	断刺	20210901
005801FF0001007005BA60D21C5CBCC9	超级飞侠第三季	20210901
005801FF0001007005BA60D21C5CBEAB	小伶玩具2020	20210901
005801FF0001007005BA60D21C5CC0CB	喜羊羊与灰太狼之深海历险记	20210901
005801FF0001007005BA60D21C5CC1B6	本戏-牧羊卷-杨红梅	20210901
005801FF0001007005BA60D21C5CC8EA	烽火抗大	20210901
005801FF0001007005BA60D21C5CC96D	忍冬艳蔷薇	20210901
005801FF0001007005BA60D21C5CCB29	哆啦A梦第四季	20210901
005801FF0001007005BA60D21C5CD1F7	忠烈杨家将	20210901
005801FF0001007005BA60D21C5CD340	铠甲勇士猎铠之神脑危机	20210901
005801FF0001007005BA60D21C5CD53B	铠甲勇士猎铠之神脑危机	20210901
005801FF0001007005BA60D21C5CD7DA	云飞丝路天	20210901
005801FF0001007005BA60D21C5CE5B0	本戏-窦娥冤-马友仙	20210901
005801FF0001007005BA60D21C5CE91B	海绵宝宝第七季	20210901
005801FF0001007005BA60D21C5CEAC5	猫和老鼠	20210901
005801FF0001007005BA60D21C5CEB6E	小猪佩奇第三季	20210901
005801FF0001007005BA60D21C5CED64	小伶玩具2017	20210901
005801FF0001007005BA60D21C5CEFA2	山里红	20210901
005801FF0001007005BA60D21C5CF012	小公主苏菲亚2	20210901
005801FF0001007005BA60D21C5CF0E8	超级飞侠第一季	20210901
005801FF0001007005BA60D21C5CF0EB	买奇酷之咖宝家族	20210901
005801FF0001007005BA60D21C5CF300	玄门大师	20210901
005801FF0001007005BA60D21C5CF407	贝乐虎儿歌	20210901
005801FF0001007005BA60D21C5CF49D	本戏-劈山救母-李小锋	20210901
005801FF0001007005BA60D21C5CF7DC	远方的山楂树	20210901
005801FF0001007005BA60D21C6268A2	本戏-狸猫换太子下本-罗晓英	20210901
005801FF0001007005BA60D21C62691F	青春有你第2季	20210901
005801FF0001007005BA60D21C626BA4	超甲虫战记之圣域传说	20210901
005801FF0001007005BA60D21C626C08	神奇历险记	20210901
005801FF0001007005BA60D21C626C3E	超级飞侠第一季	20210901
005801FF0001007005BA60D21C627200	海绵宝宝第四季	20210901
005801FF0001007005BA60D21C627CAF	蜡笔小新第七季[下]	20210901
005801FF0001007005BA60D21C62846A	猪猪侠之超星萌宠1	20210901
005801FF0001007005BA60D21C628473	哆啦A梦第四季	20210901
005801FF0001007005BA60D21C6284BA	兔小蛋玩具	20210901
005801FF0001007005BA60D21C62881F	新大头儿子和小头爸爸	20210901
005801FF0001007005BA60D21C628902	蜡笔小新第七季[下]	20210901
005801FF0001007005BA60D21C628917	精英律师	20210901
005801FF0001007005BA60D21C628E20	欢乐喜剧人第三季	20210901
005801FF0001007005BA60D21C6290F3	巴啦啦小魔仙之音符之谜	20210901
005801FF0001007005BA60D21C6291E0	龙票	20210901
005801FF0001007005BA60D21C629577	超甲虫战记之圣域传说	20210901
005801FF0001007005BA60D21C62959D	小公主苏菲亚2	20210901
005801FF0001007005BA60D21C629708	家国恩仇记	20210901
005801FF0001007005BA60D21C62979C	乐高得宝创意童谣中文版	20210901
005801FF0001007005BA60D21C6299F6	猫和老鼠	20210901
005801FF0001007005BA60D21C629BF8	神奇历险记	20210901
005801FF0001007005BA60D21C629CA6	蜡笔小新第五季[上]	20210901
005801FF0001007005BA60D21C629D7D	哆啦A梦第四季	20210901
005801FF0001007005BA60D21C62A439	功夫鸡	20210901
005801FF0001007005BA60D21C62A49C	猫和老鼠	20210901
005801FF0001007005BA60D21C62A5CF	追风行动	20210901
005801FF0001007005BA60D21C62A7DF	密战无声	20210901
005801FF0001007005BA60D21C62A7F0	熊出没之夺宝熊兵	20210901
005801FF0001007005BA60D21C62A905	招摇	20210901
005801FF0001007005BA60D21C62A959	特工宾奇	20210901
005801FF0001007005BA60D21C62ABA0	小伶玩具2020	20210901
005801FF0001007005BA60D21C62AF95	蜡笔小新第七季[下]	20210901
005801FF0001007005BA60D21C62B026	开心超人联盟之能源核守护者	20210901
005801FF0001007005BA60D21C62B074	贝乐虎儿歌	20210901
005801FF0001007005BA60D21C62B12C	烽火燃情	20210901
005801FF0001007005BA60D21C62B49B	猫和老鼠	20210901
005801FF0001007005BA60D21C62B5EC	新飞天小女警第一季	20210901
005801FF0001007005BB60D21C69681C	哆啦A梦第三季[中]	20210901
005801FF0001007005BB60D21C696989	哆啦A梦第三季[上]	20210901
005801FF0001007005BB60D21C696AA4	杀出绝地	20210901
005801FF0001007005BB60D21C696BC1	铠甲勇士猎铠之神脑危机	20210901
005801FF0001007005BB60D21C697207	招摇	20210901
005801FF0001007005BB60D21C697513	追风行动	20210901
005801FF0001007005BB60D21C69784D	精英律师	20210901
005801FF0001007005BB60D21C69798A	断刺	20210901
005801FF0001007005BB60D21C697B93	超级飞侠第一季	20210901
005801FF0001007005BB60D21C697EFC	无主之城	20210901
005801FF0001007005BB60D21C6981A7	新大头儿子和小头爸爸	20210901
005801FF0001007005BB60D21C6983DD	铁血武工队	20210901
005801FF0001007005BB60D21C6984E8	龙票	20210901
005801FF0001007005BB60D21C698ADE	聪明的顺溜之雄鹰小子2	20210901
005801FF0001007005BB60D21C698DC7	奥特银河大怪兽之战第二季	20210901
005801FF0001007005BB60D21C69918C	新飞天小女警第二季	20210901
005801FF0001007005BB60D21C699975	欢乐喜剧人第三季	20210901
005801FF0001007005BB60D21C699A80	断刺	20210901
005801FF0001007005BB60D21C699B6C	招摇	20210901
005801FF0001007005BB60D21C699D29	咱们裸熊第一季	20210901
005801FF0001007005BB60D21C699DB5	兔子贝贝	20210901
005801FF0001007005BB60D21C699DB8	杀出绝地	20210901
005801FF0001007005BB60D21C69A111	香草美人	20210901
005801FF0001007005BB60D21C69A170	雪国列车-普通话	20210901
005801FF0001007005BB60D21C69A225	23号牛乃唐 第二季	20210901
005801FF0001007005BB60D21C69A3C3	香草美人	20210901
005801FF0001007005BB60D21C69A541	新大头儿子和小头爸爸	20210901
005801FF0001007005BB60D21C69A5F1	烈火军校	20210901
005801FF0001007005BB60D21C69A602	猫和老鼠	20210901
005801FF0001007005BB60D21C69A70F	奥特银河大怪兽之战第二季	20210901
005801FF0001007005BB60D21C69A74B	猎豺狼	20210901
005801FF0001007005BB60D21C69A78A	本戏-烙碗记-毛崇海	20210901
005801FF0001007005BB60D21C69A833	哆啦A梦第四季	20210901
005801FF0001007005BB60D21C69B235	向往的生活 第五季	20210901
005801FF0001007005BB60D21C69B455	本戏-假婿乘龙-王升堂	20210901
005801FF0001007005BB60D21C69B455	本戏-牧羊卷-杨红梅	20210901
005801FF0001007005BB60D21C69B5C0	芭比梦幻屋冒险旅程2	20210901
005801FF0001007005C360D21CA78D00	招摇	20210901
005801FF0001007005C360D21CA78E1B	太行山上	20210901
005801FF0001007005C360D21CA79019	菲梦少女	20210901
005801FF0001007005C360D21CA7934D	小伶玩具2020	20210901
005801FF0001007005C360D21CA7974F	猪猪侠之竞速小英雄1	20210901
005801FF0001007005C360D21CA79873	猫和老鼠	20210901
005801FF0001007005C360D21CA79A66	我把忠诚献给你	20210901
005801FF0001007005C360D21CA79B36	拯救者	20210901
005801FF0001007005C360D21CA79D61	戴拿奥特曼	20210901
005801FF0001007005C360D21CA79E31	扫黑风暴	20210901
005801FF0001007005C360D21CA7A0F9	龙票	20210901
005801FF0001007005C360D21CA7A370	密战无声	20210901
005801FF0001007005C360D21CA7A518	无主之城	20210901
005801FF0001007005C360D21CA7A5D0	铠甲勇士猎铠之神脑危机	20210901
005801FF0001007005C360D21CA7A64C	精英律师	20210901
005801FF0001007005C360D21CA7A91B	小伶玩具2018	20210901
005801FF0001007005C360D21CA7ADE7	超级飞侠第一季	20210901
005801FF0001007005C360D21CA7B5BC	超级宝贝JOJO第二季	20210901
005801FF0001007005C360D21CA7B67B	伏弩	20210901
005801FF0001007005C360D21CA7B74E	浪花淘尽	20210901
005801FF0001007005C360D21CA7B8DD	布鲁可战队之危客对决	20210901
005801FF0001007005C360D21CA7BA85	侠探高飞	20210901
005801FF0001007005C360D21CA7BADB	萌鸡小队第二季	20210901
005801FF0001007005C360D21CA7BD89	我哥我嫂	20210901
005801FF0001007005C360D21CA7C2BD	巨神战击队之超救分队	20210901
005801FF0001007005C360D21CA7C680	萌鸡小队第二季	20210901
005801FF0001007005C360D21CA7C7AA	蜡笔小新第七季[上]	20210901
005801FF0001007005C360D21CA7C9A9	龙票	20210901
005801FF0001007005C360D21CA7C9AD	忍冬艳蔷薇	20210901
005801FF0001007005C360D21CA7CC9C	无主之城	20210901
005801FF0001007005C360D21CA7D242	海绵宝宝第七季	20210901
005801FF0001007005C360D21CA7D247	龙票	20210901
005801FF0001007005C360D21CA7D28C	飞狗MOCO	20210901
005801FF0001007005C360D21CA7D339	烈火军校	20210901
005801FF0001007005C360D21CA7DAAB	奇奇和悦悦的玩具	20210901
005801FF0001007005C360D21CA7DC20	无主之城	20210901
005801FF0001007005C360D21CA7DC8D	海绵宝宝第七季	20210901
005801FF0001007005C360D21CA7DEFD	精灵梦叶罗丽 第七季	20210901
005801FF0001007005C360D21CA7E07E	海绵宝宝第七季	20210901
005801FF0001007005C360D21CA7E350	海绵宝宝第三季	20210901
005801FF0001007005C360D21CA7E443	嗨放派	20210901
005801FF0001007005C360D21CA7E7F6	铠甲勇士猎铠之神脑危机	20210901
005801FF0001007005C360D21CA7EBAB	传奇之王	20210901
005801FF0001007005C360D21CA7EC92	蜡笔小新第七季[下]	20210901
005801FF0001007005C360D21CA7EFCE	小猪佩奇第四季	20210901
005801FF0001007005C360D21CA7F112	哆啦A梦第四季	20210901
005801FF0001007005C360D21CA7F3BC	铠甲勇士猎铠之神脑危机	20210901
005801FF0001007005C360D21CA7F544	幸存者	20210901
005801FF0001007005C360D21CA7F7F2	花开山乡	20210901
005801FF0001007005C360D21CA7F877	哆啦A梦第三季[下]	20210901
005801FF0001007005C360D21CA7F959	我哥我嫂	20210901
005801FF0001007005C360D21CA7F9CB	招摇	20210901
005801FF0001007005C360D21CA802C6	本戏-母子恨-柳水涛	20210901
005801FF0001007005C360D21CA807B4	本戏-节妇吟-谭天杏	20210901
005801FF0001007005C360D21CA807BE	螺丝钉	20210901
005801FF0001007005C360D21CA807F4	功夫鸡	20210901
005801FF0001007005C360D21CA8083D	本戏-女使臣-薛学慧	20210901
005801FF0001007005C360D21CA8096B	新飞天小女警第三季	20210901
005801FF0001007005C360D21CA80A06	杀出绝地	20210901
005801FF0001007005C360D21CA80A67	喜羊羊与灰太狼之羊村守护者之四	20210901
005801FF0001007005C360D21CA80A85	精英律师	20210901
005801FF0001007005C360D21CA80B37	本戏-节妇吟-谭天杏	20210901
005801FF0001007005C360D21CA80C17	戴拿奥特曼	20210901
005801FF0001007005C360D21CA80C17	萌鸡小队	20210901
005801FF0001007005C360D21CA80DEA	山楂树之恋	20210901
005801FF0001007005C360D21CA80ED9	神奇历险记	20210901
005801FF0001007005C360D21CA80ED9	远方的山楂树	20210901
005801FF0001007005C360D21CA81078	招摇	20210901
005801FF0001007005C360D21CA813A8	远方的山楂树	20210901
005801FF0001007005C360D21CA81498	精英律师	20210901
005801FF0001007005C360D21CA814ED	聪明的顺溜之雄鹰小子1	20210901
005801FF0001007005C360D21CA814EE	烈火军校	20210901
005801FF0001007005C360D21CA814FA	神医传奇	20210901
005801FF0001007005C360D21CA81FAE	乞丐皇帝与大脚皇后传奇	20210901
005801FF0001007005C360D21CA8220A	猪猪侠之超星萌宠4	20210901
005801FF0001007005C360D21CA82497	传奇之王	20210901
005801FF0001007005C360D21CA824FA	兔子贝贝	20210901
005801FF0001007005C360D21CA82609	巴啦啦小魔仙之音符之谜	20210901
005801FF0001007005C360D21CA828C1	猎豺狼	20210901
005801FF0001007005C360D21CA82997	乞丐皇帝与大脚皇后传奇	20210901
005801FF0001007005C360D21CA829AD	欢乐喜剧人第一季	20210901
005801FF0001007005C360D21CA82D09	速度与激情4	20210901
005801FF0001007005C360D21CA82D58	超级飞侠第四季	20210901
005801FF0001007005C360D21CA830F0	警车联盟	20210901
005801FF0001007005C360D21CA8324F	小伶玩具2018	20210901
005801FF0001007005C360D21CA833B7	熊出没之夺宝熊兵	20210901
005801FF0001007005C360D21CA83742	中国兄弟连	20210901
005801FF0001007005C360D21CA83A5F	我哥我嫂	20210901
005801FF0001007005C360D21CA83A67	小猪佩奇第四季	20210901
005801FF0001007005C360D21CA83DF2	本戏-蝴蝶杯后本-张勤学	20210901
005801FF0001007005C360D21CA83DF8	铁道游击队	20210901
005801FF0001007005C360D21CA83E47	铁道游击队	20210901
005801FF0001007005C360D21CA83EDF	哆啦A梦第三季[上]	20210901
005801FF0001007005C360D21CA843F6	哆啦A梦第四季	20210901
005801FF0001007005C360D21CA8441C	刀尖舞者	20210901
005801FF0001007005C360D21CA84535	巨神战击队之超救分队	20210901
005801FF0001007005C360D21CA8453A	大清风云	20210901
005801FF0001007005C360D21CA84A44	猪猪侠之超星萌宠1	20210901
005801FF0001007005C360D21CA84BD1	密战无声	20210901
005801FF0001007005C360D21CA84D3B	大清风云	20210901
005801FF0001007005C360D21CA85286	猫和老鼠	20210901
005801FF0001007005C360D21CA85446	哆啦A梦第四季	20210901
005801FF0001007005C360D21CA8571F	超级飞侠第五季	20210901
005801FF0001007005C360D21CA85A20	哆啦A梦第三季[下]	20210901
005801FF0001007005C360D21CA85A88	007：大战皇家赌场	20210901
005801FF0001007005C360D21CA85B02	本戏-牧羊卷-杨红梅	20210901
005801FF0001007005C360D21CA85B02	本戏-马陵道-孟明社	20210901
005801FF0001007005C360D21CA85CAD	烈火军校	20210901
005801FF0001007005C360D21CA85CBD	山楂树之恋	20210901
005801FF0001007005C360D21CA85CD5	新飞天小女警第二季	20210901
005801FF0001007005C360D21CA85EDE	归鸿	20210901
005801FF0001007005C360D21CA85EEE	大清风云	20210901
005801FF0001007005C360D21CA86001	本戏-母子恨-柳水涛	20210901
005801FF0001007005C360D21CA8629F	神奇历险记	20210901
005801FF0001007005C360D21CA864E7	哆啦A梦第三季[上]	20210901
005801FF0001007005C360D21CA8671C	巴啦啦小魔仙之音符之谜	20210901
005801FF0001007005C360D21CA8676B	迷局1931	20210901
005801FF0001007005C360D21CA8676F	云南虫谷	20210901
005801FF0001007005C360D21CA86781	乞丐皇帝与大脚皇后传奇	20210901
005801FF0001007005C360D21CA8689D	新大头儿子和小头爸爸	20210901
005801FF0001007005C360D21CA86973	精英律师	20210901
005801FF0001007005C360D21CA86E73	我哥我嫂	20210901
005801FF0001007005C360D21CA86E89	香草美人	20210901
005801FF0001007005C360D21CA87429	本戏-假婿乘龙-王升堂	20210901
005801FF0001007005C360D21CA87F88	本戏-节妇吟-谭天杏	20210901
005801FF0001007005C360D21CA88023	本戏-金沙滩-刘随社	20210901
005801FF0001007005C360D21CA886AD	猪猪侠之竞速小英雄2	20210901
005801FF0001007005C360D21CA8888E	超级飞侠第三季	20210901
005801FF0001007005C360D21CA888C2	飞狗MOCO	20210901
005801FF0001007005C360D21CA889E9	精英律师	20210901
005801FF0001007005C360D21CA88A3E	新飞天小女警第三季	20210901
005801FF0001007005C360D21CA88CBB	大清风云	20210901
005801FF0001007005C360D21CA88DA1	浪花淘尽	20210901
005801FF0001007005C360D21CA890C4	猪猪侠之竞速小英雄1	20210901
005801FF0001007005C360D21CA8915E	精英律师	20210901
005801FF0001007005C360D21CA8915F	奇奇和悦悦的玩具	20210901
005801FF0001007005C360D21CA891D0	乐高城市	20210901
005801FF0001007005C360D21CA891D0	海绵宝宝第四季	20210901
005801FF0001007005C360D21CA892CA	龙票	20210901
005801FF0001007005C360D21CA898B3	凤囚凰	20210901
005801FF0001007005C360D21CA89A60	扫黑风暴	20210901
005801FF0001007005C360D21CA89AD8	隋唐英雄3	20210901
005801FF0001007005C360D21CA89B5D	百变小樱	20210901
005801FF0001007005C360D21CA8A04D	本戏-白帝城-杨红梅	20210901
005801FF0001007005C360D21CA8A0A0	尖锋之烈焰青春	20210901
005801FF0001007005C360D21CA8A1B7	哆啦A梦第四季	20210901
005801FF0001007005C360D21CA8A288	摇滚萝莉第二季	20210901
005801FF0001007005C360D21CA8A2C5	天龙八部	20210901
005801FF0001007005C360D21CA8A37C	凤囚凰	20210901
005801FF0001007005C360D21CA8A6DF	全城通缉	20210901
005801FF0001007005C360D21CA8A705	名侦探柯南第一季	20210901
005801FF0001007005C360D21CA8A920	烽火燃情	20210901
005801FF0001007005C360D21CA8AF5E	超级宝贝JOJO第一季	20210901
005801FF0001007005C360D21CA8B199	本戏-狸猫换太子下本-罗晓英	20210901
005801FF0001007005C360D21CA8B394	23号牛乃唐 第二季	20210901
005801FF0001007005C360D21CA8B47B	招摇	20210901
005801FF0001007005C360D21CA8B599	哆啦A梦第三季[上]	20210901
005801FF0001007005C360D21CA8B674	哆啦A梦第四季	20210901
005801FF0001007005C360D21CA8B6F2	本戏-狸猫换太子下本-罗晓英	20210901
005801FF0001007005C360D21CA8B794	乐高好朋友第二季：女孩在行动	20210901
005801FF0001007005C360D21CA8B965	蜡笔小新第六季[上]	20210901
005801FF0001007005C360D21CA8B989	罗龙镇女人	20210901
005801FF0001007005C360D21CA8B997	哆啦A梦第三季[中]	20210901
005801FF0001007005C360D21CA8BBF3	海绵宝宝第四季	20210901
005801FF0001007005C360D21CA8BC5F	本戏-皇后梦-李淑芳	20210901
005801FF0001007005C360D21CA8BD4F	隋唐英雄3	20210901
005801FF0001007005C360D21CA8BD5F	大秧歌	20210901
005801FF0001007005C360D21CA8BD9E	乞丐皇帝与大脚皇后传奇	20210901
005801FF0001007005C360D21CA8BE4E	蜡笔小新第四季	20210901
005801FF0001007005C360D21CA8BF52	海绵宝宝第四季	20210901
005801FF0001007005C360D21CA8C1A3	海绵宝宝第七季	20210901
005801FF0001007005C360D21CA8C287	熊出没之夺宝熊兵	20210901
005801FF0001007005C360D21CA8C2C5	新飞天小女警第二季	20210901
005801FF0001007005C360D21CA8C32E	哆啦A梦第四季	20210901
005801FF0001007005C360D21CA8C486	归鸿	20210901
005801FF0001007005C360D21CA8C72C	忍冬艳蔷薇	20210901
005801FF0001007005C360D21CA8C991	精英律师	20210901
005801FF0001007005C360D21CA8CAA3	超级飞侠第五季	20210901
005801FF0001007005C360D21CA8CAFF	乞丐皇帝与大脚皇后传奇	20210901
005801FF0001007005C360D21CA8CF2B	向往的生活 第三季	20210901
005801FF0001007005C360D21CA8CF31	尖锋之烈焰青春	20210901
005801FF0001007005C360D21CA8D003	布鲁可战队之危客对决	20210901
005801FF0001007005C360D21CA8D193	蜡笔小新第四季	20210901
005801FF0001007005C360D21CA8D23E	名侦探柯南第二季	20210901
005801FF0001007005C360D21CA8D2E7	武当	20210901
005801FF0001007005C360D21CA8D310	新大头儿子和小头爸爸	20210901
005801FF0001007005C360D21CA8D53A	蜡笔小新第六季[下]	20210901
005801FF0001007005C360D21CA8D747	杀虎口	20210901
005801FF0001007005C360D21CA8D7E0	超级飞侠第四季	20210901
005801FF0001007005C360D21CA8D804	伏弩	20210901
005801FF0001007005C360D21CA8D99F	超级飞侠第六季	20210901
005801FF0001007005C360D21CA8D9A8	哆啦A梦第四季	20210901
005801FF0001007005C360D21CA8DAB4	爱上北斗星男友	20210901
005801FF0001007005C360D21CA8DAC9	巴啦啦小魔仙之音符之谜	20210901
005801FF0001007006B860D21C3DB535	HD-熊出没之秋日团团转	20210901
005801FF0001007006B860D21C3DB6BE	蜡笔小新第五季[上]	20210901
005801FF0001007006B860D21C3DB95F	与君歌	20210901
005801FF0001007006B860D21C3DB9DE	海绵宝宝第七季	20210901
005801FF0001007006B860D21C3DBFBE	无主之城	20210901
005801FF0001007006B860D21C3DC06E	猪猪侠之竞速小英雄2	20210901
005801FF0001007006B860D21C3DC2D4	哆啦A梦第三季[上]	20210901
005801FF0001007006B860D21C3DC2EC	爱上北斗星男友	20210901
005801FF0001007006B860D21C3DC55D	精英律师	20210901
005801FF0001007006B860D21C3DC603	巨神战击队之空间战击队	20210901
005801FF0001007006B860D21C3DC647	哆啦A梦第三季[下]	20210901
005801FF0001007006B860D21C3DC695	本戏-千金买笑-安娜	20210901
005801FF0001007006B860D21C3DC695	本戏-墙头记-薛广民	20210901
005801FF0001007006B860D21C3DCBC2	猫和老鼠	20210901
005801FF0001007006B860D21C3DCC36	哆啦A梦第三季[上]	20210901
005801FF0001007006B860D21C3DD042	大秧歌	20210901
005801FF0001007006B860D21C3DD12B	新大头儿子和小头爸爸第三季[下]	20210901
005801FF0001007006B860D21C3DD193	乐高城市大冒险	20210901
005801FF0001007006B860D21C3DD416	超级飞侠第五季	20210901
005801FF0001007006B860D21C3DD63E	伏弩	20210901
005801FF0001007006B860D21C3DD6D8	哆啦A梦第三季[下]	20210901
005801FF0001007006B860D21C3DD9A4	熊出没之夺宝熊兵	20210901
005801FF0001007006B860D21C3DDA40	小伶玩具2018	20210901
005801FF0001007006B860D21C3DDD02	东京审判	20210901
005801FF0001007006B860D21C3DDD51	哆啦A梦第三季[下]	20210901
005801FF0001007006B860D21C3DDEAB	本戏-狸猫换太子上本-岳双七	20210901
005801FF0001007006B860D21C3DDEBA	大清风云	20210901
005801FF0001007006B860D21C3DDF23	本戏-烙碗记-毛崇海	20210901
005801FF0001007006B860D21C3DE004	哆啦A梦第四季	20210901
005801FF0001007006B860D21C3DE06A	猪猪侠之超星萌宠4	20210901
005801FF0001007006B860D21C3DE0A9	招摇	20210901
005801FF0001007006B860D21C3DE0D4	蜡笔小新第四季	20210901
005801FF0001007006B860D21C3DE279	核晶战记	20210901
005801FF0001007006B860D21C3DE3E5	超甲虫战记之圣域传说	20210901
005801FF0001007006B860D21C3DE4B9	聪明的顺溜之雄鹰小子1	20210901
005801FF0001007006B860D21C3DE995	你好，旧时光	20210901
005801FF0001007006B860D21C3DE9FD	买奇酷之咖宝家族	20210901
005801FF0001007006B860D21C3DEB9A	精英律师	20210901
005801FF0001007006B860D21C3DEBCE	本戏-劈山救母-高广杰	20210901
005801FF0001007006B860D21C3DEBDA	海绵宝宝第七季	20210901
005801FF0001007006B860D21C3DEC6D	全城通缉	20210901
005801FF0001007006B860D21C3DECD1	杀虎口	20210901
005801FF0001007006B860D21C3DED94	香草美人	20210901
005801FF0001007006B860D21C3DF2AF	名侦探柯南第四季	20210901
005801FF0001007006B860D21C3DF3B0	本戏-狸猫换太子下本-罗晓英	20210901
005801FF0001007006B860D21C3DF497	功夫鸡	20210901
005801FF0001007006B860D21C3DF527	喜羊羊与灰太狼之奇趣外星客	20210901
005801FF0001007006B860D21C3DF55B	传奇之王	20210901
005801FF0001007006B860D21C3DF64F	烽火抗大	20210901
005801FF0001007006B860D21C3DF64F	猪猪侠之超星萌宠2	20210901
005801FF0001007006B860D21C3DF7BF	斗罗大陆	20210901
005801FF0001007006B860D21C3DF7DB	乞丐皇帝与大脚皇后传奇	20210901
005801FF0001007006B860D21C3DF831	新飞天小女警第二季	20210901
005801FF0001007006B860D21C3DF8B3	精灵梦叶罗丽 第七季	20210901
005801FF0001007006B860D21C3DF939	特工宾奇	20210901
005801FF0001007006B860D21C3DFB54	武当	20210901
005801FF0001007006B860D21C3DFDE8	功夫鸡	20210901
005801FF0001007006B860D21C3DFDE8	巨神战击队之超救分队	20210901
005801FF0001007006B860D21C3DFE19	小伶玩具2019	20210901
005801FF0001007006B860D21C3DFF40	罗龙镇女人	20210901
005801FF0001007006B860D21C3E0027	摇滚萝莉第二季	20210901
005801FF0001007006B860D21C3E012B	蜡笔小新第五季[下]	20210901
005801FF0001007006B960D21C49BC58	超级飞侠第四季	20210901
005801FF0001007006B960D21C49BC8D	哆啦A梦第三季[中]	20210901
005801FF0001007006B960D21C49BCAE	小猪佩奇 第八季	20210901
005801FF0001007006B960D21C49BCAE	超级宝贝JOJO第一季	20210901
005801FF0001007006B960D21C49C344	本戏-皇后梦-李淑芳	20210901
005801FF0001007006B960D21C49C883	哆啦A梦第三季[下]	20210901
005801FF0001007006B960D21C49C8F6	超级飞侠第六季	20210901
005801FF0001007006B960D21C49CF86	小猪佩奇第四季	20210901
005801FF0001007006B960D21C49D050	爆裂飞车第三季[下]	20210901
005801FF0001007006B960D21C49D0A3	蜡笔小新第五季[下]	20210901
005801FF0001007006B960D21C49D0AE	铁血武工队	20210901
005801FF0001007006B960D21C49D413	忍冬艳蔷薇	20210901
005801FF0001007006B960D21C49D6FF	蜡笔小新第四季	20210901
005801FF0001007006B960D21C49D7B7	追风行动	20210901
005801FF0001007006B960D21C49D984	时代少年团：少年梦游记	20210901
005801FF0001007006B960D21C49DA8C	招摇	20210901
005801FF0001007006B960D21C49DAA8	无主之城	20210901
005801FF0001007006B960D21C49DAB7	本戏-柳河湾的新娘-惠敏莉	20210901
005801FF0001007006B960D21C49DF45	哆啦A梦第三季[上]	20210901
005801FF0001007006B960D21C49E027	猎豺狼	20210901
005801FF0001007006B960D21C49E36D	边城破晓	20210901
005801FF0001007006B960D21C49E44B	消防员山姆第十一季	20210901
005801FF0001007006B960D21C49E463	小猪佩奇第三季	20210901
005801FF0001007006B960D21C49EA69	刀尖舞者	20210901
005801FF0001007006B960D21C49ED65	聪明的顺溜之雄鹰小子1	20210901
005801FF0001007006B960D21C49EEC8	玄门大师	20210901
005801FF0001007006B960D21C49F2CF	哆啦A梦第三季[中]	20210901
005801FF0001007006B960D21C49F2DC	猪猪侠之竞速小英雄2	20210901
005801FF0001007006B960D21C49F7AC	猫和老鼠	20210901
005801FF0001007006B960D21C49F7E9	无主之城	20210901
005801FF0001007006B960D21C49FA28	龙票	20210901
005801FF0001007006B960D21C49FA90	烽火抗大	20210901
005801FF0001007006B960D21C49FCC1	猫和老鼠	20210901
005801FF0001007006B960D21C49FE68	新大头儿子和小头爸爸	20210901
005801FF0001007006B960D21C4A01DB	荒野求生I	20210901
005801FF0001007006B960D21C4A02BB	布鲁可战队之危客对决	20210901
005801FF0001007006B960D21C4A030F	萌鸡小队第一季	20210901
005801FF0001007006B960D21C4A0370	本戏-蝴蝶杯后本-张勤学	20210901
005801FF0001007006B960D21C4A04BD	新大头儿子和小头爸爸	20210901
005801FF0001007006B960D21C4A06D9	本戏-三子争父-范晓荣	20210901
005801FF0001007006B960D21C4A0E6B	扫黑风暴	20210901
005801FF0001007006B960D21C4A0F66	小伶玩具2018	20210901
005801FF0001007006B960D21C4A10D1	小伶玩具2018	20210901
005801FF0001007006B960D21C4A12D8	猎豺狼	20210901
005801FF0001007006B960D21C4A1598	我把忠诚献给你	20210901
005801FF0001007006B960D21C4A1598	追风行动	20210901
005801FF0001007006B960D21C4A1660	本戏-假婿乘龙-王升堂	20210901
005801FF0001007006B960D21C4A186D	本戏-柳河湾的新娘-惠敏莉	20210901
005801FF0001007006B960D21C4A1BE7	新大头儿子和小头爸爸	20210901
005801FF0001007006B960D21C4A1C56	喜羊羊与灰太狼之深海历险记	20210901
005801FF0001007006B960D21C4A2102	小猪佩奇第三季	20210901
005801FF0001007006B960D21C4A2160	超级飞侠第四季	20210901
005801FF0001007006B960D21C4A23E1	名侦探柯南第三季	20210901
005801FF0001007006B960D21C4A262A	小伶玩具2020	20210901
005801FF0001007006B960D21C4A26E8	哆啦A梦第三季[中]	20210901
005801FF0001007006B960D21C4A26FB	超级飞侠第三季	20210901
005801FF0001007006B960D21C4A2863	乞丐皇帝与大脚皇后传奇	20210901
005801FF0001007006B960D21C4A2919	精英律师	20210901
005801FF0001007006B960D21C4A2973	小伶玩具2018	20210901
005801FF0001007006B960D21C4A2A85	迷局1931	20210901
005801FF0001007006B960D21C4A2AB1	蜡笔小新第四季	20210901
005801FF0001007006B960D21C4A2ABA	铁道游击队	20210901
005801FF0001007006B960D21C4A2EA2	哆啦A梦第四季	20210901
005801FF0001007006B960D21C4A32A1	小猪佩奇第四季	20210901
005801FF0001007006B960D21C4A3342	蜡笔小新第七季[上]	20210901
005801FF0001007006B960D21C4A38F8	蜡笔小新第七季[下]	20210901
005801FF0001007006B960D21C4A3AA1	浪花淘尽	20210901
005801FF0001007006B960D21C4A3B48	勇敢的心	20210901
005801FF0001007006B960D21C4A3C33	菲梦少女	20210901
005801FF0001007006B960D21C4A3D7D	超级宝贝JOJO第二季	20210901
005801FF0001007006B960D21C4A3FCB	小伶玩具2020	20210901
005801FF0001007006B960D21C4A40B3	和平精英浪客海上生明月	20210901
005801FF0001007006B960D21C4A413A	聪明的顺溜之雄鹰小子1	20210901
005801FF0001007006B960D21C4A4301	超级飞侠第一季	20210901
005801FF0001007006B960D21C4A4426	本戏-留下真情-闫慧芳	20210901
005801FF0001007006B960D21C4A4933	寻梦环游记（普通话）	20210901
005801FF0001007006B960D21C4A4A0B	神医传奇	20210901
005801FF0001007006B960D21C4A4BF2	追风行动	20210901
005801FF0001007006B960D21C4A4D23	迷你世界趣哥哥解说2019	20210901
005801FF0001007006B960D21C4A4F89	浪花淘尽	20210901
005801FF0001007006B960D21C4A507E	精英律师	20210901
005801FF0001007006B960D21C4A51D5	猪猪侠之竞速小英雄1	20210901
005801FF0001007006B960D21C4A55AA	我把忠诚献给你	20210901
005801FF0001007006B960D21C4A58AE	小猪佩奇第四季	20210901
005801FF0001007006B960D21C4A594F	熊出没之环球大冒险	20210901
005801FF0001007006B960D21C4A59E3	我把忠诚献给你	20210901
005801FF0001007006B960D21C4A5C05	聪明的顺溜之雄鹰小子1	20210901
005801FF0001007006B960D21C4A6145	杀虎口	20210901
005801FF0001007006B960D21C4A618F	迷你特工队X	20210901
005801FF0001007006B960D21C4A61AA	边城破晓	20210901
005801FF0001007006B960D21C4A6471	活佛济公第三部	20210901
005801FF0001007006B960D21C4A657A	香草美人	20210901
005801FF0001007006B960D21C4A691F	哆啦A梦第四季	20210901
005801FF0001007006B960D21C4A691F	海绵宝宝第三季	20210901
005801FF0001007006B960D21C4A6CC1	小猪佩奇第四季	20210901
005801FF0001007006B960D21C4A6CC1	超级飞侠第三季	20210901
005801FF0001007006B960D21C4A6CDD	烽火抗大	20210901
005801FF0001007006B960D21C4A6FE3	烽火燃情	20210901
005801FF0001007006B960D21C4A6FE7	我怕来不及	20210901
005801FF0001007006B960D21C4A7201	海绵宝宝第七季	20210901
005801FF0001007006B960D21C4A7492	迷局1931	20210901
005801FF0001007006B960D21C4A7526	匹夫	20210901
005801FF0001007006B960D21C4A76D1	萌鸡小队	20210901
005801FF0001007006B960D21C4A78B0	龙票	20210901
005801FF0001007006B960D21C4A7964	小猪佩奇第三季	20210901
005801FF0001007006B960D21C4A7D37	高能少年团 第2季	20210901
005801FF0001007006BA60D21C5F976D	杀出绝地	20210901
005801FF0001007006BA60D21C5F998A	蜡笔小新第六季[下]	20210901
005801FF0001007006BA60D21C5F9B30	超级飞侠第四季	20210901
005801FF0001007006BA60D21C5F9C72	凤唳九天	20210901
005801FF0001007006BA60D21C5F9D88	忍冬艳蔷薇	20210901
005801FF0001007006BA60D21C5F9DA1	迷局1931	20210901
005801FF0001007006BA60D21C5F9E70	蜡笔小新第七季[下]	20210901
005801FF0001007006BA60D21C5F9E88	刀尖舞者	20210901
005801FF0001007006BA60D21C5F9F13	名侦探柯南第二季	20210901
005801FF0001007006BA60D21C5FA046	超级飞侠第四季	20210901
005801FF0001007006BA60D21C5FA0F4	喜羊羊与灰太狼之羊村守护者之四	20210901
005801FF0001007006BA60D21C5FA3B4	精英律师	20210901
005801FF0001007006BA60D21C5FA517	哆啦A梦第四季	20210901
005801FF0001007006BA60D21C5FA58D	本戏-烙碗记-毛崇海	20210901
005801FF0001007006BA60D21C5FAC1C	乐高城市大冒险	20210901
005801FF0001007006BA60D21C5FB039	凤囚凰	20210901
005801FF0001007006BA60D21C5FB257	本戏-海瑞驯虎-雷涛	20210901
005801FF0001007006BA60D21C5FB3FA	蜡笔小新第七季[下]	20210901
005801FF0001007006BA60D21C5FB43B	新飞天小女警第三季	20210901
005801FF0001007006BA60D21C5FBB7B	小伶玩具2018	20210901
005801FF0001007006BA60D21C5FBCA9	婆婆的镯子	20210901
005801FF0001007006BA60D21C5FBCDA	乐高好朋友第二季：女孩在行动	20210901
005801FF0001007006BA60D21C5FBDDF	玄门大师	20210901
005801FF0001007006BA60D21C5FBEE3	烈火军校	20210901
005801FF0001007006BA60D21C5FBF78	爆裂飞车第三季[下]	20210901
005801FF0001007006BA60D21C5FC160	小猪佩奇第三季	20210901
005801FF0001007006BA60D21C5FC165	杀出绝地	20210901
005801FF0001007006BA60D21C5FC4AE	超甲虫战记之圣域传说	20210901
005801FF0001007006BA60D21C5FC5B9	猪猪侠之超星萌宠4	20210901
005801FF0001007006BA60D21C5FCAA8	陆军一号	20210901
005801FF0001007006BA60D21C5FCC68	哆啦A梦第四季	20210901
005801FF0001007006BA60D21C5FCD09	铁道游击队	20210901
005801FF0001007006BA60D21C5FCE23	铁道游击队	20210901
005801FF0001007006BA60D21C5FD009	精英律师	20210901
005801FF0001007006BA60D21C5FD59B	杀虎口	20210901
005801FF0001007006BA60D21C5FD59B	追风行动	20210901
005801FF0001007006BA60D21C5FD738	那些日子	20210901
005801FF0001007006BA60D21C5FD83A	铠甲勇士猎铠之神脑危机	20210901
005801FF0001007006BA60D21C5FD927	太行山上	20210901
005801FF0001007006BA60D21C5FD9C1	本戏-闯宫抱斗-丁良生	20210901
005801FF0001007006BA60D21C5FDA42	喜羊羊与灰太狼之羊村守护者之四	20210901
005801FF0001007006BA60D21C5FDCBC	飞狗MOCO	20210901
005801FF0001007006BA60D21C5FDEBA	本戏-假婿乘龙-王升堂	20210901
005801FF0001007006BA60D21C5FDEBA	本戏-满江红-谭建勋	20210901
005801FF0001007006BA60D21C5FDF57	忍冬艳蔷薇	20210901
005801FF0001007006BA60D21C5FDF77	新飞天小女警第一季	20210901
005801FF0001007006BA60D21C5FE0DF	哆啦A梦第三季[中]	20210901
005801FF0001007006BA60D21C5FE26F	神医传奇	20210901
005801FF0001007006BA60D21C5FE41A	猪猪侠之竞速小英雄2	20210901
005801FF0001007006BA60D21C610B4D	超级飞侠第三季	20210901
005801FF0001007006BA60D21C610CEC	那些日子	20210901
005801FF0001007006BA60D21C610E17	新飞天小女警第三季	20210901
005801FF0001007006BA60D21C610E4D	警车联盟	20210901
005801FF0001007006BA60D21C610EB5	小伶玩具2017	20210901
005801FF0001007006BA60D21C610ECC	招摇	20210901
005801FF0001007006BA60D21C610EFA	爆裂飞车第三季[上]	20210901
005801FF0001007006BA60D21C611129	神奇仙女公主第七季	20210901
005801FF0001007006BA60D21C6111D0	新大头儿子和小头爸爸第三季[下]	20210901
005801FF0001007006BA60D21C6111DD	欢乐喜剧人第三季	20210901
005801FF0001007006BA60D21C6113B0	凤唳九天	20210901
005801FF0001007006BA60D21C611579	哆啦A梦第三季[中]	20210901
005801FF0001007006BA60D21C611B1E	铁血武工队	20210901
005801FF0001007006BA60D21C611F44	天机富春山居图	20210901
005801FF0001007006BA60D21C611FD1	忍冬艳蔷薇	20210901
005801FF0001007006BA60D21C612239	断刺	20210901
005801FF0001007006BA60D21C612435	你好，旧时光	20210901
005801FF0001007006BA60D21C612679	巨神战击队之超救分队	20210901
005801FF0001007006BA60D21C612936	本戏-假婿乘龙-王升堂	20210901
005801FF0001007006BA60D21C612973	超级飞侠第六季	20210901
005801FF0001007006BA60D21C612C85	警察故事2013	20210901
005801FF0001007006BA60D21C613743	神兽金刚第一季	20210901
005801FF0001007006BA60D21C613815	本戏-假婿乘龙-王升堂	20210901
005801FF0001007006BA60D21C613815	本戏-柳河湾的新娘-惠敏莉	20210901
005801FF0001007006BA60D21C613815	本戏-烙碗记-毛崇海	20210901
005801FF0001007006BA60D21C613997	新大头儿子和小头爸爸	20210901
005801FF0001007006BA60D21C613AF1	烽火抗大	20210901
005801FF0001007006BA60D21C613B35	小狮子赛几	20210901
005801FF0001007006BA60D21C613E27	猪猪侠之竞速小英雄1	20210901
005801FF0001007006BA60D21C613EA1	小猪佩奇第四季	20210901
005801FF0001007006BA60D21C613F53	青春有你第2季	20210901
005801FF0001007006BA60D21C614010	招摇	20210901
005801FF0001007006BA60D21C6140B7	哆啦A梦第三季[下]	20210901
005801FF0001007006BA60D21C6141EA	蜡笔小新第七季[下]	20210901
005801FF0001007006BA60D21C61433E	浪花淘尽	20210901
005801FF0001007006BA60D21C6143E9	我哥我嫂	20210901
005801FF0001007006BA60D21C61478F	哆啦A梦第三季[下]	20210901
005801FF0001007006BA60D21C614BE4	小公主苏菲亚2	20210901
005801FF0001007006BA60D21C614EBB	海绵宝宝第三季	20210901
005801FF0001007006BA60D21C614FB8	本戏-劈山救母-李小锋	20210901
005801FF0001007006BA60D21C614FB8	本戏-墙头记-薛广民	20210901
005801FF0001007006BA60D21C6150D1	小狮子赛几	20210901
005801FF0001007006BA60D21C615121	新飞天小女警第一季	20210901
005801FF0001007006BA60D21C615335	蜡笔小新第四季	20210901
005801FF0001007006BA60D21C61546B	精灵梦叶罗丽 第七季	20210901
005801FF0001007006BA60D21C6155E3	名侦探柯南第三季	20210901
005801FF0001007006BA60D21C615739	熊出没之环球大冒险	20210901
005801FF0001007006BA60D21C64F90D	萌鸡小队第二季	20210901
005801FF0001007006BA60D21C64F95A	蜡笔小新第三季	20210901
005801FF0001007006BA60D21C64F9CF	哆啦A梦第四季	20210901
005801FF0001007006BA60D21C64FA22	超级飞侠第四季	20210901
005801FF0001007006BA60D21C64FD2A	迷局1931	20210901
005801FF0001007006BA60D21C64FDDA	忍冬艳蔷薇	20210901
005801FF0001007006BA60D21C64FDFC	哆啦A梦第三季[中]	20210901
005801FF0001007006BA60D21C64FE3F	布鲁可战队之危客对决	20210901
005801FF0001007006BA60D21C650146	黑山阻击战	20210901
005801FF0001007006BA60D21C65035C	神医传奇	20210901
005801FF0001007006BA60D21C6503E2	蜡笔小新第五季[上]	20210901
005801FF0001007006BA60D21C650515	新大头儿子和小头爸爸	20210901
005801FF0001007006BA60D21C650554	蜡笔小新第七季[下]	20210901
005801FF0001007006BA60D21C650554	超级飞侠第一季	20210901
005801FF0001007006BA60D21C650588	新飞天小女警第二季	20210901
005801FF0001007006BA60D21C650615	罗龙镇女人	20210901
005801FF0001007006BA60D21C65068A	断刺	20210901
005801FF0001007006BA60D21C65079D	功夫鸡	20210901
005801FF0001007006BA60D21C650882	刀尖舞者	20210901
005801FF0001007006BA60D21C650AF7	巨神战击队之空间战击队	20210901
005801FF0001007006BA60D21C650B6A	碟中谍	20210901
005801FF0001007006BA60D21C650D1D	迷局1931	20210901
005801FF0001007006BA60D21C650EAC	神奇历险记	20210901
005801FF0001007006BA60D21C651001	猪猪侠之竞速小英雄2	20210901
005801FF0001007006BA60D21C6510FD	喜羊羊与灰太狼之羊村守护者之四	20210901
005801FF0001007006BA60D21C651138	猪猪侠之超星萌宠4	20210901
005801FF0001007006BA60D21C65134B	远方的山楂树	20210901
005801FF0001007006BA60D21C65147B	巨神战击队之空间战击队	20210901
005801FF0001007006BA60D21C65162F	战神	20210901
005801FF0001007006BA60D21C6516FC	小猪佩奇第三季	20210901
005801FF0001007006BA60D21C6517D0	海绵宝宝第四季	20210901
005801FF0001007006BA60D21C65197A	那些日子	20210901
005801FF0001007006BA60D21C651AD9	巴啦啦小魔仙之音符之谜	20210901
005801FF0001007006BA60D21C6520F9	传奇之王	20210901
005801FF0001007006BA60D21C652164	爱上北斗星男友	20210901
005801FF0001007006BA60D21C652609	熊出没之环球大冒险	20210901
005801FF0001007006BA60D21C652619	烽火燃情	20210901
005801FF0001007006BA60D21C652748	本戏-烙碗记-毛崇海	20210901
005801FF0001007006BA60D21C652783	武当	20210901
005801FF0001007006BA60D21C65290B	聪明的顺溜之雄鹰小子1	20210901
005801FF0001007006BA60D21C652F72	哆啦A梦第四季	20210901
005801FF0001007006BA60D21C6533BF	超甲虫战记之圣域传说	20210901
005801FF0001007006BA60D21C653486	哆啦A梦第三季[上]	20210901
005801FF0001007006BA60D21C6534BB	招摇	20210901
005801FF0001007006BA60D21C653BE2	超级飞侠第六季	20210901
005801FF0001007006BA60D21C653C4D	爱上北斗星男友	20210901
005801FF0001007006BA60D21C653E0D	超级飞侠第一季	20210901
005801FF0001007006BA60D21C653EED	猪猪侠之超星萌宠4	20210901
005801FF0001007006BA60D21C654114	布鲁可战队之危客对决	20210901
005801FF0001007006BA60D21C65419A	飞哥战队	20210901
005801FF0001007006C360D21CAA60DC	神秘海域3：德雷克的宝藏	20210901
005801FF0001007006C360D21CAA63F3	超级飞侠第一季	20210901
005801FF0001007006C360D21CAA64B7	猪猪侠之超星萌宠1	20210901
005801FF0001007006C360D21CAA64E0	本戏-烙碗记-毛崇海	20210901
005801FF0001007006C360D21CAA658B	中国兄弟连	20210901
005801FF0001007006C360D21CAA6A62	香草美人	20210901
005801FF0001007006C360D21CAA6B27	光影	20210901
005801FF0001007006C360D21CAA7266	猫和老鼠	20210901
005801FF0001007006C360D21CAA731D	23号牛乃唐 第二季	20210901
005801FF0001007006C360D21CAA7677	哆啦A梦第四季	20210901
005801FF0001007006C360D21CAA785E	罗龙镇女人	20210901
005801FF0001007006C360D21CAA78B9	匹夫	20210901
005801FF0001007006C360D21CAA7A12	小伶玩具2018	20210901
005801FF0001007006C360D21CAA7C07	超甲虫战记之圣域传说	20210901
005801FF0001007006C360D21CAA7CBD	龙票	20210901
005801FF0001007006C360D21CAA7F06	杀出绝地	20210901
005801FF0001007006C360D21CAA7F99	烽火燃情	20210901
005801FF0001007006C360D21CAA8047	忍冬艳蔷薇	20210901
005801FF0001007006C360D21CAA8238	爆裂飞车第三季[下]	20210901
005801FF0001007006C360D21CAA8403	布鲁可战队之危客对决	20210901
005801FF0001007006C360D21CAA8B08	边城破晓	20210901
005801FF0001007006C360D21CAA8C14	哆啦A梦第三季[中]	20210901
005801FF0001007006C360D21CAA8C14	哆啦A梦第四季	20210901
005801FF0001007006C360D21CAA8C14	神奇历险记	20210901
005801FF0001007006C360D21CAA8DC9	本戏-母子恨-柳水涛	20210901
005801FF0001007006C360D21CAA8F7A	招摇	20210901
005801FF0001007006C360D21CAA9148	神奇仙女公主第七季	20210901
005801FF0001007006C360D21CAA93CB	杀虎口	20210901
005801FF0001007006C360D21CAA946A	匹夫	20210901
005801FF0001007006C360D21CAA946A	武当	20210901
005801FF0001007006C360D21CAA9505	精英律师	20210901
005801FF0001061005B454C57AB11244	新大头儿子和小头爸爸	20210901
005801FF0001061005B454C57AB11330	螺丝钉	20210901
005801FF0001061005B454C57AB115DD	哆啦A梦第四季	20210901
005801FF0001061005B454C57AB11677	边城破晓	20210901
005801FF0001061005B454C57AB118BE	中国兄弟连	20210901
005801FF0001061005B454C57AB11965	摇滚萝莉第二季	20210901
005801FF0001061005B454C57AB11B64	蜡笔小新第七季[下]	20210901
005801FF0001061005B454C57AB11F41	新大头儿子和小头爸爸第三季[中]	20210901
005801FF0001061005B454C57AB11F67	欢乐集结号2018	20210901
005801FF0001061005B454C57AB11F8A	猫和老鼠	20210901
005801FF0001061005B454C57AB11F8A	超级飞侠第四季	20210901
005801FF0001061005B454C57AB12013	浪花淘尽	20210901
005801FF0001061005B454C57AB120CE	小狮子赛几	20210901
005801FF0001061005B454C57AB121F0	蜡笔小新第七季[下]	20210901
005801FF0001061005B454C57AB12232	精英律师	20210901
005801FF0001061005B454C57AB12315	大秧歌	20210901
005801FF0001061005B454C57AB125BB	战神	20210901
005801FF0001061005B454C57AB12609	精英律师	20210901
005801FF0001061005B454C57AB1276F	香草美人	20210901
005801FF0001061005B454C57AB1284F	超级飞侠第一季	20210901
005801FF0001061005B454C57AB12850	无主之城	20210901
005801FF0001061005B454C57AB12C0A	喜羊羊与灰太狼之奇趣外星客	20210901
005801FF0001061005B454C57AB13164	本戏-狸猫换太子上本-岳双七	20210901
005801FF0001061005B454C57AB13164	本戏-皇后梦-李淑芳	20210901
005801FF0001061005B454C57AB13164	本戏-马陵道-孟明社	20210901
005801FF0001061005B454C57AB1325E	熊出没之夺宝熊兵	20210901
005801FF0001061005B454C57AB1378A	玄门大师	20210901
005801FF0001061005B454C57AB1381E	忍冬艳蔷薇	20210901
005801FF0001061005B454C57AB1397D	巴啦啦小魔仙	20210901
005801FF0001061005B454C57AB13A9D	超级飞侠第一季	20210901
005801FF0001061005B454C57AB13B26	芭比梦幻屋冒险旅程2	20210901
005801FF0001061005B454C57AB13C56	明星大侦探第六季	20210901
005801FF0001061005B454C57AB13C61	熊出没之夺宝熊兵	20210901
005801FF0001061005B454C57AB13C61	萌鸡小队第二季	20210901
005801FF0001061005B454C57AB13D10	铠甲勇士猎铠之神脑危机	20210901
005801FF0001061005B454C57AB13F1C	新飞天小女警第三季	20210901
005801FF0001061005B454C57AB140C3	招摇	20210901
005801FF0001061005B454C57AB14163	伏弩	20210901
005801FF0001061005B454C57AB14266	海绵宝宝第七季	20210901
005801FF0001061005B454C57AB14702	精英律师	20210901
005801FF0001061005B454C57AB14958	铁血武工队	20210901
005801FF0001061005B454C57AB14959	新飞天小女警第二季	20210901
005801FF0001061005B454C57AB14AD8	斗罗大陆3龙王传说第一季	20210901
005801FF0001061005B454C57AB14BBA	海绵宝宝第七季	20210901
005801FF0001061005B454C57AB14BD2	云飞丝路天	20210901
005801FF0001061005B454C57AB14E89	小猪佩奇第四季	20210901
005801FF0001061005B454C57AB15192	小伶玩具2018	20210901
005801FF0001061005B454C57AB1526F	招摇	20210901
005801FF0001061005B454C57AB15516	小马宝莉第二季	20210901
005801FF0001061005B454C57AB158DB	纸鱼解说大全 第一季	20210901
005801FF0001061005B454C57AB15BB2	浪花淘尽	20210901
005801FF0001061005B454C57AB15C7C	本戏-烙碗记-毛崇海	20210901
005801FF0001061005B454C57AB15C93	奔跑吧黄河篇	20210901
005801FF0001061005B454C57AB15E51	隋唐英雄3	20210901
005801FF0001061005B454C57AB15F2C	戴拿奥特曼	20210901
005801FF0001061005B454C57AB15F4F	哆啦A梦第四季	20210901
005801FF0001061005B454C57AB16087	甜蜜暴击	20210901
005801FF0001061005B454C57AB160C5	凤囚凰	20210901
005801FF0001061005B454C57AB161CC	小伶玩具2017	20210901
005801FF0001061005B454C57AB16369	功夫鸡	20210901
005801FF0001061005B454C57AB1643C	远方的山楂树	20210901
005801FF0001061005B454C57AB16447	小伶玩具2018	20210901
005801FF0001061005B454C57AB16580	凤囚凰	20210901
005801FF0001061005B454C57AB16605	聪明的顺溜之雄鹰小子1	20210901
