htv_demand_prefer.deviceid	htv_demand_prefer.demand_prefer_lv1	htv_demand_prefer.demand_prefer_lv2	htv_demand_prefer.demand_prefer_lv3	htv_demand_prefer.demand_prefer_lv4	htv_demand_prefer.demand_prefer_lv5	htv_demand_prefer.demand_prefer_lv6	htv_demand_prefer.demand_prefer_lv7	htv_demand_prefer.date_time
005801FF0001005006D400692D3D9D36	0	0	0	0	0	1	0	20210901
005801FF0001005006D400692D3D9F0E	0	0	0	0	0	0	1	20210901
005801FF0001005006D400692D3D9F6F	0	0	0	0	0	0	0	20210901
005801FF0001005006D400692D3DACDC	0	0	0	0	0	0	0	20210901
005801FF0001005006D400692D3DADB7	0	0	0	0	0	0	0	20210901
005801FF0001005006D400692D3DAF0C	0	0	0	0	0	0	0	20210901
005801FF0001005006D400692D3DB2F8	0	0	0	0	0	1	0	20210901
005801FF0001005006D400692D3DBCE2	0	0	0	0	0	0	0	20210901
005801FF0001005006D400692D3DBEC9	0	0	0	0	0	0	0	20210901
005801FF0001005006D400692D3DBF2E	0	0	0	0	0	0	0	20210901
005801FF0001005006D400692D3DBFB2	0	0	0	0	1	0	0	20210901
005801FF0001005006D400692D3DC17D	0	0	0	0	0	0	0	20210901
005801FF00010050F6E52C43BE5CA3F5	0	0	0	0	0	0	0	20210901
005801FF00010050F6E52C43BE5CA50E	0	0	0	0	0	0	0	20210901
005801FF00010050F6E52C43BE5CA6F0	0	0	0	0	0	0	0	20210901
005801FF00010050F6E52C43BE5CA7AE	0	0	0	0	0	0	0	20210901
005801FF00010050F6E52C43BE5CAC20	0	0	0	0	0	0	0	20210901
005801FF00010050F6E52C43BE5CB605	0	0	0	0	0	0	0	20210901
005801FF00010050F6E52C43BE5CB78F	0	0	0	0	0	0	0	20210901
005801FF00010050F6E52C43BE5CB9B5	0	0	0	0	0	0	0	20210901
005801FF00010050F6E52C43BE5CBF8D	0	0	0	0	0	0	0	20210901
005801FF00010050F6E52C43BE5CC1E3	0	0	0	0	0	0	0	20210901
005801FF00010050F6E52C43BE5CCBBB	0	0	0	0	0	0	0	20210901
005801FF0001007001B960D21C443BDC	0	0	0	0	0	0	0	20210901
005801FF0001007005B860D21C30474D	0	0	0	0	0	0	0	20210901
005801FF0001007005B860D21C305BD2	0	0	0	0	0	0	0	20210901
005801FF0001007005B860D21C3087F0	0	0	0	0	0	0	0	20210901
005801FF0001007005B860D21C3E9C7C	0	0	0	0	0	0	0	20210901
005801FF0001007005B860D21C3EB5E7	0	0	0	0	0	0	0	20210901
005801FF0001007005BA60D21C5CB151	0	0	0	0	0	0	0	20210901
005801FF0001007005BA60D21C5CD48B	0	0	0	0	0	0	0	20210901
005801FF0001007005BA60D21C5CD9D9	0	0	0	0	0	0	0	20210901
005801FF0001007005BA60D21C626E68	0	0	0	0	0	0	0	20210901
005801FF0001007005BA60D21C626ED9	0	0	0	0	0	0	0	20210901
005801FF0001007005BA60D21C627A73	0	0	0	0	0	0	0	20210901
005801FF0001007005BA60D21C628E39	0	0	0	0	0	0	0	20210901
005801FF0001007005BA60D21C629AFD	0	0	0	0	0	0	0	20210901
005801FF0001007005BA60D21C62A8FA	0	0	0	0	0	0	0	20210901
005801FF0001007005BB60D21C697EC1	0	0	0	0	0	0	0	20210901
005801FF0001007005BB60D21C6980B6	0	0	0	0	0	0	0	20210901
005801FF0001007005C360D21CA7DDAB	0	0	0	0	0	0	0	20210901
005801FF0001007005C360D21CA83F91	0	0	0	0	0	0	0	20210901
005801FF0001007005C360D21CA85865	0	0	0	0	0	0	0	20210901
005801FF0001007005C360D21CA87B20	0	0	0	0	0	1	1	20210901
005801FF0001007005C360D21CA87DB8	0	0	0	0	0	0	0	20210901
005801FF0001007005C360D21CA883FA	0	0	0	0	0	1	0	20210901
005801FF0001007005C360D21CA89A2F	0	0	0	0	1	0	0	20210901
005801FF0001007005C360D21CA8AA2F	0	0	0	0	0	0	0	20210901
005801FF0001007005C360D21CA8C5F1	0	0	0	0	0	0	0	20210901
005801FF0001007006B960D21C49F573	0	0	0	0	0	0	0	20210901
005801FF0001007006B960D21C49F62D	0	0	0	0	0	0	0	20210901
005801FF0001007006B960D21C4A1735	0	0	0	0	0	0	0	20210901
005801FF0001007006B960D21C4A38BD	0	0	0	0	0	0	0	20210901
005801FF0001007006BA60D21C6126AE	0	0	0	0	0	1	1	20210901
005801FF0001007006BA60D21C613BF0	0	0	0	0	0	0	0	20210901
005801FF0001007006BA60D21C650442	0	0	0	0	0	0	0	20210901
005801FF0001007006C360D21CAA74AC	0	0	0	0	0	0	0	20210901
005801FF0001061005B454C57AB1907C	0	0	0	0	0	0	0	20210901
005801FF0001061005B454C57AB2359D	0	0	0	0	0	0	0	20210901
005801FF0001061005B454C57AB2A0F0	0	0	0	0	0	0	0	20210901
005801FF0001061005B454C57AB2B712	0	0	0	0	0	0	0	20210901
005801FF0001090001C360D21CACAEEB	0	0	0	0	0	0	0	20210901
005801FF0001090001C360D21CACB4F4	0	0	0	0	0	0	0	20210901
005801FF0001090001C360D21CACC5CE	0	0	0	0	0	0	0	20210901
005801FF0001090001C360D21CACDF78	0	0	0	0	0	0	0	20210901
005801FF0001090001C360D21CACE3F0	0	0	0	0	0	0	0	20210901
005801FF0001090001C360D21CACFCF4	0	0	0	0	0	0	0	20210901
005801FF0001090003C360D21CAD60D1	0	0	0	0	0	0	0	20210901
005801FF0001090005C360D21CAD86AC	0	0	0	0	0	0	0	20210901
005801FF0001090005C360D21CADBEE8	0	0	0	0	0	1	0	20210901
005801FF0001090005C360D21CADC262	0	0	0	0	0	0	0	20210901
005801FF0001090005C360D21CADE681	0	0	0	0	0	0	0	20210901
005801FF0001101001EC08A5C8165DC7	0	0	0	0	0	0	0	20210901
005801FF0001101001EC08A5C8167A48	0	0	0	0	0	0	0	20210901
005801FF0001181001A208A5C8EA04B9	0	0	0	0	1	1	1	20210901
005801FF0001181001A208A5C8EA0B6B	0	0	0	0	0	0	0	20210901
005801FF0001181001A308A5C8F4BC51	0	0	0	0	0	0	0	20210901
005801FF0001181001A460313B38E028	0	0	0	0	0	0	0	20210901
005801FF0001181001A460313B3A21BE	0	0	0	0	0	0	0	20210901
005801FF0001181001A460313B3A429C	0	0	0	0	0	0	0	20210901
005801FF0001181001A460313B3AC392	0	0	0	0	0	0	0	20210901
005801FF0001181001A460313B3B7742	0	0	0	0	0	1	1	20210901
005801FF0001181001A960313BBB5965	0	0	0	0	0	0	0	20210901
005801FF0001181001AC54C57A1FFF63	0	0	0	0	0	0	0	20210901
005801FF0001181001AC54C57A2004E5	0	0	0	0	0	0	0	20210901
005801FF0001181001AC54C57A20344F	0	0	0	0	0	0	0	20210901
005801FF0001181001AC54C57A203487	0	0	0	0	1	1	1	20210901
005801FF0001181001AC54C57A20375B	0	0	0	0	0	0	0	20210901
005801FF0001181001AC54C57A2058B1	0	0	0	0	0	0	0	20210901
005801FF0001181001AC54C57A2064BD	0	0	0	0	0	0	0	20210901
005801FF0001181001AC54C57A207E11	0	0	0	0	0	0	0	20210901
005801FF0001181001AC54C57A212165	0	0	0	0	0	0	0	20210901
005801FF0001181001FB08A5C8B2A0D4	0	0	0	0	0	0	0	20210901
005801FF0001181001FB08A5C8B2A204	0	0	0	0	0	1	0	20210901
005801FF0001181001FB08A5C8B2A338	0	0	0	0	0	0	0	20210901
005801FF0001181001FB08A5C8B2A4EA	0	0	0	0	0	0	0	20210901
005801FF0001181003A460313B32F689	0	0	0	0	0	0	0	20210901
005801FF0001181003A460313B32FEEB	0	0	0	0	0	0	0	20210901
005801FF0001181003A460313B332B5F	0	0	0	0	1	1	1	20210901
005801FF0001181003A460313B33D4D3	0	0	0	0	0	0	0	20210901
005801FF0001181003A460313B343D97	0	0	0	0	0	0	0	20210901
005801FF0001181003A460313B348131	0	0	0	0	0	0	0	20210901
005801FF0001181003A460313B348415	0	0	0	0	0	1	1	20210901
005801FF0001181003A460313B348AF9	0	0	0	0	0	0	0	20210901
005801FF0001181003A460313B3491E7	0	0	0	0	0	0	0	20210901
005801FF0001181003A460313B34929B	0	0	0	0	0	0	0	20210901
005801FF0001181003A460313B34AAAB	0	0	0	0	0	0	0	20210901
005801FF0001181003A460313B34F9A9	0	0	0	0	0	0	0	20210901
005801FF0001181003A460313B351449	0	0	0	0	0	0	0	20210901
005801FF0001181003A460313B351491	0	0	0	0	0	0	0	20210901
005801FF0001181003A460313B35ED51	0	0	0	0	1	1	0	20210901
005801FF0001181003A460313B35F107	0	0	0	0	0	0	0	20210901
005801FF003182A003EB08A5C810A2D7	0	0	0	0	0	0	0	20210901
005801FF003182A003EB08A5C810BCDD	0	0	0	0	0	0	0	20210901
005801FF003182B001F408A5C82BDE89	0	0	0	0	0	0	0	20210901
005801FF003182B001F408A5C82CA403	0	0	0	0	0	0	0	20210901
00580300000393000002748F1B8EAC41	0	0	0	0	0	0	0	20210901
00580300000395500001748F1B88318B	0	0	0	0	0	0	0	20210901
00580300001968000319D45800C53BB1	0	0	0	0	0	0	0	20210901
00580300001968001218A419086C33AE	0	0	0	0	0	0	0	20210901
00580300001968001218A419089AB4E2	0	0	0	0	0	0	0	20210901
00580300001968001218A419089B468F	0	0	1	1	1	1	0	20210901
00580300001968001218A419089BABBD	0	0	0	0	0	0	0	20210901
00580300001968001218A419089C3815	0	0	0	0	0	0	0	20210901
00580300001968001218A419089C4BBF	0	0	0	0	0	0	0	20210901
005803FF00010040190158B42DCC3970	0	0	0	0	0	0	0	20210901
005803FF00010040190158B42DCC6554	0	0	0	0	0	0	0	20210901
005803FF00010040190158B42DCC73F0	0	0	0	0	0	0	0	20210901
005803FF00010040190158B42DCD21F2	0	0	0	0	0	0	0	20210901
005803FF00010040190158B42DCD2F9E	0	0	0	0	0	0	0	20210901
005803FF00010040190158B42DCD38F8	0	0	0	0	0	0	0	20210901
005803FF0003230000043C0CDBA5FE07	0	0	0	0	0	0	0	20210901
005803FF0003230000063C0CDBB6159C	0	0	0	0	0	0	0	20210901
005803FF0003230000073C0CDBB78909	0	0	0	0	0	0	0	20210901
005803FF000323000013F09CD7484B62	0	0	0	0	0	0	0	20210901
005803FF000323000013F09CD748501A	0	0	0	0	0	0	0	20210901
005803FF000323000013F09CD748507F	0	0	0	0	0	0	0	20210901
005803FF000323000013F09CD7485DBE	0	0	0	0	0	0	0	20210901
005803FF000323100003A8BD3A92E110	0	0	0	0	0	0	0	20210901
005803FF000323100003A8BD3A930BE4	0	0	0	0	0	0	0	20210901
005803FF000323100006A8BD3A9FC45A	0	0	0	0	0	0	0	20210901
005803FF000323100007A8BD3AF69AEE	0	0	0	0	0	0	0	20210901
005803FF0003231000113C0CDB4EC3C4	0	0	0	0	0	0	0	20210901
005803FF0003231000133C0CDB5788F7	0	0	0	0	0	0	0	20210901
005803FF0003231000153C0CDB6145FF	0	0	0	0	0	0	0	20210901
005803FF0003231000153C0CDB616386	0	0	0	0	0	0	0	20210901
005803FF0003231000153C0CDB616389	0	0	0	0	0	0	0	20210901
005803FF0003231000153C0CDB616C95	0	0	0	0	0	0	0	20210901
005803FF0003231000163C0CDB6F187D	0	0	0	0	0	0	0	20210901
005803FF0003231000183C0CDB80D040	0	0	0	0	0	0	0	20210901
005803FF0003231000183C0CDB80D0AA	0	0	0	0	0	0	0	20210901
005803FF0003231000183C0CDB80DA87	0	0	0	0	0	0	0	20210901
005803FF0003231000183C0CDB80E4E2	0	0	0	0	0	0	0	20210901
005803FF0003231000193C0CDB8D4CF8	0	0	0	0	0	1	0	20210901
005803FF0003231000203C0CDBA7B725	0	0	0	0	0	0	0	20210901
005803FF0003231000213C0CDBAC10BA	0	0	0	0	0	0	0	20210901
005803FF0003231000213C0CDBAC3262	0	0	0	0	0	0	0	20210901
005803FF0003231000213C0CDBAC3EBC	0	0	0	0	0	0	0	20210901
005803FF0003231000243C0CDBB5EFF4	0	0	0	0	0	0	0	20210901
005803FF0003231000243C0CDBB5FDA0	0	0	0	0	0	0	0	20210901
005803FF00036020000188795B4A7A38	0	0	0	0	0	0	0	20210901
005803FF0003922000018CBA25B52032	0	0	0	0	0	0	0	20210901
005803FF0015893000008421F148AD7E	0	0	0	0	0	0	0	20210901
005803FF0015893000008421F191E6AC	0	0	0	0	0	0	0	20210901
005803FF00158930163650016B3DAE4A	0	0	0	0	0	0	0	20210901
005803FF00158930163650016B3DB80E	0	0	0	0	0	0	0	20210901
005803FF00158930163650016B3DC1D2	0	0	0	0	0	1	0	20210901
005803FF00158930163650016B3DCDF0	0	0	0	0	0	0	0	20210901
005803FF0015893017038421F122181E	0	0	0	0	0	0	0	20210901
005803FF0015893017038421F1222268	0	0	0	0	0	0	0	20210901
005803FF0015893017098421F1610964	0	0	0	0	0	0	0	20210901
005803FF0015893017098421F16117DC	0	0	0	0	0	0	0	20210901
005803FF00159100000018CF2466A173	0	0	0	0	0	0	0	20210901
005803FF00159100000018CF2466A320	0	0	0	0	0	0	0	20210901
005803FF00159100000018CF2466A830	0	0	0	0	0	0	0	20210901
005803FF00159100000018CF2466AA43	0	0	0	0	0	0	0	20210901
005803FF0015910000007CC385DB3486	0	0	0	0	1	1	0	20210901
005803FF0015910000007CC385DB3834	0	0	0	0	0	0	0	20210901
005803FF0015910000007CC385DBE8BC	0	0	0	0	0	0	0	20210901
005803FF001591000000CCBBFE34D91D	0	0	0	0	0	0	0	20210901
005803FF001591001848CCBBFE2C9C90	0	0	0	0	0	0	0	20210901
005803FF00159100193244004D645ECD	0	0	0	0	0	0	0	20210901
005803FF00159100193244004D648C24	0	0	0	0	0	0	0	20210901
005803FF0015910019381C20DBF37F59	0	0	0	0	0	0	0	20210901
005803FF0015910019381C20DBF3814E	0	0	0	0	0	0	0	20210901
005803FF001824600003A8BD3A5D5AD0	0	0	0	0	0	0	0	20210901
005803FF001824600003A8BD3A5D6674	0	0	0	0	0	0	0	20210901
005803FF001824600004A8BD3A705C02	0	0	0	0	1	1	0	20210901
005803FF001824600004A8BD3A7060AD	0	0	0	0	0	0	0	20210901
005803FF001824600005A8BD3A72A67F	0	0	0	0	0	0	0	20210901
005803FF001824600006A8BD3A755DD8	0	0	0	0	0	0	0	20210901
005803FF001824600006A8BD3A755F10	0	0	0	0	0	1	1	20210901
005803FF001824600006A8BD3A75608F	0	0	0	0	0	1	0	20210901
005803FF001824600006A8BD3A7561D8	0	0	0	0	0	0	0	20210901
005803FF001824600007A8BD3A7671D0	0	0	0	0	0	0	0	20210901
005803FF001824600007A8BD3A7675AA	0	0	0	0	0	0	0	20210901
005803FF001824600007A8BD3A7676E9	0	0	0	0	0	0	0	20210901
005803FF001824600007A8BD3A7680B1	0	0	0	0	0	1	1	20210901
005803FF001824600007A8BD3A7680FC	0	0	0	0	0	0	0	20210901
005803FF001824600007A8BD3A768617	0	0	0	0	0	0	0	20210901
005803FF001824600007A8BD3A768746	0	0	0	0	0	0	0	20210901
005803FF0018246000123C0CDB438D02	0	0	0	0	0	0	0	20210901
005803FF0018246000123C0CDB43A292	0	0	0	0	0	0	0	20210901
005803FF001827800001748F1B177456	0	0	0	0	0	0	0	20210901
005803FF001827800001748F1B177493	0	0	0	0	0	0	0	20210901
005803FF001827800001748F1B17BB38	0	0	0	0	0	0	0	20210901
005803FF001827800001748F1B17C0CA	0	0	0	0	0	0	0	20210901
005803FF001827800001748F1B17C618	0	0	0	0	0	0	0	20210901
005803FF001827800001748F1B17C72A	0	0	0	0	1	1	1	20210901
005803FF001827800001748F1B17CBB5	0	0	0	0	0	0	0	20210901
005803FF001827800001748F1B17CEA4	0	0	0	0	0	0	0	20210901
005803FF001827800002748F1B1A243E	0	0	0	0	0	0	0	20210901
005803FF001827800002748F1B1A274D	0	0	0	0	1	1	1	20210901
005803FF001827800002748F1B1A2915	0	0	0	0	0	0	0	20210901
005803FF001827800002748F1B1A411A	0	0	0	0	0	0	0	20210901
005803FF001827800003748F1B1BDE26	0	0	0	0	0	0	0	20210901
005803FF001827800003748F1B1BE115	0	0	0	0	0	1	0	20210901
005803FF001827800003748F1B1BE785	0	0	0	0	0	0	0	20210901
005803FF001827800003748F1B1BE7DF	0	0	0	0	0	0	0	20210901
005803FF001827800003748F1B1BEF5E	0	0	0	0	0	0	0	20210901
005803FF00182790000164E0AB108D1E	0	0	0	0	0	0	0	20210901
005803FF00182790000164E0AB108D85	0	0	0	0	0	0	0	20210901
005803FF00182790000164E0AB10977B	0	0	0	0	0	0	0	20210901
005803FF00182850000164E0AB7A1F06	0	0	0	0	0	0	0	20210901
005803FF00182850000164E0AB7A1FB7	0	0	0	0	0	0	0	20210901
005803FF00182850000164E0AB7A2163	0	0	0	0	1	1	0	20210901
005803FF00182850000164E0AB7A2201	0	0	0	0	0	1	0	20210901
005803FF00182850000164E0AB7A43A1	0	0	0	0	0	0	0	20210901
005803FF00182850000164E0AB7A4DF0	0	0	0	0	0	0	0	20210901
005803FF00182850000164E0AB7A4E10	0	0	0	0	1	0	0	20210901
005803FF00182850000164E0AB7A4F68	0	0	0	0	1	0	0	20210901
005803FF00182850000164E0AB7A5177	0	0	0	0	0	0	1	20210901
005803FF00182850000164E0AB7A57C5	0	0	0	0	0	0	0	20210901
005803FF00182850000264E0AB8B45D4	0	0	0	0	0	0	0	20210901
005803FF00182850000264E0AB8B4B21	0	0	0	0	0	0	0	20210901
005803FF00182850000264E0AB8B4ED8	0	0	0	0	0	0	0	20210901
005803FF00182850000264E0AB8B5570	0	0	0	0	0	0	0	20210901
005803FF00182850000264E0AB8B5A19	0	0	0	0	0	0	0	20210901
005803FF00182850000264E0AB8B5AE2	0	0	0	0	0	0	0	20210901
005803FF00182850000264E0AB8B5AE6	0	0	0	0	0	0	0	20210901
005803FF00182850000264E0AB8B5FAA	0	0	0	0	0	0	0	20210901
005803FF00182850000264E0AB8B68CB	0	0	0	0	0	1	0	20210901
005803FF00182850000264E0AB8B6A1E	0	0	0	0	0	1	1	20210901
005803FF00182850000264E0AB8B6D8B	0	0	0	0	0	0	0	20210901
005803FF00182850000264E0AB8B6DF4	0	0	0	0	0	0	0	20210901
005803FF00182850000264E0AB8B6EE1	0	0	0	0	0	0	0	20210901
005803FF00182850000264E0AB8B739B	0	0	0	0	0	0	0	20210901
005803FF00182850000264E0AB8B7413	0	0	0	0	0	1	0	20210901
005803FF00182850000264E0AB8B77C5	0	0	0	0	0	0	0	20210901
005803FF00182850000264E0AB8B7833	0	0	0	0	0	0	0	20210901
005803FF00182850000264E0AB8B78F8	0	0	0	0	0	0	0	20210901
005803FF00182850000264E0AB8B79D4	0	0	0	0	0	0	0	20210901
005803FF00182850000264E0AB8B79ED	0	0	0	0	0	0	0	20210901
005803FF00182850000264E0AB8B86FB	0	0	0	0	0	1	1	20210901
005803FF00182850000264E0AB8B872F	0	0	0	1	1	0	0	20210901
005803FF00182850000364E0AB8DAAEF	0	0	0	0	0	0	0	20210901
005803FF00182850000364E0AB8DAC18	0	0	0	0	0	0	0	20210901
005803FF00182850000364E0AB8DB14F	0	0	0	0	1	0	0	20210901
005803FF00182850000364E0AB8DCA58	0	0	0	0	0	0	1	20210901
005803FF00182850000364E0AB8DD03A	0	0	0	0	0	0	0	20210901
005803FF00182850000364E0AB8DD88B	0	0	0	0	0	1	0	20210901
005803FF00182850000364E0AB8DDD11	0	0	0	0	0	0	0	20210901
005803FF00182850000464E0AB94B4BE	0	0	0	0	0	0	0	20210901
005803FF00182850000464E0AB94B4D5	0	0	0	0	1	1	0	20210901
005803FF00182850000464E0AB94CC62	0	0	0	0	0	0	0	20210901
005803FF00182850000464E0AB94CEB3	0	0	0	0	0	0	0	20210901
005803FF00182850000464E0AB94E571	0	0	0	0	0	1	0	20210901
005803FF00182850000464E0AB94E58B	0	0	0	0	0	0	0	20210901
005803FF00182920000164E0ABC38EF5	0	0	0	0	0	0	1	20210901
005803FF00182920000164E0ABC39E42	0	0	0	0	0	0	0	20210901
005803FF00182920000164E0ABC39FE0	0	0	0	0	0	0	0	20210901
005803FF00182920000164E0ABC39FE1	0	0	0	0	0	0	0	20210901
005803FF00182920000164E0ABC3A081	0	0	0	0	0	1	0	20210901
005803FF00182920000164E0ABC3A082	0	0	0	0	0	0	0	20210901
005803FF00182920000164E0ABC3AB8D	0	0	0	0	0	0	0	20210901
005803FF00182920000164E0ABC3AEC9	0	0	0	0	0	1	0	20210901
005803FF00182920000164E0ABC3C129	0	0	0	0	0	0	0	20210901
005803FF00182920000164E0ABC3C5DC	0	0	0	0	1	0	0	20210901
005803FF00182920000164E0ABC3C655	0	0	0	0	0	0	0	20210901
005803FF00182920000164E0ABC3C7F1	0	0	0	0	0	0	0	20210901
005803FF00182920000164E0ABC3C7FD	0	0	0	0	0	0	0	20210901
005803FF00182920000264E0ABCF5EEF	0	0	0	0	1	1	0	20210901
005803FF00182920000264E0ABCF5F64	0	0	0	0	0	0	0	20210901
005803FF00182920000264E0ABCF5FE4	0	0	0	0	0	0	0	20210901
005803FF00182920000264E0ABCF63A7	0	0	0	0	0	0	0	20210901
005803FF00182920000264E0ABCF66B9	0	0	0	0	0	0	0	20210901
005803FF00182920000264E0ABCF66F5	0	0	0	0	0	0	0	20210901
005803FF00182920000264E0ABCF68B6	0	0	0	0	0	0	0	20210901
005803FF00182920000264E0ABCF6E6C	0	0	0	0	0	0	0	20210901
005803FF00182920000264E0ABCF7550	0	0	0	0	0	0	0	20210901
005803FF00182920000264E0ABCF80D2	0	0	0	0	0	0	0	20210901
005803FF00182920000264E0ABCF80FC	0	0	0	0	0	0	0	20210901
005803FF00182920000264E0ABCF9B05	0	0	0	0	0	0	0	20210901
005803FF00189750000164E0AB44C78C	0	0	0	0	0	0	0	20210901
005803FF00189750000164E0AB44C78F	0	0	0	0	0	0	0	20210901
005803FF00189750000264E0AB4713FD	0	0	0	0	0	0	0	20210901
005803FF00189750000264E0AB471B9C	0	0	0	0	1	1	1	20210901
005803FF00189750000264E0AB472352	0	0	0	0	0	0	0	20210901
005803FF00189750000364E0AB483F51	0	0	0	0	0	0	0	20210901
005803FF00189750000464E0AB6DF354	0	0	0	0	0	0	0	20210901
005803FF00189750000464E0AB6E09C0	0	0	0	0	0	0	0	20210901
005803FF001897900002F4D9C6FD4D36	0	0	0	0	0	0	0	20210901
005803FF00189790000364E0AB02C1AA	0	0	0	0	0	0	0	20210901
005803FF00189790000664E0AB1EF6F6	0	0	0	0	0	0	0	20210901
005803FF00189850000164E0AB8C5C97	0	0	0	0	0	1	0	20210901
005803FF00189850000164E0AB8C5FD9	0	0	0	0	0	0	0	20210901
005803FF00189850000164E0AB8C601D	0	0	0	0	1	0	0	20210901
005803FF00189850000164E0AB8C624C	0	0	0	0	0	0	0	20210901
005803FF00189850000164E0AB8C65F8	0	0	0	0	0	0	0	20210901
005803FF00189850000164E0AB8C6734	0	0	0	0	1	1	0	20210901
005803FF00189850000164E0AB8C6895	0	0	0	0	0	0	1	20210901
005803FF00189850000164E0AB8C71E5	0	0	0	0	0	0	0	20210901
005803FF00189920000164E0ABD4F948	0	0	0	0	0	0	0	20210901
005803FF00189920000164E0ABD4FB6F	0	0	0	0	0	0	0	20210901
005803FF00189920000164E0ABD4FB83	0	0	0	0	0	0	0	20210901
005803FF00189920000164E0ABD4FBF7	0	0	0	0	0	0	0	20210901
005803FF00189920000164E0ABD4FCB8	0	0	0	0	0	0	0	20210901
005803FF00189920000164E0ABD4FCC6	0	0	0	0	1	0	0	20210901
005803FF00189920000164E0ABD50638	0	0	0	0	0	0	0	20210901
005803FF00189920000164E0ABD52945	0	0	0	0	0	0	0	20210901
005803FF00189920000264E0ABD92DE4	0	0	0	0	1	0	0	20210901
005803FF00189920000264E0ABD940B2	0	0	0	0	0	0	0	20210901
005803FF00189920000364E0ABDE022B	0	0	0	0	0	0	0	20210901
005803FF00189920000364E0ABDE0331	0	0	0	0	1	0	0	20210901
005803FF00189920000364E0ABDE03A5	0	0	0	0	0	1	0	20210901
005803FF00189920000364E0ABDE054F	0	0	0	0	0	0	0	20210901
005803FF00189920000364E0ABDE083A	0	0	0	1	0	1	1	20210901
005803FF00189920000364E0ABDE0E2E	0	0	0	0	0	0	0	20210901
005803FF00189920000364E0ABDE0E3C	0	0	0	0	0	0	1	20210901
005803FF00189920000364E0ABDE0F99	0	0	0	0	0	0	0	20210901
005803FF00189920000364E0ABDE1181	0	0	0	0	1	0	0	20210901
005803FF00189920000364E0ABDE11EB	0	0	0	0	0	0	0	20210901
005803FF00189920000364E0ABDE12C2	0	0	0	0	0	0	0	20210901
005803FF00189920000364E0ABDE132D	0	0	0	1	0	0	0	20210901
005803FF00189920000364E0ABDE133A	0	0	0	0	0	0	0	20210901
005803FF00189920000364E0ABDE14E7	0	0	0	0	0	0	0	20210901
005803FF002890600000AC4AFED4A6C3	0	0	0	0	0	0	0	20210901
005803FF002890600000AC4AFED4A9E6	0	0	0	0	0	0	0	20210901
005804FF0002972000018C8F8BFDB0D1	0	0	0	0	0	0	0	20210901
035803FF004735900000E8ACAD965D0C	0	0	0	0	0	0	0	20210901
065803FF004735900000DCDFD69CAE8F	0	0	0	0	0	0	1	20210901
0A5803FF004735900000E8ACADF83D1F	0	0	0	0	0	0	0	20210901
1B5803FF004735900000E8ACADE33013	0	0	0	0	0	0	0	20210901
245803FF004735900000E8ACAD9584AC	0	0	0	0	0	1	0	20210901
275803FF004735900000E8ACADD66609	0	0	0	0	0	0	0	20210901
2B5803FF004735100000049573D91B8E	0	0	0	0	0	0	0	20210901
475803FF004735900000E8ACADF7DE78	0	0	0	0	0	0	0	20210901
505803FF004735900000D4C1C8A2CB74	0	0	0	0	0	0	0	20210901
605803FF004735900000E8ACADD64C74	0	0	0	0	1	1	0	20210901
635803FF004735900000E8ACADD6CA0B	0	0	0	0	0	0	0	20210901
665803FF004735900000D4C1C8AC0352	0	0	0	0	0	0	0	20210901
6A5803FF004735100000049573BA7A08	0	0	0	0	0	0	0	20210901
715803FF004735900000E8ACADE3074E	0	0	0	0	0	0	0	20210901
8D5803FF004735900000E8ACAD931227	0	0	0	0	0	0	0	20210901
8E5803FF004735900000E8ACADF849A6	0	0	0	0	0	0	0	20210901
905803FF004735900000E8ACAD93CAF5	0	0	0	0	0	0	0	20210901
955803FF004735900000585FF6875DA2	0	0	0	0	0	0	0	20210901
955803FF0047359000009C2F4E2787C6	0	0	0	0	1	0	0	20210901
A65803FF004735900000D4C1C8A30528	0	0	0	0	0	0	0	20210901
B75803FF004735900000585FF687928E	0	0	0	0	0	0	0	20210901
BE5803FF004735900000E8ACAD9509B2	0	0	0	0	0	0	0	20210901
E85803FF004735900000E8ACADD60C9C	0	0	0	0	0	0	0	20210901
E85803FF004735900000E8ACADE3232C	0	0	0	0	0	0	0	20210901
EB5803FF004735900000E8ACAD92A5E5	0	0	0	0	0	0	0	20210901
EB5803FF004735900000E8ACAD92A873	0	0	0	0	0	0	0	20210901
F65803FF004735900000D4C1C8BD0CE8	0	0	0	0	0	0	0	20210901
FF5803FF004735900000E8ACADD6BC82	0	0	0	0	0	0	0	20210901
005801FF0001005006D400692D3D9EE0	0	0	0	0	0	0	0	20210901
005801FF0001005006D400692D3DA241	0	0	0	0	1	1	0	20210901
005801FF0001005006D400692D3DA289	0	0	0	0	1	0	0	20210901
005801FF0001005006D400692D3DAA74	0	0	0	0	0	0	0	20210901
005801FF0001005006D400692D3DAD14	0	0	0	0	0	1	0	20210901
005801FF0001005006D400692D3DB488	0	0	0	0	0	0	0	20210901
005801FF0001005006D400692D3DBD7A	0	0	0	0	0	0	0	20210901
005801FF0001005006D400692D3DBDDA	0	0	0	0	0	1	0	20210901
005801FF00010050F6E52C43BE5CA395	0	0	0	0	0	0	0	20210901
005801FF00010050F6E52C43BE5CA651	0	0	0	0	0	0	0	20210901
005801FF00010050F6E52C43BE5CA683	0	0	0	0	0	0	0	20210901
005801FF00010050F6E52C43BE5CA992	0	0	0	0	0	0	0	20210901
005801FF00010050F6E52C43BE5CAC5F	0	0	0	0	0	0	0	20210901
005801FF00010050F6E52C43BE5CAD29	0	0	0	0	0	0	0	20210901
005801FF00010050F6E52C43BE5CB3D5	0	0	0	1	0	0	0	20210901
005801FF00010050F6E52C43BE5CB49D	0	0	0	0	0	1	0	20210901
005801FF00010050F6E52C43BE5CBA90	0	0	0	0	0	0	0	20210901
005801FF00010050F6E52C43BE5CBBB1	0	0	0	0	0	0	0	20210901
005801FF00010050F6E52C43BE5CBF31	0	0	0	0	0	1	0	20210901
005801FF00010050F6E52C43BE5CC82B	0	0	0	0	0	0	0	20210901
005801FF00010050F6E52C43BE5CCA6B	0	0	0	0	0	0	1	20210901
005801FF00010050F6E52C43BE5CCAB2	0	0	0	0	0	0	0	20210901
005801FF00010050F6E52C43BE5CD147	0	0	0	0	0	0	0	20210901
005801FF0001007003B860D21C3E38F3	0	0	0	0	0	0	0	20210901
005801FF0001007005B860D21C308D74	0	0	0	0	0	0	0	20210901
005801FF0001007005B860D21C308D7B	0	0	0	0	0	1	0	20210901
005801FF0001007005BA60D21C5CCBC5	0	0	0	0	0	0	0	20210901
005801FF0001007005BA60D21C626CEE	0	0	0	0	0	0	0	20210901
005801FF0001007005BA60D21C626E52	0	0	0	0	0	0	0	20210901
005801FF0001007005BA60D21C627960	0	0	0	0	0	0	0	20210901
005801FF0001007005BA60D21C628B89	0	0	0	0	0	0	0	20210901
005801FF0001007005BA60D21C628E46	0	0	0	0	0	0	0	20210901
005801FF0001007005BA60D21C628FB7	0	0	0	0	0	0	0	20210901
005801FF0001007005BA60D21C62905E	0	0	0	0	0	0	0	20210901
005801FF0001007005C360D21CA87BD4	0	0	0	0	0	0	0	20210901
005801FF0001007005C360D21CA8B26A	0	0	0	0	0	0	1	20210901
005801FF0001007005C360D21CA8B852	0	0	0	0	0	0	0	20210901
005801FF0001007006B860D21C3DCFC7	0	0	0	0	0	0	0	20210901
005801FF0001007006B960D21C49D91B	0	0	0	0	0	0	0	20210901
005801FF0001007006B960D21C4A0A31	0	0	0	0	0	0	0	20210901
005801FF0001007006B960D21C4A0FDB	0	0	0	0	0	0	0	20210901
005801FF0001007006B960D21C4A1700	0	0	0	0	0	1	1	20210901
005801FF0001007006B960D21C4A174C	0	0	0	0	0	0	0	20210901
005801FF0001007006B960D21C4A72A6	0	0	0	0	0	0	0	20210901
005801FF0001007006B960D21C4A77BE	0	0	0	0	0	0	0	20210901
005801FF0001007006BA60D21C5FA6E7	0	0	0	0	0	0	0	20210901
005801FF0001007006BA60D21C5FD964	0	0	0	0	0	0	0	20210901
005801FF0001007006BA60D21C612620	0	0	0	0	0	0	0	20210901
005801FF0001007006BA60D21C61374B	0	0	0	0	0	0	0	20210901
005801FF0001007006BA60D21C6139F1	0	0	0	0	0	0	0	20210901
005801FF0001007006BA60D21C614C85	0	0	0	0	0	0	0	20210901
005801FF0001007006BA60D21C615527	0	0	0	0	0	0	0	20210901
005801FF0001007006BA60D21C64FB46	0	0	0	0	0	0	0	20210901
005801FF0001007006BA60D21C65077D	0	0	0	0	0	0	0	20210901
005801FF0001007006C360D21CAA6578	0	0	0	0	0	0	0	20210901
005801FF0001061005B454C57AB1202F	0	0	0	0	0	0	0	20210901
005801FF0001061005B454C57AB1BB29	0	0	0	0	0	0	0	20210901
005801FF0001061005B454C57AB1CF51	0	0	0	0	0	0	0	20210901
005801FF0001061005B454C57AB1E143	0	0	0	0	0	0	0	20210901
005801FF0001061005B454C57AB2011C	0	0	0	0	0	1	0	20210901
005801FF0001061005B454C57AB23901	0	0	0	0	0	0	0	20210901
005801FF0001061005B454C57AB27D0B	0	0	0	0	0	0	0	20210901
005801FF0001061005B454C57AB2FDAD	0	0	0	0	0	0	0	20210901
005801FF0001061005B454C57AB3093B	0	0	0	0	0	0	0	20210901
005801FF0001090001C360D21CACA82C	0	0	0	0	0	1	1	20210901
005801FF0001090001C360D21CACA919	0	0	0	0	0	0	0	20210901
005801FF0001090001C360D21CACAEA6	0	0	0	0	0	0	0	20210901
005801FF0001090001C360D21CACAEBD	0	0	0	0	0	0	0	20210901
005801FF0001090001C360D21CACB072	0	0	0	0	0	0	0	20210901
005801FF0001090001C360D21CACC4BA	0	0	0	0	0	0	0	20210901
005801FF0001090001C360D21CACCA66	0	0	0	0	1	0	0	20210901
005801FF0001090001C360D21CACCBEA	0	0	0	0	0	0	0	20210901
005801FF0001090001C360D21CACCDF1	0	0	0	0	0	0	0	20210901
005801FF0001090001C360D21CACDB24	0	0	0	0	0	0	0	20210901
005801FF0001090001C360D21CACE63B	0	0	0	0	0	0	0	20210901
005801FF0001090001C360D21CACED92	0	0	0	0	0	0	0	20210901
005801FF0001090001C360D21CACF0AD	0	0	0	0	0	0	0	20210901
005801FF0001090001C360D21CACF989	0	0	0	0	0	0	0	20210901
005801FF0001090001C360D21CACFC2E	0	0	0	0	0	0	0	20210901
005801FF0001090001C360D21CAD03F5	0	0	0	0	0	0	0	20210901
005801FF0001090001C360D21CAD060A	0	0	0	0	0	0	0	20210901
005801FF0001090003C360D21CAD2D81	0	0	0	0	0	0	0	20210901
005801FF0001090005C360D21CAD85DE	0	0	0	0	0	0	0	20210901
005801FF0001090005C360D21CAD9527	0	0	0	0	0	0	0	20210901
005801FF0001090005C660D21CBD6842	0	0	0	0	0	0	0	20210901
005801FF0001101001EC08A5C8162C0C	0	0	0	0	0	0	0	20210901
005801FF0001101001EC08A5C81657A8	0	0	0	0	0	0	0	20210901
005801FF0001101001EC08A5C8165CD9	0	0	0	0	0	1	0	20210901
005801FF0001101001EC08A5C81697B1	0	0	0	0	0	1	1	20210901
005801FF0001101001EC08A5C81698CE	0	0	0	0	0	0	0	20210901
005801FF0001101001EC08A5C8169BB2	0	0	0	0	0	0	0	20210901
005801FF0001101001F408A5C831A139	0	0	0	0	0	0	0	20210901
005801FF0001181001A208A5C8EA1D13	0	0	0	0	0	0	0	20210901
005801FF0001181001A460313B3916E0	0	0	1	0	1	1	1	20210901
005801FF0001181001A460313B3A4784	0	0	0	0	0	0	0	20210901
005801FF0001181001A460313B3A8570	0	0	0	0	0	0	0	20210901
005801FF0001181001A460313B3ABADC	0	0	0	0	0	0	0	20210901
005801FF0001181001A460313B3B427E	0	0	0	0	0	0	0	20210901
005801FF0001181001A460313B3BA260	0	0	0	0	0	0	0	20210901
005801FF0001181001A960313BB98B09	0	0	0	0	0	0	0	20210901
005801FF0001181001A960313BB9DF1D	0	0	0	0	0	0	0	20210901
005801FF0001181001A960313BBA8485	0	0	0	0	0	0	0	20210901
005801FF0001181001A960313BBABCEF	0	0	0	0	0	0	0	20210901
005801FF0001181001A960313BBBB8ED	0	0	0	0	0	0	0	20210901
005801FF0001181001AC54C57A1FF1EB	0	0	0	0	0	0	0	20210901
005801FF0001181001AC54C57A200F27	0	0	0	0	1	0	0	20210901
005801FF0001181001AC54C57A201C33	0	0	0	0	0	0	0	20210901
005801FF0001181001AC54C57A2152AB	0	0	0	0	0	0	0	20210901
005801FF0001181001FB08A5C8B21B7A	0	1	0	0	0	0	0	20210901
005801FF0001181001FB08A5C8B2518C	0	0	0	0	0	0	0	20210901
005801FF0001181001FB08A5C8B2A0EA	0	0	0	0	0	0	0	20210901
005801FF0001181001FB08A5C8B2A54E	0	0	0	0	0	1	0	20210901
005801FF0001181001FB08A5C8B2A906	0	0	0	0	0	0	0	20210901
005801FF0001181003A460313B339855	0	0	0	0	0	1	0	20210901
005801FF0001181003A460313B342227	0	0	0	0	0	0	0	20210901
005801FF0001181003A460313B3466A7	0	0	0	0	0	0	0	20210901
005801FF0001181003A460313B348733	0	0	0	0	0	0	0	20210901
005801FF0001181003A460313B3492B1	0	0	0	0	0	0	0	20210901
005801FF0001181003A460313B34ACD3	0	0	0	0	0	0	0	20210901
005801FF0001181003A460313B34D9F3	0	0	0	0	0	0	0	20210901
005801FF0001181003A460313B350ABB	0	0	0	0	0	1	0	20210901
005801FF0001181003A460313B35230D	0	0	0	0	0	0	0	20210901
005801FF0001181003A460313B352A79	0	0	0	0	0	0	0	20210901
005801FF0001181003A460313B358101	0	0	0	0	0	0	0	20210901
005801FF0001181003A460313B35ABDF	0	0	0	0	0	0	0	20210901
005801FF0001181003A960313BBCDC5B	0	0	0	0	0	0	0	20210901
005801FF0001181003A960313BBCE95D	0	0	0	0	0	0	0	20210901
005801FF003182A003EB08A5C810A1D4	0	0	0	0	0	0	0	20210901
005801FF003182B001F408A5C82BD8D1	0	0	0	0	0	0	0	20210901
005801FF003182B001F408A5C82BDC11	0	0	0	0	0	0	0	20210901
005801FF003182B001F408A5C82BF3E9	0	0	0	0	0	0	0	20210901
005801FF003182B001F408A5C82C2151	0	0	0	0	0	0	0	20210901
005801FF003182B001F408A5C82C27B1	0	0	0	0	0	0	0	20210901
005801FF003182B001F408A5C82D0F69	0	0	0	0	0	0	0	20210901
0058030000036020000188795B4A8461	0	0	0	0	0	0	0	20210901
0058030000036020000188795B4A8497	0	0	0	0	0	0	0	20210901
0058030000036020000188795B4A8619	0	0	0	0	0	0	0	20210901
0058030000036020000188795B4A8D9A	0	0	0	0	0	0	0	20210901
00580300001968000119C8F6C8B85341	0	0	0	0	0	1	0	20210901
00580300001968000219D45800475CBC	0	0	0	0	1	1	1	20210901
00580300001968000219D45800475E21	0	0	0	0	0	0	0	20210901
00580300001968000319D45800C4F579	0	0	0	0	0	0	0	20210901
00580300001968000319D45800C51DED	0	0	0	0	0	0	0	20210901
005803000019680003215CA4A4370549	0	0	0	0	0	0	0	20210901
00580300001968001218A419086B909D	0	0	0	0	0	1	0	20210901
00580300001968001218A419089B8C22	0	0	0	0	0	0	0	20210901
00580300001968001218A419089C4CA0	0	0	0	0	0	0	0	20210901
00580300001968001218A419089C4EA1	0	0	0	0	1	1	0	20210901
005803FF00010040190158B42DCC4D13	0	0	0	0	0	0	0	20210901
005803FF00010040190158B42DCC8947	0	0	0	0	0	0	0	20210901
005803FF00010040190158B42DCCA64F	0	0	0	0	0	0	0	20210901
005803FF00010040190158B42DCD1E3F	0	0	0	0	0	0	0	20210901
005803FF00010040190158B42DCD24D9	0	0	0	0	0	0	0	20210901
005803FF00010040190158B42DCD2F6A	0	0	0	0	0	0	0	20210901
005803FF00010040190158B42DCDD77C	0	0	0	0	0	0	0	20210901
005803FF00010040190158B42DCE1855	0	0	0	0	0	1	0	20210901
005803FF00010040190158B42DCE1F8A	0	0	0	0	0	0	0	20210901
005803FF000228800003F4D9C637DF9A	0	0	0	0	0	0	0	20210901
005803FF0002288000058CBA25A925B7	0	0	0	0	0	0	0	20210901
005803FF000321600002F4D9C6F2CAD8	0	0	0	0	0	0	0	20210901
005803FF0003230000043C0CDBA5FE83	0	0	0	0	0	0	0	20210901
005803FF0003230000073C0CDBB79BC3	0	0	0	0	0	0	0	20210901
005803FF000323000011F09CD7347A0A	0	0	0	0	0	0	0	20210901
005803FF000323000011F09CD7347E06	0	0	0	0	0	0	0	20210901
005803FF000323000012F09CD7351D4B	0	0	0	0	0	0	0	20210901
005803FF000323000013F09CD74826A5	0	0	0	0	0	0	0	20210901
005803FF000323000013F09CD74827C8	0	0	0	0	0	0	0	20210901
005803FF000323000013F09CD7482F82	0	0	0	0	0	0	0	20210901
005803FF000323100003A8BD3A92EDB8	0	0	0	0	0	0	0	20210901
005803FF000323100003A8BD3A930C48	0	0	0	0	0	0	0	20210901
005803FF000323100003A8BD3A930CF5	0	0	0	0	0	0	0	20210901
005803FF000323100005A8BD3A9BEB67	0	0	0	0	0	0	0	20210901
005803FF000323100006A8BD3A9FB1FB	0	0	0	0	0	0	0	20210901
005803FF000323100007A8BD3AF681F6	0	0	0	0	0	0	1	20210901
005803FF0003231000093C0CDB25FDBC	0	0	0	0	0	0	0	20210901
005803FF0003231000153C0CDB613EDA	0	0	0	0	0	0	0	20210901
005803FF0003231000153C0CDB615F69	0	0	0	0	0	0	0	20210901
005803FF0003231000153C0CDB616447	0	0	0	0	0	0	0	20210901
005803FF0003231000153C0CDB6167B0	0	0	0	0	0	0	0	20210901
005803FF0003231000153C0CDB616C15	0	0	0	0	0	0	0	20210901
005803FF0003231000153C0CDB616F36	0	0	0	0	0	0	0	20210901
005803FF0003231000163C0CDB6EF996	0	0	0	0	0	0	0	20210901
005803FF0003231000163C0CDB6F1E4D	0	0	0	0	0	0	0	20210901
005803FF0003231000183C0CDB80D96C	0	0	0	0	0	1	0	20210901
005803FF0003231000193C0CDB8D4CD0	0	0	0	0	0	0	0	20210901
005803FF0003231000193C0CDB8D4D62	0	0	0	0	0	0	0	20210901
005803FF0003231000193C0CDB9E77F8	0	0	0	0	0	0	0	20210901
005803FF0003231000213C0CDBABF8FD	0	0	0	0	0	0	0	20210901
005803FF0003231000223C0CDBB23D45	0	0	0	0	0	0	0	20210901
005803FF0003231000223C0CDBB242D3	0	0	0	0	0	0	0	20210901
005803FF0003231000223C0CDBB24A7B	0	0	0	0	0	0	0	20210901
005803FF0003231000233C0CDBB2ED57	0	0	0	0	0	0	0	20210901
005803FF00036020000188795B4AE7F8	0	0	0	0	0	0	0	20210901
005803FF0015893000008421F148BDEC	0	0	0	0	0	0	0	20210901
005803FF0015893000008421F148C39E	0	0	0	0	0	0	0	20210901
005803FF0015893000008421F18B5024	0	0	0	0	0	0	0	20210901
005803FF0015893000008421F191C82E	0	0	0	0	0	0	0	20210901
005803FF0015893000008421F1AC3BA0	0	0	0	0	0	0	0	20210901
005803FF0015893000008421F1AC6760	0	0	0	0	0	0	0	20210901
005803FF0015893000008421F1AC67E6	0	0	0	0	0	0	0	20210901
005803FF0015893000008421F1AC7494	0	0	0	0	0	0	0	20210901
005803FF00158930163650016B3DB89A	0	0	0	0	0	0	0	20210901
005803FF00158930163650016B3DC5CA	0	0	0	0	0	0	0	20210901
005803FF00158930163650016B3DC8F6	0	0	0	0	0	0	0	20210901
005803FF00158930163650016B3DD79C	0	0	0	0	0	0	0	20210901
005803FF0015893017098421F1610898	0	0	0	0	0	0	0	20210901
005803FF0015893017118421F16FE2E8	0	0	0	0	0	1	0	20210901
005803FF0015893017118421F175D288	0	0	0	0	0	0	0	20210901
005803FF00159100000018CF2466A8DE	0	0	0	0	0	0	0	20210901
005803FF0015910000007CC385DB0F8D	0	0	0	0	0	0	0	20210901
005803FF0015910000007CC385DC1A9F	0	0	0	0	0	0	0	20210901
005803FF001591001848CCBBFE2CA8A2	0	0	0	0	0	0	0	20210901
005803FF001591001848CCBBFE2CAE66	0	0	0	0	0	0	0	20210901
005803FF001591001848CCBBFE2CBB41	0	0	0	0	0	0	0	20210901
005803FF0015910019381C20DBF380E5	0	0	0	0	0	0	0	20210901
005803FF001824600002A8BD3A5A8A93	0	0	0	0	0	0	0	20210901
005803FF001824600002A8BD3A5A8FD7	0	0	0	0	0	0	0	20210901
005803FF001824600003A8BD3A5D5363	0	0	0	0	0	0	0	20210901
005803FF001824600003A8BD3A5D6607	0	0	0	0	0	0	1	20210901
005803FF001824600005A8BD3A72A59F	0	0	0	0	0	0	0	20210901
005803FF001824600006A8BD3A755027	0	0	0	0	0	0	0	20210901
005803FF001824600006A8BD3A7562FE	0	0	0	0	0	0	0	20210901
005803FF001824600006A8BD3A75633C	0	0	0	0	0	0	0	20210901
005803FF001824600006A8BD3A756396	0	0	0	0	1	1	0	20210901
005803FF001824600007A8BD3A765444	0	0	0	0	0	0	0	20210901
005803FF001824600007A8BD3A766C84	0	0	0	0	0	1	1	20210901
005803FF001824600007A8BD3A767171	0	0	0	0	0	0	0	20210901
005803FF001824600007A8BD3A7680DB	0	0	0	0	0	0	0	20210901
005803FF001827800001748F1B177B2E	0	0	0	0	0	1	0	20210901
005803FF001827800001748F1B178AEF	0	0	0	0	0	0	0	20210901
005803FF001827800001748F1B17CCF8	0	0	0	0	0	0	0	20210901
005803FF001827800001748F1B17CE92	0	0	0	0	0	0	0	20210901
005803FF001827800002748F1B19FD27	0	0	0	0	0	0	0	20210901
005803FF001827800002748F1B1A2228	0	0	0	0	0	1	1	20210901
005803FF001827800002748F1B1A27FC	0	0	0	0	0	0	0	20210901
005803FF001827800002748F1B1A30CC	0	0	0	0	0	0	0	20210901
005803FF001827800002748F1B1A3720	0	0	0	0	0	0	0	20210901
005803FF001827800003748F1B1BD456	0	0	0	0	0	0	0	20210901
005803FF001827800003748F1B1BDF55	0	0	0	0	0	0	0	20210901
005803FF001827800003748F1B1BE112	0	0	0	0	0	0	0	20210901
005803FF001827800003748F1B1BE789	0	0	0	0	0	0	0	20210901
005803FF001827800003748F1B1C0BD0	0	0	0	0	0	0	0	20210901
005803FF00182850000164E0AB7A1ED4	0	0	0	0	0	0	0	20210901
005803FF00182850000164E0AB7A271F	0	0	0	0	0	0	0	20210901
005803FF00182850000164E0AB7A43BD	0	0	0	0	0	0	0	20210901
005803FF00182850000164E0AB7A5985	0	0	0	0	0	0	0	20210901
005803FF00182850000164E0AB7A5B74	0	0	0	0	0	1	0	20210901
005803FF00182850000164E0AB7A68D0	0	0	0	0	1	0	0	20210901
005803FF00182850000264E0AB8B4022	0	0	0	0	0	1	0	20210901
005803FF00182850000264E0AB8B4062	0	0	0	0	0	0	0	20210901
005803FF00182850000264E0AB8B4A87	0	0	0	0	0	0	0	20210901
005803FF00182850000264E0AB8B4D60	0	0	0	0	0	0	0	20210901
005803FF00182850000264E0AB8B510D	0	0	0	0	0	0	0	20210901
005803FF00182850000264E0AB8B5FA7	0	0	0	0	0	0	0	20210901
005803FF00182850000264E0AB8B66B6	0	0	0	0	0	0	0	20210901
005803FF00182850000264E0AB8B6DF5	0	0	0	0	0	1	0	20210901
005803FF00182850000264E0AB8B6F17	0	0	0	0	0	1	1	20210901
005803FF00182850000264E0AB8B7117	0	0	0	0	0	1	0	20210901
005803FF00182850000264E0AB8B73FB	0	0	0	0	0	0	0	20210901
005803FF00182850000264E0AB8B7426	0	0	0	0	0	0	0	20210901
005803FF00182850000264E0AB8B74BC	0	0	0	0	0	0	0	20210901
005803FF00182850000264E0AB8B7982	0	0	0	0	1	0	0	20210901
005803FF00182850000264E0AB8B7F2D	0	0	0	0	0	0	0	20210901
005803FF00182850000264E0AB8B8066	0	0	0	0	0	0	0	20210901
005803FF00182850000264E0AB8B86C5	0	0	0	0	0	1	0	20210901
005803FF00182850000364E0AB8D9D97	0	0	0	0	1	1	0	20210901
005803FF00182850000364E0AB8DA70A	0	0	0	0	0	0	0	20210901
005803FF00182850000364E0AB8DAB13	0	0	0	0	0	0	0	20210901
005803FF00182850000364E0AB8DAFAF	0	0	0	0	0	0	0	20210901
005803FF00182850000364E0AB8DB171	0	0	0	0	0	0	0	20210901
005803FF00182850000364E0AB8DCD1D	0	0	0	0	0	0	0	20210901
005803FF00182850000364E0AB8DCF74	0	0	0	0	0	1	0	20210901
005803FF00182850000364E0AB8DD2E0	0	0	0	0	0	1	1	20210901
005803FF00182850000364E0AB8DD746	0	0	0	0	0	0	0	20210901
005803FF00182850000364E0AB8DD7A9	0	0	0	0	0	0	1	20210901
005803FF00182850000464E0AB94B233	0	0	1	0	0	0	0	20210901
005803FF00182850000464E0AB94B3FC	0	0	0	0	0	0	0	20210901
005803FF00182850000464E0AB94B465	0	0	0	0	0	0	0	20210901
005803FF00182850000464E0AB94D470	0	0	0	1	0	1	1	20210901
005803FF00182850000464E0AB94E786	0	0	0	0	0	0	0	20210901
005803FF00182920000164E0ABC39666	0	0	0	0	0	0	0	20210901
005803FF00182920000164E0ABC39E90	0	0	0	0	0	0	0	20210901
005803FF00182920000164E0ABC39F73	0	0	0	0	0	0	0	20210901
005803FF00182920000164E0ABC3A04B	0	0	0	0	0	1	0	20210901
005803FF00182920000164E0ABC3A051	0	0	0	0	0	0	0	20210901
005803FF00182920000164E0ABC3A0A3	0	0	0	0	0	0	0	20210901
005803FF00182920000164E0ABC3AB39	0	0	0	0	0	0	0	20210901
005803FF00182920000164E0ABC3AB4A	0	0	0	0	0	1	0	20210901
005803FF00182920000164E0ABC3AEC5	0	0	0	0	0	0	0	20210901
005803FF00182920000164E0ABC3B210	0	0	0	0	0	0	0	20210901
005803FF00182920000164E0ABC3C5D7	0	0	0	0	0	0	0	20210901
005803FF00182920000164E0ABC3C613	0	0	0	0	0	0	0	20210901
005803FF00182920000164E0ABC3C736	0	0	0	0	0	0	0	20210901
005803FF00182920000164E0ABC3C7E5	0	0	0	0	0	0	0	20210901
005803FF00182920000164E0ABC3C7E7	0	0	0	0	1	0	0	20210901
005803FF00182920000264E0ABCF5CA2	0	0	0	0	0	0	0	20210901
005803FF00182920000264E0ABCF5DD7	0	0	0	0	1	0	0	20210901
005803FF00182920000264E0ABCF5F62	0	0	0	0	0	0	0	20210901
005803FF00182920000264E0ABCF5FE5	0	0	0	0	0	1	0	20210901
005803FF00182920000264E0ABCF61D9	0	0	0	0	0	0	0	20210901
005803FF00182920000264E0ABCF6389	0	0	0	0	0	1	0	20210901
005803FF00182920000264E0ABCF674A	0	0	0	1	0	0	0	20210901
005803FF00182920000264E0ABCF6C5D	0	0	0	0	0	0	0	20210901
005803FF00182920000264E0ABCF755A	0	0	0	0	0	0	0	20210901
005803FF00182920000264E0ABCF7951	0	0	0	0	0	0	0	20210901
005803FF00182920000264E0ABCF7E72	0	0	0	1	1	1	0	20210901
005803FF00182920000264E0ABCF8057	0	0	0	0	0	0	0	20210901
005803FF00182920000264E0ABCF8190	0	0	0	0	0	0	0	20210901
005803FF00182920000264E0ABCF81C7	0	0	0	0	0	0	0	20210901
005803FF00182920000264E0ABCF8AEC	0	0	0	0	0	0	0	20210901
005803FF00182920000264E0ABCF8FED	0	0	1	0	0	0	0	20210901
005803FF00182920000264E0ABCF9ABC	0	0	0	0	0	0	0	20210901
005803FF00182920000264E0ABCF9BDB	0	0	0	0	0	0	0	20210901
005803FF00182920000264E0ABCF9F77	0	0	0	0	0	0	0	20210901
005803FF00189750000164E0AB44B7C9	0	0	0	0	0	0	0	20210901
005803FF00189750000264E0AB4713F8	0	0	0	0	0	0	0	20210901
005803FF00189750000264E0AB471933	0	0	0	0	0	1	0	20210901
005803FF00189750000264E0AB472268	0	0	0	0	0	0	0	20210901
005803FF00189750000264E0AB4727B7	0	0	0	0	0	0	0	20210901
005803FF00189750000364E0AB48461A	0	0	0	0	0	0	0	20210901
005803FF00189750000464E0AB6C7221	0	0	0	0	0	0	0	20210901
005803FF00189750000464E0AB6C8F13	0	0	0	0	0	0	0	20210901
005803FF00189750000464E0AB6E03B7	0	0	0	0	0	0	0	20210901
005803FF00189790000364E0AB02B39F	0	0	0	0	0	0	0	20210901
005803FF00189790000364E0AB02D61F	0	0	0	0	0	0	0	20210901
005803FF00189790000464E0AB1B9E80	0	0	0	0	1	0	0	20210901
005803FF00189790000464E0AB1BAB77	0	0	0	0	0	0	0	20210901
005803FF00189790000464E0AB1BABAF	0	0	0	0	0	0	0	20210901
005803FF00189790000664E0AB1F0A31	0	0	0	0	0	0	0	20210901
005803FF00189850000164E0AB8C6603	0	0	0	0	0	0	0	20210901
005803FF00189850000164E0AB8C660A	0	0	0	0	0	0	0	20210901
005803FF00189850000164E0AB8C6CB4	0	0	0	0	0	0	1	20210901
005803FF00189850000164E0AB8C81A3	0	0	0	0	0	1	0	20210901
005803FF00189850000164E0AB8C86C1	0	0	0	0	0	0	0	20210901
005803FF00189850000164E0AB8C8803	0	0	0	0	0	1	0	20210901
005803FF00189850000164E0AB8C8EFE	0	0	0	0	0	0	0	20210901
005803FF00189850000164E0AB8C8FEB	0	0	0	0	0	0	0	20210901
005803FF00189850000164E0AB8C936A	0	0	0	0	0	0	0	20210901
005803FF00189850000164E0AB8C939D	0	0	0	0	0	0	0	20210901
005803FF00189850000164E0AB8C9BD6	0	0	0	0	0	0	0	20210901
005803FF00189920000164E0ABD4FB39	0	0	0	0	0	0	0	20210901
005803FF00189920000164E0ABD4FB61	0	0	0	0	0	0	0	20210901
005803FF00189920000164E0ABD4FC5D	0	0	0	0	0	0	0	20210901
005803FF00189920000164E0ABD4FC8F	0	0	0	0	0	0	0	20210901
005803FF00189920000164E0ABD4FD09	0	0	0	0	0	0	0	20210901
005803FF00189920000164E0ABD4FD61	0	0	0	0	0	0	0	20210901
005803FF00189920000164E0ABD4FD6F	0	0	0	0	0	0	1	20210901
005803FF00189920000164E0ABD4FE15	0	0	0	0	0	1	0	20210901
005803FF00189920000164E0ABD5097C	0	0	0	0	1	0	0	20210901
005803FF00189920000164E0ABD509A6	0	0	0	0	0	0	0	20210901
005803FF00189920000164E0ABD5146E	0	0	0	0	0	0	0	20210901
005803FF00189920000164E0ABD5166B	0	0	0	0	0	0	0	20210901
005803FF00189920000164E0ABD5195D	0	0	0	0	0	0	1	20210901
005803FF00189920000164E0ABD527C6	0	0	0	0	0	1	0	20210901
005803FF00189920000164E0ABD5295F	0	0	0	0	0	1	0	20210901
005803FF00189920000164E0ABD52BAB	0	0	0	0	0	0	0	20210901
005803FF00189920000264E0ABD93E40	0	0	0	0	0	0	0	20210901
005803FF00189920000264E0ABD93E78	0	0	0	0	0	1	0	20210901
005803FF00189920000264E0ABD9403E	0	0	0	0	0	0	0	20210901
005803FF00189920000264E0ABD94078	0	0	0	0	0	1	0	20210901
005803FF00189920000364E0ABDE03B2	0	0	0	0	0	0	0	20210901
005803FF00189920000364E0ABDE040F	0	0	0	0	0	0	0	20210901
005803FF00189920000364E0ABDE04C5	0	0	0	0	0	0	0	20210901
005803FF00189920000364E0ABDE04EA	0	0	0	0	0	0	0	20210901
005803FF00189920000364E0ABDE04F3	0	0	0	0	1	0	0	20210901
005803FF00189920000364E0ABDE0520	0	0	0	0	0	0	0	20210901
005803FF00189920000364E0ABDE0DC8	0	0	0	0	0	0	0	20210901
005803FF00189920000364E0ABDE0F6E	0	0	0	0	0	0	0	20210901
005803FF00189920000364E0ABDE0F81	0	0	0	1	1	1	1	20210901
005803FF00189920000364E0ABDE0FB0	0	0	0	0	0	0	0	20210901
005803FF00189920000364E0ABDE1024	0	0	0	0	0	0	0	20210901
005803FF00189920000364E0ABDE1077	0	0	0	0	0	0	0	20210901
005803FF00189920000364E0ABDE10E8	0	0	0	0	0	0	0	20210901
005803FF00189920000364E0ABDE11DC	0	0	0	0	0	0	0	20210901
005803FF00189920000364E0ABDE11F3	0	0	0	0	0	0	0	20210901
005803FF00189920000364E0ABDE12DB	0	0	1	0	1	0	0	20210901
005803FF00189920000364E0ABDE135C	0	0	0	0	0	0	0	20210901
005803FF00189920000364E0ABDE149D	0	0	0	0	0	0	0	20210901
005803FF00189920000364E0ABDE1593	0	0	0	0	0	0	0	20210901
005803FF002890600000AC4AFED49BED	0	0	0	0	0	0	0	20210901
005803FF002890600000AC4AFED4A37A	0	0	0	0	0	1	1	20210901
005803FF002890600000AC4AFED4A43A	0	0	0	0	0	0	0	20210901
005804FF00029720000150558D1E35E5	0	0	0	0	0	0	0	20210901
1D5803FF004735900000DCDFD69CB4FC	0	0	0	0	0	1	0	20210901
1D5803FF004735900000E8ACADEEFEAA	0	0	0	0	0	0	0	20210901
2B5803FF004735900000E8ACAD96B1C0	0	0	0	0	0	1	0	20210901
425803FF004735900000D4C1C8A3205B	0	0	0	0	0	0	0	20210901
565803FF004735900000E8ACAD967254	0	0	0	0	0	0	0	20210901
605803FF004735900000E8ACADE3335B	0	0	0	0	0	0	0	20210901
715803FF004735900000E8ACADE304EA	0	0	0	0	0	0	0	20210901
7B5803FF004735900000D4C1C8AC3892	0	0	0	0	0	0	0	20210901
7D5803FF004735900000D4C1C8AC2D58	0	0	0	0	0	0	0	20210901
845803FF004735900000E8ACADD692AC	0	0	0	0	0	0	0	20210901
845803FF004735900000E8ACADD69390	0	0	0	0	0	0	0	20210901
845803FF004735900000E8ACADD6ED4B	0	0	0	0	0	0	0	20210901
8B5803FF004735100000049573BA72D4	0	0	0	0	0	0	0	20210901
995803FF004735900000D4C1C8A3055B	0	0	0	0	0	0	0	20210901
AA5803FF004735900000585FF687544B	0	0	0	0	0	0	0	20210901
C05803FF004735900000E8ACADEF283E	0	1	1	0	0	0	0	20210901
C35803FF004735100000049573BA75DE	0	0	0	0	0	0	0	20210901
CC5803FF004735900000D4C1C89E8075	0	0	0	0	0	0	0	20210901
D25803FF004735900000E8ACAD9638D9	0	0	0	0	0	1	1	20210901
D75803FF004735900000E8ACADA6D4D9	0	0	0	0	0	0	0	20210901
E75803FF004735900000E8ACADE232F4	0	0	0	0	0	0	0	20210901
005801FF0001005006D400692D3D9D1D	0	0	0	0	0	1	0	20210901
005801FF0001005006D400692D3DA1C8	0	0	0	0	0	0	0	20210901
005801FF0001005006D400692D3DA4AD	0	0	0	0	0	0	0	20210901
005801FF0001005006D400692D3DA64C	0	0	0	0	0	0	0	20210901
005801FF0001005006D400692D3DA7F5	0	0	0	0	0	0	0	20210901
005801FF0001005006D400692D3DA93F	0	0	0	0	0	0	0	20210901
005801FF0001005006D400692D3DA96D	0	0	0	0	0	0	0	20210901
005801FF0001005006D400692D3DAD3B	0	0	0	0	0	0	0	20210901
005801FF0001005006D400692D3DADE2	0	0	0	0	0	0	0	20210901
005801FF0001005006D400692D3DAE94	0	0	0	0	1	0	0	20210901
005801FF0001005006D400692D3DB418	0	0	0	0	0	0	0	20210901
005801FF0001005006D400692D3DB82E	0	0	0	0	0	0	0	20210901
005801FF0001005006D400692D3DBE4A	0	0	1	0	0	1	1	20210901
005801FF0001005006D400692D3DC18D	0	0	0	0	0	1	0	20210901
005801FF00010050F6E52C43BE5CA027	0	0	0	0	0	0	0	20210901
005801FF00010050F6E52C43BE5CA3DD	0	0	0	0	0	0	0	20210901
005801FF00010050F6E52C43BE5CA99F	0	0	0	0	0	0	0	20210901
005801FF00010050F6E52C43BE5CAB0C	0	0	0	0	0	0	0	20210901
005801FF00010050F6E52C43BE5CAE15	0	0	0	0	0	0	0	20210901
005801FF00010050F6E52C43BE5CAF26	0	0	0	0	0	0	0	20210901
005801FF00010050F6E52C43BE5CAF69	0	0	0	0	0	0	0	20210901
005801FF00010050F6E52C43BE5CB851	0	0	0	0	0	1	0	20210901
005801FF00010050F6E52C43BE5CBA48	0	0	0	0	0	1	1	20210901
005801FF00010050F6E52C43BE5CC9DE	0	0	0	0	0	0	0	20210901
005801FF00010050F6E52C43BE5CCC45	0	0	0	0	0	0	0	20210901
005801FF0001007005B860D21C304D36	0	0	0	0	0	0	0	20210901
005801FF0001007005B860D21C304E02	0	0	0	0	0	0	0	20210901
005801FF0001007005B860D21C305488	0	0	0	0	0	0	0	20210901
005801FF0001007005B860D21C305822	0	0	0	0	0	0	0	20210901
005801FF0001007005B860D21C305BC5	0	0	0	0	0	0	0	20210901
005801FF0001007005B860D21C3087D7	0	0	0	0	0	0	0	20210901
005801FF0001007005B860D21C309000	0	0	0	0	0	0	0	20210901
005801FF0001007005B860D21C30C029	0	0	0	0	0	0	0	20210901
005801FF0001007005B860D21C30EF33	0	0	0	0	0	0	0	20210901
005801FF0001007005BA60D21C5CF5AA	0	0	0	0	0	0	0	20210901
005801FF0001007005BA60D21C626C40	0	0	0	0	0	0	0	20210901
005801FF0001007005BA60D21C627F87	0	0	0	0	0	0	0	20210901
005801FF0001007005BA60D21C628FF7	0	0	0	0	0	0	0	20210901
005801FF0001007005BA60D21C6292AF	0	0	0	0	0	0	0	20210901
005801FF0001007005BA60D21C62B54B	0	0	0	0	0	0	0	20210901
005801FF0001007005C360D21CA7FB26	0	0	0	0	0	0	0	20210901
005801FF0001007005C360D21CA868F4	0	0	0	0	0	0	0	20210901
005801FF0001007005C360D21CA88E46	0	0	0	0	0	0	0	20210901
005801FF0001007005C360D21CA89218	0	0	0	0	0	0	0	20210901
005801FF0001007005C360D21CA8A562	0	0	0	0	0	0	0	20210901
005801FF0001007005C360D21CA8B165	0	0	0	0	0	0	0	20210901
005801FF0001007005C360D21CA8B987	0	0	0	0	0	0	0	20210901
005801FF0001007006B860D21C3DCE00	0	0	0	0	0	0	0	20210901
005801FF0001007006B960D21C49DE38	0	0	0	0	0	0	0	20210901
005801FF0001007006B960D21C4A44C2	0	0	0	0	0	0	1	20210901
005801FF0001007006B960D21C4A5421	0	0	0	0	0	0	0	20210901
005801FF0001007006B960D21C4A5AD5	0	0	0	0	0	0	0	20210901
005801FF0001007006BA60D21C5F9E06	0	0	0	0	0	1	0	20210901
005801FF0001007006BA60D21C5F9E7D	0	0	0	0	0	0	0	20210901
005801FF0001007006BA60D21C5FB101	0	0	0	0	0	0	0	20210901
005801FF0001007006BA60D21C610F97	0	0	0	0	0	0	1	20210901
005801FF0001007006BA60D21C61340C	0	0	0	0	0	0	0	20210901
005801FF0001007006BA60D21C64FD6F	0	0	0	0	0	0	0	20210901
005801FF0001007006BA60D21C650847	0	0	0	0	1	1	0	20210901
005801FF0001007006C360D21CAA927A	0	0	1	0	0	0	0	20210901
005801FF0001061005B454C57AB12608	0	0	0	0	0	0	0	20210901
005801FF0001061005B454C57AB16BE2	0	0	0	0	0	0	0	20210901
005801FF0001061005B454C57AB1D301	0	0	0	0	0	0	0	20210901
005801FF0001061005B454C57AB27235	0	0	0	0	0	0	0	20210901
005801FF0001061005B454C57AB287C2	0	0	0	0	0	0	0	20210901
005801FF0001061005B454C57AB2FFB1	0	0	0	0	0	0	0	20210901
005801FF0001061005B454C57AB30BD1	0	0	0	0	0	0	0	20210901
005801FF0001090001C360D21CACA1E0	0	0	0	0	1	1	1	20210901
005801FF0001090001C360D21CACA8F2	0	0	0	0	0	0	0	20210901
005801FF0001090001C360D21CACB028	0	0	0	0	0	0	0	20210901
005801FF0001090001C360D21CACCB51	0	0	0	0	0	0	0	20210901
005801FF0001090001C360D21CACCBFF	0	0	0	0	0	0	0	20210901
005801FF0001090001C360D21CACDAE4	0	0	0	0	0	0	0	20210901
005801FF0001090001C360D21CACE107	0	0	0	0	0	0	0	20210901
005801FF0001090001C360D21CACEBA5	0	0	0	0	0	0	0	20210901
005801FF0001090001C360D21CACF88C	0	0	0	0	0	0	0	20210901
005801FF0001090003C360D21CAD620C	0	0	0	0	0	0	0	20210901
005801FF0001090005C360D21CAD82E6	0	0	0	0	1	1	0	20210901
005801FF0001090005C360D21CAD88E9	0	0	0	0	0	0	0	20210901
005801FF0001090005C360D21CAD8A95	0	0	0	0	0	0	0	20210901
005801FF0001090005C360D21CAD98AA	0	0	0	0	0	1	0	20210901
005801FF0001090005C360D21CADB097	0	0	0	0	0	0	0	20210901
005801FF0001090005C360D21CADE878	0	0	0	0	0	0	0	20210901
005801FF0001090006C660D21CBE0573	0	0	0	0	0	0	0	20210901
005801FF0001101001EA08A5C804C3B0	0	0	0	0	0	0	0	20210901
005801FF0001101001EC08A5C8165851	0	0	0	0	0	0	0	20210901
005801FF0001101001EC08A5C8167F31	0	0	0	0	0	0	0	20210901
005801FF0001181001A208A5C8EA1BF5	0	0	0	0	0	0	0	20210901
005801FF0001181001A208A5C8EA2A8B	0	0	0	0	0	0	0	20210901
005801FF0001181001A308A5C8F4D0C3	0	0	0	0	0	0	0	20210901
005801FF0001181001A308A5C8F4E627	0	0	0	0	0	0	0	20210901
005801FF0001181001A460313B38C594	0	0	0	0	0	0	0	20210901
005801FF0001181001A460313B38F9EA	0	0	0	0	0	0	0	20210901
005801FF0001181001A460313B39B41A	0	0	0	0	0	0	0	20210901
005801FF0001181001A460313B39E72E	0	0	0	0	0	0	0	20210901
005801FF0001181001A460313B3AD312	0	0	0	0	0	1	0	20210901
005801FF0001181001A460313B3B04B0	0	0	0	0	0	0	0	20210901
005801FF0001181001A460313B3B0ADC	0	0	0	0	0	0	0	20210901
005801FF0001181001A460313B3BBD88	0	0	0	0	0	0	0	20210901
005801FF0001181001A960313BBA847B	0	0	0	0	0	0	0	20210901
005801FF0001181001A960313BBBB49D	0	0	0	0	0	0	0	20210901
005801FF0001181001AC54C57A169EF3	0	0	0	0	0	0	0	20210901
005801FF0001181001AC54C57A16B631	0	0	0	1	1	1	0	20210901
005801FF0001181001AC54C57A203AF3	0	0	0	0	0	0	0	20210901
005801FF0001181001AC54C57A2040C9	0	0	0	0	0	0	0	20210901
005801FF0001181001AC54C57A211E05	0	0	0	0	0	0	0	20210901
005801FF0001181001AC54C57A214F03	0	0	0	0	0	0	0	20210901
005801FF0001181001F608A5C84226FE	0	0	0	0	0	0	0	20210901
005801FF0001181001F608A5C842B1AC	0	0	0	0	1	0	0	20210901
005801FF0001181001FB08A5C8B291D2	0	0	0	0	0	0	0	20210901
005801FF0001181001FB08A5C8B2A3C2	0	0	0	0	0	0	0	20210901
005801FF0001181001FB08A5C8B2A4C8	0	0	0	0	0	0	0	20210901
005801FF0001181001FB08A5C8B2D660	0	0	0	0	0	0	0	20210901
005801FF0001181003A460313B33773F	0	0	0	0	0	0	0	20210901
005801FF0001181003A460313B33E089	0	0	0	0	0	0	0	20210901
005801FF0001181003A460313B341D0B	0	0	0	0	0	0	0	20210901
005801FF0001181003A460313B342255	0	0	0	0	0	0	0	20210901
005801FF0001181003A460313B3436D7	0	0	0	0	0	0	0	20210901
005801FF0001181003A460313B343D5B	0	0	0	0	0	0	0	20210901
005801FF0001181003A460313B3476D1	0	0	0	0	0	0	0	20210901
005801FF0001181003A460313B34AF0D	0	0	0	0	0	0	0	20210901
005801FF0001181003A460313B34C349	0	0	0	0	0	0	0	20210901
005801FF0001181003A460313B3517BF	0	0	0	0	0	1	0	20210901
005801FF0001181003A460313B357AA3	0	0	0	0	0	0	0	20210901
005801FF0001181003A460313B359AE1	0	0	0	0	0	0	0	20210901
005801FF0001181003A460313B35E6CF	0	0	0	0	0	0	0	20210901
005801FF0001181003A960313BBCBE01	0	0	0	0	0	0	0	20210901
005801FF0031082003EA08A5C80B4C40	0	0	0	0	0	0	0	20210901
005801FF003182A003EB08A5C810BB8B	0	0	0	0	0	0	0	20210901
005801FF003182B001F408A5C82BD9C7	0	0	0	0	0	0	0	20210901
005801FF003182B001F408A5C82CA2BD	0	0	0	0	0	0	0	20210901
005801FF003182B001F408A5C82D626F	0	0	0	0	0	0	0	20210901
0058030000036020000188795B4A8495	0	0	0	0	0	1	1	20210901
00580300000395500003748F1B99001E	0	0	0	0	0	0	0	20210901
00580300001968000119C8F6C8B8635B	0	0	0	0	0	0	0	20210901
00580300001968000119C8F6C8B87987	0	0	0	0	0	0	0	20210901
00580300001968000219D45800467595	0	0	0	0	1	0	0	20210901
00580300001968000219D458004780A7	0	0	0	0	0	0	0	20210901
00580300001968000219D45800478A34	0	0	0	0	0	0	0	20210901
00580300001968000319D45800C4F306	0	0	0	0	0	0	0	20210901
00580300001968000620C036562D46F6	0	0	0	0	0	0	0	20210901
0058030000196800102010DC4AFE3584	0	0	1	0	0	0	0	20210901
0058030000196800102010DC4AFE3E1D	0	0	0	0	0	0	0	20210901
00580300001968001218A419089BF1A4	0	0	0	0	0	1	0	20210901
00580300001968001218A419089C1A27	0	0	0	0	0	0	0	20210901
00580300001968001218A419089C3701	0	0	0	0	0	0	0	20210901
005803FF00010040190158B42DCC3A44	0	0	0	0	0	0	0	20210901
005803FF00010040190158B42DCC598E	0	0	0	0	0	0	0	20210901
005803FF00010040190158B42DCD13FB	0	0	0	0	0	0	0	20210901
005803FF00010040190158B42DCD190D	0	0	0	0	0	0	0	20210901
005803FF00010040190158B42DCD1CDF	0	0	0	0	0	0	0	20210901
005803FF00010040190158B42DCD2616	0	0	0	0	0	0	0	20210901
005803FF00010040190158B42DCD39A3	0	0	0	0	0	0	0	20210901
005803FF00010040190158B42DCE43ED	0	0	0	0	0	0	0	20210901
005803FF0002288000058CBA25A92610	0	0	0	0	0	0	0	20210901
005803FF000298800015F4D9C692F415	0	0	0	0	0	1	0	20210901
005803FF000321600002F4D9C6F2C7BF	0	0	0	0	0	0	1	20210901
005803FF0003230000013C0CDB399015	0	0	0	0	0	0	0	20210901
005803FF0003230000043C0CDBA5FDD0	0	0	0	0	0	0	0	20210901
005803FF000323000009F09CD71A43A9	0	0	0	0	0	0	0	20210901
005803FF000323000012F09CD734F900	0	0	0	0	0	0	0	20210901
005803FF000323000013F09CD748471B	0	0	0	0	0	0	0	20210901
005803FF000323000013F09CD7484B77	0	0	0	0	0	0	0	20210901
005803FF000323000013F09CD74865BE	0	0	0	0	0	0	0	20210901
005803FF000323000014F09CD72A66EE	0	0	0	0	0	0	0	20210901
005803FF000323000014F09CD72A7DEA	0	0	0	0	0	0	0	20210901
005803FF000323100003A8BD3A92ED57	0	0	0	0	0	0	0	20210901
005803FF000323100003A8BD3A930B2D	0	0	0	0	0	0	0	20210901
005803FF000323100003A8BD3A930B4C	0	0	0	0	0	0	0	20210901
005803FF000323100003A8BD3A930B57	0	0	0	0	0	0	0	20210901
005803FF0003231000143C0CDB5D32C3	0	0	0	0	0	0	0	20210901
005803FF0003231000153C0CDB6142FB	0	0	0	0	0	0	0	20210901
005803FF0003231000153C0CDB614352	0	0	0	0	0	0	0	20210901
005803FF0003231000153C0CDB614E2D	0	0	0	0	0	0	0	20210901
005803FF0003231000153C0CDB61521F	0	0	0	0	0	0	0	20210901
005803FF0003231000153C0CDB616153	0	0	0	0	0	0	0	20210901
005803FF0003231000163C0CDB6EED51	0	0	0	0	0	0	0	20210901
005803FF0003231000163C0CDB6F13E1	0	0	0	0	0	0	0	20210901
005803FF0003231000163C0CDB6F20EB	0	0	0	0	0	0	0	20210901
005803FF0003231000183C0CDB80CE4B	0	0	0	0	0	0	0	20210901
005803FF0003231000183C0CDB80D587	0	0	0	0	0	0	0	20210901
005803FF0003231000183C0CDB80D58D	0	0	0	0	0	0	0	20210901
005803FF0003231000183C0CDB80D6C1	0	0	0	0	0	0	0	20210901
005803FF0003231000183C0CDB80D9F2	0	0	0	0	0	0	0	20210901
005803FF0003231000183C0CDB80EC7E	0	0	0	0	0	0	0	20210901
005803FF0003231000193C0CDB8D681B	0	0	0	0	0	0	0	20210901
005803FF0003231000203C0CDBA77B70	0	0	0	0	0	0	0	20210901
005803FF0003231000213C0CDBAC1717	0	0	0	0	0	1	0	20210901
005803FF0003231000213C0CDBAC3EFB	0	0	0	0	0	0	0	20210901
005803FF0003231000213C0CDBAC3F18	0	0	0	0	0	0	0	20210901
005803FF0003231000223C0CDBB23D56	0	0	0	0	0	0	0	20210901
005803FF0003231000243C0CDBB5F015	0	0	0	0	0	0	0	20210901
005803FF00036020000188795B4A7E55	0	0	0	0	1	0	0	20210901
005803FF00036020000188795B4AF6D4	0	0	0	0	0	0	0	20210901
005803FF000393000002748F1BE50B6F	0	0	0	0	0	0	0	20210901
005803FF00158930000050016B8A5C3A	0	0	0	0	0	0	0	20210901
005803FF0015893000008421F148B4BC	0	0	0	0	0	0	0	20210901
005803FF0015893000008421F148BF00	0	0	0	0	0	0	0	20210901
005803FF0015893000008421F148C396	0	0	0	0	0	0	0	20210901
005803FF0015893000008421F15F16E0	0	0	0	0	0	0	0	20210901
005803FF0015893000008421F18B45C8	0	0	0	0	0	0	0	20210901
005803FF0015893000008421F1AC3508	0	0	0	0	0	0	0	20210901
005803FF0015893000008421F1AC3A22	0	0	0	0	0	0	0	20210901
005803FF0015893000008421F1AC5B2E	0	0	0	0	0	0	0	20210901
005803FF0015893000008421F1AC6CC6	0	0	0	0	0	0	0	20210901
005803FF00158930163650016B3DB494	0	0	0	0	0	0	0	20210901
005803FF00158930163650016B3DB6FC	0	0	0	0	0	0	0	20210901
005803FF00158930163650016B3DB7B8	0	0	0	0	0	0	0	20210901
005803FF00158930163650016B3DC4A8	0	0	0	0	0	0	0	20210901
005803FF00158930164550016B8DDB80	0	0	0	0	0	0	1	20210901
005803FF0015893017038421F122273A	0	0	0	0	0	0	0	20210901
005803FF0015893017078421F14A83DA	0	0	0	0	0	0	0	20210901
005803FF0015893017098421F1611A98	0	0	0	0	0	0	0	20210901
005803FF0015893017118421F16FBE30	0	0	0	0	0	0	0	20210901
005803FF0015893017118421F175D6B4	0	0	0	0	0	0	0	20210901
005803FF0015910000007CC385DB3501	0	0	0	0	0	1	0	20210901
005803FF001591001848CCBBFE2C7F59	0	0	0	0	0	0	1	20210901
005803FF001591001848CCBBFE2C8A48	0	0	0	0	0	0	0	20210901
005803FF001591001848CCBBFE2CAB00	0	0	0	0	0	0	0	20210901
005803FF00159100193244004D64510B	0	0	0	0	0	0	0	20210901
005803FF001824600003A8BD3A5D5813	0	0	0	0	0	0	0	20210901
005803FF001824600003A8BD3A5D8F97	0	0	0	0	0	0	0	20210901
005803FF001824600006A8BD3A755FF0	0	0	0	0	0	0	0	20210901
005803FF001824600006A8BD3A7561D4	0	0	0	0	0	0	0	20210901
005803FF001824600007A8BD3A766DDF	0	0	0	0	0	0	0	20210901
005803FF001824600007A8BD3A766E77	0	0	0	0	0	0	0	20210901
005803FF001824600007A8BD3A766F74	0	0	0	0	0	1	0	20210901
005803FF001824600007A8BD3A76716A	0	0	0	0	0	0	0	20210901
005803FF001824600007A8BD3A76766D	0	0	0	0	0	0	0	20210901
