htv_content_prefer_dm.deviceid	htv_content_prefer_dm.contenttype	htv_content_prefer_dm.hourtype	htv_content_prefer_dm.ranks	htv_content_prefer_dm.date_time
005801FF0001005005D300692D37D26F	电影	1	1	20210901
005801FF0001005005D300692D37D26F	动漫	1	2	20210901
005801FF0001005005D300692D37D26F	综艺	1	3	20210901
005801FF0001005005D300692D37D36E	电视剧	1	1	20210901
005801FF0001005005D300692D37D39F	电影	1	1	20210901
005801FF0001005005D300692D37D39F	电影	2	1	20210901
005801FF0001005005D300692D37D3B0	电视剧	1	1	20210901
005801FF0001005005D300692D37D3B0	动漫	1	2	20210901
005801FF0001005005D300692D37D3D5	电视剧	1	1	20210901
005801FF0001005005D300692D37D3D5	电视剧	3	1	20210901
005801FF0001005005D300692D37D437	电视剧	1	1	20210901
005801FF0001005005D300692D37D437	电视剧	4	1	20210901
005801FF0001005005D300692D37D4DB	电视剧	3	1	20210901
005801FF0001005005D300692D37D52C	电视剧	1	1	20210901
005801FF0001005005D300692D37D52C	电视剧	4	1	20210901
005801FF0001005005D300692D37D5E3	电视剧	1	1	20210901
005801FF0001005005D300692D37D629	电视剧	1	1	20210901
005801FF0001005005D300692D37D629	电视剧	4	1	20210901
005801FF0001005005D300692D37D6F3	电视剧	4	1	20210901
005801FF0001005005D300692D37D74F	动漫	4	1	20210901
005801FF0001005005D300692D37D7C5	电影	1	1	20210901
005801FF0001005005D300692D37D7D6	动漫	2	1	20210901
005801FF0001005005D300692D37D7D6	电视剧	3	1	20210901
005801FF0001005005D300692D37D7D6	电影	3	2	20210901
005801FF0001005005D300692D37D7D6	动漫	4	1	20210901
005801FF0001005005D300692D37D7E1	电视剧	1	1	20210901
005801FF0001005005D300692D37D843	动漫	1	1	20210901
005801FF0001005005D300692D37D843	动漫	2	1	20210901
005801FF0001005005D300692D37D883	动漫	1	1	20210901
005801FF0001005005D300692D37D883	动漫	2	1	20210901
005801FF0001005005D300692D37D962	电影	1	1	20210901
005801FF0001005005D300692D37D962	电影	4	1	20210901
005801FF0001005005D300692D37DACB	动漫	1	1	20210901
005801FF0001005005D300692D37DACB	电视剧	1	2	20210901
005801FF0001005005D300692D37DACB	动漫	3	1	20210901
005801FF0001005005D300692D37DB62	电影	1	1	20210901
005801FF0001005005D300692D37DB62	电影	4	1	20210901
005801FF0001005005D300692D37DBE8	电视剧	1	1	20210901
005801FF0001005005D300692D37DBE8	电视剧	4	1	20210901
005801FF0001005005D300692D37DC0B	电视剧	1	1	20210901
005801FF0001005005D300692D37DC0B	电视剧	4	1	20210901
005801FF0001005005D300692D37DCB7	动漫	1	1	20210901
005801FF0001005005D300692D37DCB7	动漫	4	1	20210901
005801FF0001005005D300692D37DCD7	动漫	1	1	20210901
005801FF0001005005D300692D37DCD7	动漫	3	1	20210901
005801FF0001005005D300692D37DCF3	动漫	1	1	20210901
005801FF0001005005D300692D37DCF3	新闻	1	2	20210901
005801FF0001005005D300692D37DCF3	新闻	4	1	20210901
005801FF0001005005D300692D37DCF3	动漫	4	2	20210901
005801FF0001005005D300692D37DD59	电视剧	1	1	20210901
005801FF0001005005D300692D37DD59	电视剧	4	1	20210901
005801FF0001005005D300692D37DD6F	综艺	1	1	20210901
005801FF0001005005D300692D37DD80	电视剧	1	1	20210901
005801FF0001005005D300692D37DD80	动漫	1	2	20210901
005801FF0001005005D300692D37DD80	动漫	2	1	20210901
005801FF0001005005D300692D37DD80	动漫	3	1	20210901
005801FF0001005005D300692D37DD80	电视剧	3	2	20210901
005801FF0001005005D300692D37DD80	电视剧	4	1	20210901
005801FF0001005005D300692D37DDA1	动漫	1	1	20210901
005801FF0001005005D300692D37DDA1	动漫	3	1	20210901
005801FF0001005005D300692D37DDA6	电视剧	4	1	20210901
005801FF0001005005D300692D37DE23	动漫	1	1	20210901
005801FF0001005005D300692D37DF32	电视剧	1	1	20210901
005801FF0001005005D300692D37DF32	动漫	1	2	20210901
005801FF0001005005D300692D37DF32	电影	1	3	20210901
005801FF0001005005D300692D37DF32	动漫	2	1	20210901
005801FF0001005005D300692D37DF32	电影	2	2	20210901
005801FF0001005005D300692D37DF32	电视剧	2	3	20210901
005801FF0001005005D300692D37DF32	动漫	3	1	20210901
005801FF0001005005D300692D37DF32	电视剧	3	2	20210901
005801FF0001005005D300692D37DF32	电视剧	4	1	20210901
005801FF0001005005D300692D37DF32	电影	4	2	20210901
005801FF0001005005D300692D37DFCF	电视剧	2	1	20210901
005801FF0001005005D300692D37DFCF	电视剧	3	1	20210901
005801FF0001005005D300692D37E01D	动漫	3	1	20210901
005801FF0001005005D300692D37E01D	动漫	4	1	20210901
005801FF0001005005D300692D37E0D8	综艺	1	1	20210901
005801FF0001005005D300692D37E0D8	综艺	3	1	20210901
005801FF0001005005D300692D37E1DE	电视剧	4	1	20210901
005801FF0001005005D300692D37E24F	电影	1	1	20210901
005801FF0001005005D300692D37E259	新闻	1	1	20210901
005801FF0001005005D300692D37E259	新闻	2	1	20210901
005801FF0001005005D300692D37E4BF	少儿	1	1	20210901
005801FF0001005005D300692D37E4CB	新闻	4	1	20210901
005801FF0001005005D300692D37E4F9	新闻	1	1	20210901
005801FF0001005005D300692D37E4F9	新闻	3	1	20210901
005801FF0001005005D300692D37E4F9	新闻	4	1	20210901
005801FF0001005005D300692D37E56D	电视剧	4	1	20210901
005801FF0001005005D300692D37E5B7	电视剧	1	1	20210901
005801FF0001005005D300692D37E5F4	电视剧	3	1	20210901
005801FF0001005005D300692D37E5F4	电视剧	4	1	20210901
005801FF0001005005D300692D37E5F8	综艺	1	1	20210901
005801FF0001005005D300692D37E5F8	电视剧	1	2	20210901
005801FF0001005005D300692D37E5F8	电视剧	3	1	20210901
005801FF0001005005D300692D37E5F8	综艺	4	1	20210901
005801FF0001005005D300692D37E62B	动漫	1	1	20210901
005801FF0001005005D300692D37E62B	动漫	3	1	20210901
005801FF0001005005D300692D37E649	动漫	1	1	20210901
005801FF0001005005D300692D37E671	电视剧	1	1	20210901
005801FF0001005005D300692D37E671	电视剧	4	1	20210901
005801FF0001005005D300692D37E686	综艺	4	1	20210901
005801FF0001005005D300692D37E703	动漫	1	1	20210901
005801FF0001005005D300692D37E704	电影	3	1	20210901
005801FF0001005005D300692D37E72F	动漫	3	1	20210901
005801FF0001005005D300692D37E72F	动漫	4	1	20210901
005801FF0001005005D300692D37E750	电视剧	4	1	20210901
005801FF0001005005D300692D37E774	电影	1	1	20210901
005801FF0001005005D300692D37E843	电视剧	1	1	20210901
005801FF0001005005D300692D37E843	综艺	1	2	20210901
005801FF0001005005D300692D37E843	电视剧	3	1	20210901
005801FF0001005005D300692D37E843	电视剧	4	1	20210901
005801FF0001005005D300692D37E972	电视剧	1	1	20210901
005801FF0001005005D300692D37EA0D	电视剧	1	1	20210901
005801FF0001005005D300692D37EA0D	电视剧	2	1	20210901
005801FF0001005005D300692D37EA0D	电视剧	3	1	20210901
005801FF0001005005D300692D37EA0D	电视剧	4	1	20210901
005801FF0001005005D300692D37EA9E	电影	1	1	20210901
005801FF0001005005D300692D37EA9E	电影	4	1	20210901
005801FF0001005005D300692D37EAA9	电视剧	1	1	20210901
005801FF0001005005D300692D37EAA9	电视剧	4	1	20210901
005801FF0001005005D300692D37EAAB	电视剧	4	1	20210901
005801FF0001005005D300692D37EB06	电影	1	1	20210901
005801FF0001005005D300692D37EB36	电影	1	1	20210901
005801FF0001005005D300692D37EB36	动漫	1	2	20210901
005801FF0001005005D300692D37EB36	电影	3	1	20210901
005801FF0001005005D300692D37EB36	电影	4	1	20210901
005801FF0001005005D300692D37EB36	动漫	4	2	20210901
005801FF0001005005D300692D37EBCA	动漫	1	1	20210901
005801FF0001005005D300692D37EBCA	动漫	2	1	20210901
005801FF0001005005D300692D37EBCA	动漫	3	1	20210901
005801FF0001005005D300692D37EBEE	动漫	1	1	20210901
005801FF0001005005D300692D37EC2B	电视剧	1	1	20210901
005801FF0001005005D300692D37EC3C	电视剧	3	1	20210901
005801FF0001005005D300692D37EC3C	电视剧	4	1	20210901
005801FF0001005005D300692D37ECA2	动漫	1	1	20210901
005801FF0001005005D300692D37ECA2	动漫	3	1	20210901
005801FF0001005005D300692D37ED04	综艺	1	1	20210901
005801FF0001005005D300692D37ED04	电影	1	2	20210901
005801FF0001005005D300692D37ED04	综艺	2	1	20210901
005801FF0001005005D300692D37ED04	综艺	3	1	20210901
005801FF0001005005D300692D37ED04	电影	4	1	20210901
005801FF0001005005D300692D37ED04	综艺	4	2	20210901
005801FF0001005005D300692D37EDE2	动漫	1	1	20210901
005801FF0001005005D300692D37EDE2	动漫	2	1	20210901
005801FF0001005005D300692D37EE9A	动漫	1	1	20210901
005801FF0001005005D300692D37EE9A	动漫	4	1	20210901
005801FF0001005005D300692D37EEAF	电视剧	1	1	20210901
005801FF0001005005D300692D37EEC5	动漫	1	1	20210901
005801FF0001005005D300692D37EEC5	动漫	2	1	20210901
005801FF0001005005D300692D37EECB	动漫	1	1	20210901
005801FF0001005005D300692D37EF17	电视剧	4	1	20210901
005801FF0001005005D300692D37EF7E	动漫	4	1	20210901
005801FF0001005005D300692D37EFA8	电视剧	1	1	20210901
005801FF0001005005D300692D37EFA8	电视剧	4	1	20210901
005801FF0001005005D300692D37EFD0	新闻	3	1	20210901
005801FF0001005005D300692D37EFEB	动漫	4	1	20210901
005801FF0001005005D300692D37EFFB	动漫	3	1	20210901
005801FF0001005005D300692D37EFFB	动漫	4	1	20210901
005801FF0001005005D300692D37F067	动漫	1	1	20210901
005801FF0001005005D300692D37F067	动漫	2	1	20210901
005801FF0001005005D300692D37F067	动漫	3	1	20210901
005801FF0001005005D300692D37F067	动漫	4	1	20210901
005801FF0001005005D300692D37F09E	电视剧	3	1	20210901
005801FF0001005005D300692D37F09E	电视剧	4	1	20210901
005801FF0001005005D300692D37F0B8	电视剧	1	1	20210901
005801FF0001005005D300692D37F291	动漫	1	1	20210901
005801FF0001005005D300692D37F291	动漫	2	1	20210901
005801FF0001005005D300692D37F291	动漫	3	1	20210901
005801FF0001005005D300692D37F291	动漫	4	1	20210901
005801FF0001005005D300692D37F2CD	电视剧	4	1	20210901
005801FF0001005005D300692D37F378	纪实	1	1	20210901
005801FF0001005005D300692D37F39F	动漫	1	1	20210901
005801FF0001005005D300692D37F39F	动漫	4	1	20210901
005801FF0001005005D300692D37F3D1	电视剧	1	1	20210901
005801FF0001005005D300692D37F3D1	电视剧	2	1	20210901
005801FF0001005005D300692D37F3D1	电视剧	3	1	20210901
005801FF0001005005D300692D37F3D1	电视剧	4	1	20210901
005801FF0001005005D300692D37F3F1	电视剧	1	1	20210901
005801FF0001005005D300692D37F3F1	电视剧	3	1	20210901
005801FF0001005005D300692D37F3F1	电视剧	4	1	20210901
005801FF0001005005D300692D37F42D	电视剧	1	1	20210901
005801FF0001005005D300692D37F42D	电视剧	3	1	20210901
005801FF0001005005D300692D37F4DB	电视剧	1	1	20210901
005801FF0001005005D300692D37F4DB	电视剧	2	1	20210901
005801FF0001005005D300692D37F587	电视剧	3	1	20210901
005801FF0001005005D300692D37F6D7	新闻	1	1	20210901
005801FF0001005005D300692D37F6D7	新闻	3	1	20210901
005801FF0001005005D300692D37F7E1	动漫	1	1	20210901
005801FF0001005005D300692D37F7E1	电视剧	1	2	20210901
005801FF0001005005D300692D37F7E6	电影	1	1	20210901
005801FF0001005005D300692D37F7E6	综艺	1	2	20210901
005801FF0001005005D300692D37F7E6	综艺	2	1	20210901
005801FF0001005005D300692D37F7E6	电影	2	2	20210901
005801FF0001005005D300692D37F803	电视剧	2	1	20210901
005801FF0001005005D300692D37F85E	动漫	1	1	20210901
005801FF0001005005D300692D37F85E	动漫	3	1	20210901
005801FF0001005005D300692D37F85E	动漫	4	1	20210901
005801FF0001005005D300692D37F8BF	少儿	1	1	20210901
005801FF0001005005D300692D37F8CB	综艺	1	1	20210901
005801FF0001005005D300692D37F8D0	动漫	1	1	20210901
005801FF0001005005D300692D37F8D0	综艺	1	2	20210901
005801FF0001005005D300692D37F937	电视剧	4	1	20210901
005801FF0001005005D300692D37FA3E	电视剧	4	1	20210901
005801FF0001005005D300692D37FA98	综艺	1	1	20210901
005801FF0001005005D300692D37FA98	综艺	4	1	20210901
005801FF0001005005D300692D37FB72	电视剧	1	1	20210901
005801FF0001005005D300692D37FBB8	动漫	1	1	20210901
005801FF0001005005D300692D37FBB8	动漫	2	1	20210901
005801FF0001005005D300692D37FBB8	动漫	3	1	20210901
005801FF0001005005D300692D37FBB8	动漫	4	1	20210901
005801FF0001005005D300692D37FBDA	电视剧	1	1	20210901
005801FF0001005005D300692D37FBDA	电视剧	2	1	20210901
005801FF0001005005D300692D37FBDA	电视剧	3	1	20210901
005801FF0001005005D300692D37FBDA	电视剧	4	1	20210901
005801FF0001005005D300692D37FC51	电视剧	1	1	20210901
005801FF0001005005D300692D37FC51	电视剧	4	1	20210901
005801FF0001005005D300692D37FCA3	综艺	4	1	20210901
005801FF0001005005D300692D37FCB7	电视剧	1	1	20210901
005801FF0001005005D300692D37FCB7	电视剧	4	1	20210901
005801FF0001005005D300692D37FCBD	电视剧	1	1	20210901
005801FF0001005005D300692D37FD39	动漫	1	1	20210901
005801FF0001005005D300692D37FD39	动漫	3	1	20210901
005801FF0001005005D300692D37FD39	动漫	4	1	20210901
005801FF0001005005D300692D37FD4B	电视剧	1	1	20210901
005801FF0001005005D300692D37FD4B	综艺	1	2	20210901
005801FF0001005005D300692D37FD4B	综艺	3	1	20210901
005801FF0001005005D300692D37FD4B	电视剧	3	2	20210901
005801FF0001005005D300692D37FD4B	电视剧	4	1	20210901
005801FF0001005005D300692D37FD90	电视剧	1	1	20210901
005801FF0001005005D300692D37FE3A	综艺	2	1	20210901
005801FF0001005005D300692D37FE3A	综艺	3	1	20210901
005801FF0001005005D300692D37FE3A	电视剧	4	1	20210901
005801FF0001005005D300692D37FE6A	电影	1	1	20210901
005801FF0001005005D300692D37FE6A	综艺	1	2	20210901
005801FF0001005005D300692D37FE6A	电视剧	1	3	20210901
005801FF0001005005D300692D37FE6A	电影	4	1	20210901
005801FF0001005005D300692D37FE6A	综艺	4	2	20210901
005801FF0001005005D300692D37FE80	综艺	4	1	20210901
005801FF0001005005D300692D37FE90	电视剧	4	1	20210901
005801FF0001005005D300692D37FEB5	电视剧	1	1	20210901
005801FF0001005005D300692D37FEB5	电视剧	4	1	20210901
005801FF0001005005D300692D37FF47	动漫	1	1	20210901
005801FF0001005005D300692D37FF5D	电影	1	1	20210901
005801FF0001005005D300692D37FF5D	综艺	1	2	20210901
005801FF0001005005D300692D37FF5D	电影	3	1	20210901
005801FF0001005005D300692D37FF87	电视剧	1	1	20210901
005801FF0001005005D300692D37FFA0	少儿	4	1	20210901
005801FF0001005005D300692D37FFBA	电视剧	1	1	20210901
005801FF0001005005D300692D37FFDA	电影	1	1	20210901
005801FF0001005005D300692D37FFDA	综艺	1	2	20210901
005801FF0001005005D300692D37FFEB	动漫	3	1	20210901
005801FF0001005005D300692D37FFEB	动漫	4	1	20210901
005801FF0001005005D300692D37FFFB	动漫	1	1	20210901
005801FF0001005005D300692D37FFFB	动漫	3	1	20210901
005801FF0001005005D300692D37FFFB	动漫	4	1	20210901
005801FF0001005005D300692D38003E	新闻	1	1	20210901
005801FF0001005005D300692D38003E	新闻	2	1	20210901
005801FF0001005005D300692D38008F	电影	4	1	20210901
005801FF0001005005D300692D3800FC	电视剧	4	1	20210901
005801FF0001005005D300692D38013D	电视剧	1	1	20210901
005801FF0001005005D300692D38013D	电视剧	4	1	20210901
005801FF0001005005D300692D3801BE	动漫	1	1	20210901
005801FF0001005005D300692D3801CA	电视剧	1	1	20210901
005801FF0001005005D300692D3801CA	电视剧	4	1	20210901
005801FF0001005005D300692D380231	动漫	1	1	20210901
005801FF0001005005D300692D380231	动漫	3	1	20210901
005801FF0001005005D300692D380271	综艺	1	1	20210901
005801FF0001005005D300692D3802FE	电视剧	1	1	20210901
005801FF0001005005D300692D3802FE	电视剧	2	1	20210901
005801FF0001005005D300692D3802FE	电视剧	4	1	20210901
005801FF0001005005D300692D380325	电影	4	1	20210901
005801FF0001005005D300692D380345	电视剧	3	1	20210901
005801FF0001005005D300692D380345	电视剧	4	1	20210901
005801FF0001005005D300692D38036B	动漫	1	1	20210901
005801FF0001005005D300692D38036B	综艺	1	2	20210901
005801FF0001005005D300692D38036B	综艺	4	1	20210901
005801FF0001005005D300692D38036B	动漫	4	2	20210901
005801FF0001005005D300692D380413	电视剧	1	1	20210901
005801FF0001005005D300692D38045E	电影	1	1	20210901
005801FF0001005005D300692D38048F	电视剧	1	1	20210901
005801FF0001005005D300692D38048F	电视剧	3	1	20210901
005801FF0001005005D300692D38048F	电视剧	4	1	20210901
005801FF0001005005D300692D3805D0	电影	1	1	20210901
005801FF0001005005D300692D3805D0	动漫	1	2	20210901
005801FF0001005005D300692D3805D0	动漫	4	1	20210901
005801FF0001005005D300692D3805D0	电影	4	2	20210901
005801FF0001005005D300692D380626	电视剧	1	1	20210901
005801FF0001005005D300692D380626	电视剧	4	1	20210901
005801FF0001005005D300692D3806DE	动漫	1	1	20210901
005801FF0001005005D300692D3806DE	动漫	2	1	20210901
005801FF0001005005D300692D380735	电视剧	1	1	20210901
005801FF0001005005D300692D380735	电视剧	3	1	20210901
005801FF0001005005D300692D380775	综艺	1	1	20210901
005801FF0001005005D300692D380775	电影	1	2	20210901
005801FF0001005005D300692D3807AD	电影	1	1	20210901
005801FF0001005005D300692D38085F	电视剧	1	1	20210901
005801FF0001005005D300692D38085F	电视剧	4	1	20210901
005801FF0001005005D300692D3808E6	电视剧	1	1	20210901
005801FF0001005005D300692D3808E6	电视剧	2	1	20210901
005801FF0001005005D300692D3808E6	电视剧	3	1	20210901
005801FF0001005005D300692D3808E6	电视剧	4	1	20210901
005801FF0001005005D300692D380948	综艺	3	1	20210901
005801FF0001005005D300692D380948	电影	3	2	20210901
005801FF0001005005D300692D3809B0	电视剧	1	1	20210901
005801FF0001005005D300692D3809B0	电视剧	4	1	20210901
005801FF0001005005D300692D380B2D	动漫	1	1	20210901
005801FF0001005005D300692D380B5E	电视剧	1	1	20210901
005801FF0001005005D300692D380B5E	电视剧	3	1	20210901
005801FF0001005005D300692D380B5E	电视剧	4	1	20210901
005801FF0001005005D300692D380BD5	新闻	1	1	20210901
005801FF0001005005D300692D380C06	电视剧	1	1	20210901
005801FF0001005005D300692D380C06	电视剧	4	1	20210901
005801FF0001005005D300692D380C5D	综艺	1	1	20210901
005801FF0001005005D300692D380C5D	动漫	1	2	20210901
005801FF0001005005D300692D380C5D	综艺	4	1	20210901
005801FF0001005005D300692D380C5D	动漫	4	2	20210901
005801FF0001005005D300692D380CAA	综艺	1	1	20210901
005801FF0001005005D300692D380CAA	综艺	4	1	20210901
005801FF0001005005D300692D380D35	电视剧	1	1	20210901
005801FF0001005005D300692D380D35	电视剧	3	1	20210901
005801FF0001005005D300692D380D7C	电视剧	1	1	20210901
005801FF0001005005D300692D380D7C	电视剧	2	1	20210901
005801FF0001005005D300692D380D7C	电视剧	3	1	20210901
005801FF0001005005D300692D380D7C	电视剧	4	1	20210901
005801FF0001005005D300692D380DC3	综艺	4	1	20210901
005801FF0001005005D300692D380E0A	电视剧	1	1	20210901
005801FF0001005005D300692D380E2F	电视剧	1	1	20210901
005801FF0001005005D300692D380E2F	电视剧	2	1	20210901
005801FF0001005005D300692D380E2F	电视剧	3	1	20210901
005801FF0001005005D300692D380E2F	电视剧	4	1	20210901
005801FF0001005005D300692D380E5F	动漫	1	1	20210901
005801FF0001005005D300692D380E5F	动漫	3	1	20210901
005801FF0001005005D300692D380E69	电影	1	1	20210901
005801FF0001005005D300692D380E69	电影	4	1	20210901
005801FF0001005005D300692D380F0E	电视剧	1	1	20210901
005801FF0001005005D300692D380F0E	电视剧	4	1	20210901
005801FF0001005005D300692D380F4E	动漫	1	1	20210901
005801FF0001005005D300692D380F4E	电影	1	2	20210901
005801FF0001005005D300692D380F4E	电影	3	1	20210901
005801FF0001005005D300692D380F4E	动漫	3	2	20210901
005801FF0001005005D300692D380F4E	动漫	4	1	20210901
005801FF0001005005D300692D380FBB	综艺	1	1	20210901
005801FF0001005005D300692D380FBB	综艺	3	1	20210901
005801FF0001005005D300692D380FEC	电视剧	4	1	20210901
005801FF0001005005D300692D381003	电影	1	1	20210901
005801FF0001005005D300692D381003	电影	4	1	20210901
005801FF0001005005D300692D381054	电视剧	4	1	20210901
005801FF0001005005D300692D38105A	动漫	1	1	20210901
005801FF0001005005D300692D38105A	动漫	4	1	20210901
005801FF0001005005D300692D38105E	电影	1	1	20210901
005801FF0001005005D300692D38105E	电影	3	1	20210901
005801FF0001005005D300692D3810AB	电影	1	1	20210901
005801FF0001005005D300692D3810AB	电影	4	1	20210901
005801FF0001005005D300692D381116	电视剧	1	1	20210901
005801FF0001005005D300692D381122	电影	1	1	20210901
005801FF0001005005D300692D381122	电视剧	4	1	20210901
005801FF0001005005D300692D381122	电影	4	2	20210901
005801FF0001005005D300692D3811BF	电影	3	1	20210901
005801FF0001005005D300692D3811BF	综艺	4	1	20210901
005801FF0001005005D300692D381205	动漫	1	1	20210901
005801FF0001005005D300692D381205	动漫	3	1	20210901
005801FF0001005005D300692D3812C3	电影	1	1	20210901
005801FF0001005005D300692D3812C3	动漫	1	2	20210901
005801FF0001005005D300692D3812C3	少儿	1	3	20210901
005801FF0001005005D300692D3812C3	动漫	3	1	20210901
005801FF0001005005D300692D3812C3	动漫	4	1	20210901
005801FF0001005005D300692D3812C3	少儿	4	2	20210901
005801FF0001005005D300692D3812C3	电影	4	3	20210901
005801FF0001005005D300692D3812CE	电视剧	1	1	20210901
005801FF0001005005D300692D3812CE	电视剧	4	1	20210901
005801FF0001005005D300692D381379	电视剧	1	1	20210901
005801FF0001005005D300692D381479	电视剧	3	1	20210901
005801FF0001005005D300692D381479	电视剧	4	1	20210901
005801FF0001005005D300692D3814A5	动漫	1	1	20210901
005801FF0001005005D300692D3814A5	动漫	4	1	20210901
005801FF0001005005D300692D3814CC	综艺	1	1	20210901
005801FF0001005005D300692D3814CC	综艺	4	1	20210901
005801FF0001005005D300692D3814F1	动漫	1	1	20210901
005801FF0001005005D300692D3814F1	动漫	3	1	20210901
005801FF0001005005D300692D3815A0	动漫	1	1	20210901
005801FF0001005005D300692D3815A0	电影	1	2	20210901
005801FF0001005005D300692D3815A0	动漫	3	1	20210901
005801FF0001005005D300692D3815A0	电影	4	1	20210901
005801FF0001005005D300692D3815A0	动漫	4	2	20210901
005801FF0001005005D300692D3815D0	综艺	1	1	20210901
005801FF0001005005D300692D3815D0	综艺	2	1	20210901
005801FF0001005005D300692D3815D0	综艺	3	1	20210901
005801FF0001005005D300692D3815D0	综艺	4	1	20210901
005801FF0001005005D300692D381611	动漫	1	1	20210901
005801FF0001005005D300692D381611	动漫	2	1	20210901
005801FF0001005005D300692D38168D	电影	1	1	20210901
005801FF0001005005D300692D3816FE	电视剧	1	1	20210901
005801FF0001005005D300692D381731	电视剧	2	1	20210901
005801FF0001005005D300692D381731	电视剧	3	1	20210901
005801FF0001005005D300692D381731	电视剧	4	1	20210901
005801FF0001005005D300692D381786	电视剧	4	1	20210901
005801FF0001005005D300692D38179C	电视剧	1	1	20210901
005801FF0001005005D300692D38179C	动漫	1	2	20210901
005801FF0001005005D300692D38179C	电视剧	2	1	20210901
005801FF0001005005D300692D38179C	动漫	3	1	20210901
005801FF0001005005D300692D38179C	电视剧	3	2	20210901
005801FF0001005005D300692D38179C	电视剧	4	1	20210901
005801FF0001005005D300692D38179C	动漫	4	2	20210901
005801FF0001005005D300692D38181A	动漫	1	1	20210901
005801FF0001005005D300692D38181A	动漫	3	1	20210901
005801FF0001005005D300692D38181A	动漫	4	1	20210901
005801FF0001005005D300692D38199A	电视剧	1	1	20210901
005801FF0001005005D300692D38199A	电视剧	4	1	20210901
005801FF0001005005D300692D3819C0	动漫	1	1	20210901
005801FF0001005005D300692D3819C0	动漫	2	1	20210901
005801FF0001005005D300692D381A40	综艺	4	1	20210901
005801FF0001005005D300692D381A4A	动漫	1	1	20210901
005801FF0001005005D300692D381A4A	动漫	2	1	20210901
005801FF0001005005D300692D381B2E	电视剧	3	1	20210901
005801FF0001005005D300692D381B2E	综艺	3	2	20210901
005801FF0001005005D300692D381B53	动漫	1	1	20210901
005801FF0001005005D300692D381B53	动漫	3	1	20210901
005801FF0001005005D300692D381B6A	电视剧	4	1	20210901
005801FF0001005005D300692D381B6A	动漫	4	2	20210901
005801FF0001005005D300692D381B7E	电影	1	1	20210901
005801FF0001005005D300692D381B7E	电影	4	1	20210901
005801FF0001005005D300692D381BC9	电视剧	1	1	20210901
005801FF0001005005D300692D381BC9	电视剧	2	1	20210901
005801FF0001005005D300692D381BC9	电视剧	3	1	20210901
005801FF0001005005D300692D381BC9	电视剧	4	1	20210901
005801FF0001005005D300692D381BFB	电影	1	1	20210901
005801FF0001005005D300692D381BFB	动漫	1	2	20210901
005801FF0001005005D300692D381C1C	电视剧	1	1	20210901
005801FF0001005005D300692D381C62	动漫	1	1	20210901
005801FF0001005005D300692D381C62	动漫	2	1	20210901
005801FF0001005005D300692D381CC4	纪实	1	1	20210901
005801FF0001005005D300692D381CC4	电影	1	2	20210901
005801FF0001005005D300692D381CC4	动漫	1	3	20210901
005801FF0001005005D300692D381CC4	纪实	4	1	20210901
005801FF0001005005D300692D381CC4	动漫	4	2	20210901
005801FF0001005005D300692D381CF4	电视剧	1	1	20210901
005801FF0001005005D300692D381CF4	电视剧	3	1	20210901
005801FF0001005005D300692D381D25	动漫	1	1	20210901
005801FF0001005005D300692D381D25	动漫	2	1	20210901
005801FF0001005005D300692D381D25	动漫	3	1	20210901
005801FF0001005005D300692D381D31	电视剧	1	1	20210901
005801FF0001005005D300692D381D31	电视剧	3	1	20210901
005801FF0001005005D300692D381D31	电视剧	4	1	20210901
005801FF0001005005D300692D381D6C	电视剧	1	1	20210901
005801FF0001005005D300692D381D6C	纪实	1	2	20210901
005801FF0001005005D300692D381D6C	电影	1	3	20210901
005801FF0001005005D300692D381D6C	电影	3	1	20210901
005801FF0001005005D300692D381D6C	综艺	4	1	20210901
005801FF0001005005D300692D381D6C	电视剧	4	2	20210901
005801FF0001005005D300692D381D6C	电影	4	3	20210901
005801FF0001005005D300692D381D76	电视剧	1	1	20210901
005801FF0001005005D300692D381E00	电影	4	1	20210901
005801FF0001005005D300692D381E8B	电视剧	1	1	20210901
005801FF0001005005D300692D381E95	动漫	1	1	20210901
005801FF0001005005D300692D381E95	动漫	2	1	20210901
005801FF0001005005D300692D381ED2	动漫	1	1	20210901
005801FF0001005005D300692D381ED2	动漫	3	1	20210901
005801FF0001005005D300692D381F44	电视剧	3	1	20210901
005801FF0001005005D300692D381F44	电影	3	2	20210901
005801FF0001005005D300692D381F44	电视剧	4	1	20210901
005801FF0001005005D300692D381F44	动漫	4	2	20210901
005801FF0001005005D300692D381F6A	电影	1	1	20210901
005801FF0001005005D300692D381F6A	电影	4	1	20210901
005801FF0001005005D300692D381FD5	电视剧	1	1	20210901
005801FF0001005005D300692D381FF5	电视剧	1	1	20210901
005801FF0001005005D300692D382028	综艺	3	1	20210901
005801FF0001005005D300692D382028	综艺	4	1	20210901
005801FF0001005005D300692D38202E	电视剧	1	1	20210901
005801FF0001005005D300692D38202E	电视剧	4	1	20210901
005801FF0001005005D300692D382058	纪实	1	1	20210901
005801FF0001005006D400692D3D9DF1	电影	3	1	20210901
005801FF0001005006D400692D3D9DF1	动漫	4	1	20210901
005801FF0001005006D400692D3D9DF1	电视剧	4	2	20210901
005801FF0001005006D400692D3D9E02	综艺	4	1	20210901
005801FF0001005006D400692D3D9E02	电影	4	2	20210901
005801FF0001005006D400692D3D9FBD	电影	1	1	20210901
005801FF0001005006D400692D3D9FC7	动漫	1	1	20210901
005801FF0001005006D400692D3D9FC7	动漫	4	1	20210901
005801FF0001005006D400692D3DA021	电视剧	1	1	20210901
005801FF0001005006D400692D3DA076	新闻	1	1	20210901
005801FF0001005006D400692D3DA0FF	电视剧	4	1	20210901
005801FF0001005006D400692D3DA175	综艺	1	1	20210901
005801FF0001005006D400692D3DA21A	动漫	1	1	20210901
005801FF0001005006D400692D3DA28F	电影	1	1	20210901
005801FF0001005006D400692D3DA303	电视剧	1	1	20210901
005801FF0001005006D400692D3DA303	电影	1	2	20210901
005801FF0001005006D400692D3DA303	动漫	1	3	20210901
005801FF0001005006D400692D3DA303	电影	2	1	20210901
005801FF0001005006D400692D3DA303	电视剧	2	2	20210901
005801FF0001005006D400692D3DA303	动漫	2	3	20210901
005801FF0001005006D400692D3DA4EB	电视剧	4	1	20210901
005801FF0001005006D400692D3DA784	电视剧	1	1	20210901
005801FF0001005006D400692D3DA784	电视剧	3	1	20210901
005801FF0001005006D400692D3DA784	电视剧	4	1	20210901
005801FF0001005006D400692D3DA877	电影	1	1	20210901
005801FF0001005006D400692D3DA877	电影	2	1	20210901
005801FF0001005006D400692D3DA91C	动漫	1	1	20210901
005801FF0001005006D400692D3DA91C	动漫	4	1	20210901
005801FF0001005006D400692D3DA93C	电视剧	1	1	20210901
005801FF0001005006D400692D3DA95D	电影	4	1	20210901
005801FF0001005006D400692D3DA987	电影	3	1	20210901
005801FF0001005006D400692D3DA987	电影	4	1	20210901
005801FF0001005006D400692D3DA9CE	电视剧	1	1	20210901
005801FF0001005006D400692D3DA9CE	综艺	1	2	20210901
005801FF0001005006D400692D3DA9CE	综艺	4	1	20210901
005801FF0001005006D400692D3DAA2D	综艺	1	1	20210901
005801FF0001005006D400692D3DAA2D	电影	1	2	20210901
005801FF0001005006D400692D3DAA2D	综艺	4	1	20210901
005801FF0001005006D400692D3DAA47	综艺	1	1	20210901
005801FF0001005006D400692D3DAA47	综艺	4	1	20210901
005801FF0001005006D400692D3DAD14	电影	4	1	20210901
005801FF0001005006D400692D3DADA5	综艺	1	1	20210901
005801FF0001005006D400692D3DADA5	电视剧	1	2	20210901
005801FF0001005006D400692D3DADA5	电视剧	2	1	20210901
005801FF0001005006D400692D3DADB5	综艺	1	1	20210901
005801FF0001005006D400692D3DAE47	电影	1	1	20210901
005801FF0001005006D400692D3DAE58	电视剧	4	1	20210901
005801FF0001005006D400692D3DAEB9	电影	1	1	20210901
005801FF0001005006D400692D3DAEB9	电影	2	1	20210901
005801FF0001005006D400692D3DAEB9	电影	3	1	20210901
005801FF0001005006D400692D3DAEB9	电影	4	1	20210901
005801FF0001005006D400692D3DAF32	新闻	1	1	20210901
005801FF0001005006D400692D3DAF32	新闻	3	1	20210901
005801FF0001005006D400692D3DAFCA	电视剧	1	1	20210901
005801FF0001005006D400692D3DAFCA	电视剧	3	1	20210901
005801FF0001005006D400692D3DAFCA	电视剧	4	1	20210901
005801FF0001005006D400692D3DB20A	新闻	1	1	20210901
005801FF0001005006D400692D3DB20A	新闻	4	1	20210901
005801FF0001005006D400692D3DB220	电视剧	2	1	20210901
005801FF0001005006D400692D3DB220	电视剧	3	1	20210901
005801FF0001005006D400692D3DB220	电视剧	4	1	20210901
005801FF0001005006D400692D3DB224	电视剧	1	1	20210901
005801FF0001005006D400692D3DB224	电视剧	4	1	20210901
005801FF0001005006D400692D3DB22F	动漫	1	1	20210901
005801FF0001005006D400692D3DB22F	动漫	4	1	20210901
005801FF0001005006D400692D3DB285	电视剧	1	1	20210901
005801FF0001005006D400692D3DB285	电视剧	4	1	20210901
005801FF0001005006D400692D3DB291	电影	4	1	20210901
005801FF0001005006D400692D3DB2DC	电视剧	1	1	20210901
005801FF0001005006D400692D3DB3D9	电视剧	1	1	20210901
005801FF0001005006D400692D3DB3FC	动漫	2	1	20210901
005801FF0001005006D400692D3DB3FC	电影	3	1	20210901
005801FF0001005006D400692D3DB3FC	动漫	3	2	20210901
005801FF0001005006D400692D3DB3FC	动漫	4	1	20210901
005801FF0001005006D400692D3DB73A	电影	1	1	20210901
005801FF0001005006D400692D3DB87E	电影	1	1	20210901
005801FF0001005006D400692D3DB87E	电影	4	1	20210901
005801FF0001005006D400692D3DB9EE	动漫	1	1	20210901
005801FF0001005006D400692D3DBBD8	新闻	1	1	20210901
005801FF0001005006D400692D3DBBD8	新闻	4	1	20210901
005801FF0001005006D400692D3DBC75	电影	1	1	20210901
005801FF0001005006D400692D3DBDA5	电影	1	1	20210901
005801FF0001005006D400692D3DBDA5	电视剧	1	2	20210901
005801FF0001005006D400692D3DBE03	新闻	3	1	20210901
005801FF0001005006D400692D3DBE4A	纪实	4	1	20210901
005801FF0001005006D400692D3DBECF	电视剧	1	1	20210901
005801FF0001005006D400692D3DBFBF	动漫	4	1	20210901
005801FF0001005006D400692D3DC042	综艺	1	1	20210901
005801FF0001005006D400692D3DC042	综艺	3	1	20210901
005801FF0001005006D400692D3DC125	电影	1	1	20210901
005801FF0001005006D400692D3DC125	综艺	1	2	20210901
005801FF0001005006D400692D3DC125	电影	3	1	20210901
005801FF0001005006D400692D3DC161	电影	1	1	20210901
005801FF0001005006D400692D3DC16C	电影	1	1	20210901
005801FF0001005006D400692D3DC16C	电影	4	1	20210901
005801FF0001005006D400692D3DC1FE	动漫	1	1	20210901
005801FF0001005006D400692D3DC1FE	电视剧	1	2	20210901
005801FF0001005006D400692D3DC1FE	动漫	4	1	20210901
005801FF0001005006D400692D3DC1FE	电视剧	4	2	20210901
005801FF0001005006D400692D3DC399	电影	4	1	20210901
005801FF00010050F6E52C43BE5C9F2D	电视剧	1	1	20210901
005801FF00010050F6E52C43BE5C9F2D	电视剧	4	1	20210901
005801FF00010050F6E52C43BE5CA27C	电视剧	1	1	20210901
005801FF00010050F6E52C43BE5CA27C	电视剧	3	1	20210901
005801FF00010050F6E52C43BE5CA27C	电视剧	4	1	20210901
005801FF00010050F6E52C43BE5CA2C3	电影	3	1	20210901
005801FF00010050F6E52C43BE5CA2C3	动漫	4	1	20210901
005801FF00010050F6E52C43BE5CA2C3	电影	4	2	20210901
005801FF00010050F6E52C43BE5CA2C7	动漫	1	1	20210901
005801FF00010050F6E52C43BE5CA2C7	动漫	4	1	20210901
005801FF00010050F6E52C43BE5CA360	电视剧	1	1	20210901
005801FF00010050F6E52C43BE5CA360	电视剧	4	1	20210901
005801FF00010050F6E52C43BE5CA39B	电影	1	1	20210901
005801FF00010050F6E52C43BE5CA44A	动漫	1	1	20210901
005801FF00010050F6E52C43BE5CA44A	动漫	3	1	20210901
005801FF00010050F6E52C43BE5CA488	电影	1	1	20210901
005801FF00010050F6E52C43BE5CA4E1	电视剧	1	1	20210901
005801FF00010050F6E52C43BE5CA4E1	电视剧	4	1	20210901
005801FF00010050F6E52C43BE5CA5CF	电视剧	1	1	20210901
005801FF00010050F6E52C43BE5CA5E9	电影	1	1	20210901
005801FF00010050F6E52C43BE5CA5E9	电视剧	1	2	20210901
005801FF00010050F6E52C43BE5CA5E9	电视剧	4	1	20210901
005801FF00010050F6E52C43BE5CA75B	动漫	1	1	20210901
005801FF00010050F6E52C43BE5CA75B	动漫	2	1	20210901
005801FF00010050F6E52C43BE5CA75B	动漫	3	1	20210901
005801FF00010050F6E52C43BE5CA813	综艺	1	1	20210901
005801FF00010050F6E52C43BE5CA82A	新闻	1	1	20210901
005801FF00010050F6E52C43BE5CA82A	新闻	2	1	20210901
005801FF00010050F6E52C43BE5CA869	综艺	4	1	20210901
005801FF00010050F6E52C43BE5CAA03	电视剧	1	1	20210901
005801FF00010050F6E52C43BE5CAA03	电视剧	2	1	20210901
005801FF00010050F6E52C43BE5CAA03	电视剧	3	1	20210901
005801FF00010050F6E52C43BE5CAA1A	电影	1	1	20210901
005801FF00010050F6E52C43BE5CAA1A	电影	2	1	20210901
005801FF00010050F6E52C43BE5CAA1A	电影	4	1	20210901
005801FF00010050F6E52C43BE5CAA23	电影	1	1	20210901
005801FF00010050F6E52C43BE5CAA4A	电影	1	1	20210901
005801FF00010050F6E52C43BE5CAA4A	电影	2	1	20210901
005801FF00010050F6E52C43BE5CAA4A	电影	4	1	20210901
005801FF00010050F6E52C43BE5CAA6F	电视剧	1	1	20210901
005801FF00010050F6E52C43BE5CAB8E	电视剧	1	1	20210901
005801FF00010050F6E52C43BE5CAB8E	电视剧	4	1	20210901
005801FF00010050F6E52C43BE5CAE0F	电影	3	1	20210901
005801FF00010050F6E52C43BE5CAF2E	电影	1	1	20210901
005801FF00010050F6E52C43BE5CAF48	电视剧	4	1	20210901
005801FF00010050F6E52C43BE5CAF5A	新闻	4	1	20210901
005801FF00010050F6E52C43BE5CB3FD	电视剧	1	1	20210901
005801FF00010050F6E52C43BE5CB4E5	动漫	1	1	20210901
005801FF00010050F6E52C43BE5CB4E6	电视剧	4	1	20210901
005801FF00010050F6E52C43BE5CB4F1	动漫	1	1	20210901
005801FF00010050F6E52C43BE5CB4F1	动漫	4	1	20210901
005801FF00010050F6E52C43BE5CB553	综艺	2	1	20210901
005801FF00010050F6E52C43BE5CB553	电视剧	4	1	20210901
005801FF00010050F6E52C43BE5CB567	电影	1	1	20210901
005801FF00010050F6E52C43BE5CB567	电影	3	1	20210901
005801FF00010050F6E52C43BE5CB59E	电影	1	1	20210901
005801FF00010050F6E52C43BE5CB59E	电影	4	1	20210901
005801FF00010050F6E52C43BE5CB5CF	电影	1	1	20210901
005801FF00010050F6E52C43BE5CB5CF	动漫	1	2	20210901
005801FF00010050F6E52C43BE5CB5CF	电影	4	1	20210901
005801FF00010050F6E52C43BE5CB5CF	动漫	4	2	20210901
005801FF00010050F6E52C43BE5CB606	电视剧	3	1	20210901
005801FF00010050F6E52C43BE5CB606	电视剧	4	1	20210901
005801FF00010050F6E52C43BE5CB606	动漫	4	2	20210901
005801FF00010050F6E52C43BE5CB6A3	电影	1	1	20210901
005801FF00010050F6E52C43BE5CB6A3	电影	3	1	20210901
005801FF00010050F6E52C43BE5CB6A3	电影	4	1	20210901
005801FF00010050F6E52C43BE5CB6B8	电影	4	1	20210901
005801FF00010050F6E52C43BE5CB6B8	电视剧	4	2	20210901
005801FF00010050F6E52C43BE5CB6DE	电影	1	1	20210901
005801FF00010050F6E52C43BE5CB6DE	动漫	1	2	20210901
005801FF00010050F6E52C43BE5CB6DE	电影	3	1	20210901
005801FF00010050F6E52C43BE5CB6DE	动漫	4	1	20210901
005801FF00010050F6E52C43BE5CB6EA	电影	1	1	20210901
005801FF00010050F6E52C43BE5CB6EA	电影	4	1	20210901
005801FF00010050F6E52C43BE5CB6EE	新闻	1	1	20210901
005801FF00010050F6E52C43BE5CB6EE	新闻	4	1	20210901
005801FF00010050F6E52C43BE5CB78C	电视剧	1	1	20210901
005801FF00010050F6E52C43BE5CB78C	电视剧	3	1	20210901
005801FF00010050F6E52C43BE5CB78C	电视剧	4	1	20210901
005801FF00010050F6E52C43BE5CB7D2	电影	1	1	20210901
005801FF00010050F6E52C43BE5CB7D2	电影	3	1	20210901
005801FF00010050F6E52C43BE5CB82A	电影	1	1	20210901
005801FF00010050F6E52C43BE5CB82A	电影	4	1	20210901
005801FF00010050F6E52C43BE5CB848	电视剧	1	1	20210901
005801FF00010050F6E52C43BE5CB860	电视剧	1	1	20210901
005801FF00010050F6E52C43BE5CB860	电影	1	2	20210901
005801FF00010050F6E52C43BE5CB860	电视剧	4	1	20210901
005801FF00010050F6E52C43BE5CB860	电影	4	2	20210901
005801FF00010050F6E52C43BE5CB874	动漫	1	1	20210901
005801FF00010050F6E52C43BE5CB947	电影	1	1	20210901
005801FF00010050F6E52C43BE5CB96A	动漫	4	1	20210901
005801FF00010050F6E52C43BE5CB9A9	电影	1	1	20210901
005801FF00010050F6E52C43BE5CBA44	电视剧	1	1	20210901
005801FF00010050F6E52C43BE5CBAC5	电影	1	1	20210901
005801FF00010050F6E52C43BE5CBB43	电影	1	1	20210901
005801FF00010050F6E52C43BE5CBB43	电影	4	1	20210901
005801FF00010050F6E52C43BE5CBBFB	电视剧	1	1	20210901
005801FF00010050F6E52C43BE5CBBFB	电视剧	3	1	20210901
005801FF00010050F6E52C43BE5CBBFB	电视剧	4	1	20210901
005801FF00010050F6E52C43BE5CBC62	动漫	1	1	20210901
005801FF00010050F6E52C43BE5CBC62	动漫	3	1	20210901
005801FF00010050F6E52C43BE5CBC62	动漫	4	1	20210901
005801FF00010050F6E52C43BE5CBD21	电视剧	4	1	20210901
005801FF00010050F6E52C43BE5CBF9A	电视剧	1	1	20210901
005801FF00010050F6E52C43BE5CBF9A	电视剧	4	1	20210901
005801FF00010050F6E52C43BE5CC058	综艺	1	1	20210901
005801FF00010050F6E52C43BE5CC058	综艺	4	1	20210901
005801FF00010050F6E52C43BE5CC0D0	综艺	1	1	20210901
005801FF00010050F6E52C43BE5CC0D0	电影	1	2	20210901
005801FF00010050F6E52C43BE5CC0E5	动漫	1	1	20210901
005801FF00010050F6E52C43BE5CC0E5	动漫	3	1	20210901
005801FF00010050F6E52C43BE5CC0EB	动漫	1	1	20210901
005801FF00010050F6E52C43BE5CC0FC	电影	4	1	20210901
005801FF00010050F6E52C43BE5CC116	电视剧	1	1	20210901
005801FF00010050F6E52C43BE5CC116	电视剧	2	1	20210901
005801FF00010050F6E52C43BE5CC17D	综艺	1	1	20210901
005801FF00010050F6E52C43BE5CC197	电影	1	1	20210901
005801FF00010050F6E52C43BE5CC197	综艺	1	2	20210901
005801FF00010050F6E52C43BE5CC197	综艺	3	1	20210901
005801FF00010050F6E52C43BE5CC197	电影	3	2	20210901
005801FF00010050F6E52C43BE5CC1DF	电影	1	1	20210901
005801FF00010050F6E52C43BE5CC1DF	电影	4	1	20210901
005801FF00010050F6E52C43BE5CC1E8	动漫	1	1	20210901
005801FF00010050F6E52C43BE5CC1E9	电视剧	3	1	20210901
005801FF00010050F6E52C43BE5CC1E9	电影	3	2	20210901
005801FF00010050F6E52C43BE5CC1E9	动漫	3	3	20210901
005801FF00010050F6E52C43BE5CC1E9	电视剧	4	1	20210901
005801FF00010050F6E52C43BE5CC1E9	电影	4	2	20210901
005801FF00010050F6E52C43BE5CC23C	电视剧	1	1	20210901
005801FF00010050F6E52C43BE5CC23C	电视剧	4	1	20210901
005801FF00010050F6E52C43BE5CC34F	电视剧	1	1	20210901
005801FF00010050F6E52C43BE5CC460	电影	4	1	20210901
005801FF00010050F6E52C43BE5CC49A	动漫	1	1	20210901
005801FF00010050F6E52C43BE5CC49A	电视剧	1	2	20210901
005801FF00010050F6E52C43BE5CC49A	电影	1	3	20210901
005801FF00010050F6E52C43BE5CC5B0	新闻	1	1	20210901
005801FF00010050F6E52C43BE5CC5B0	新闻	4	1	20210901
005801FF00010050F6E52C43BE5CC692	电视剧	1	1	20210901
005801FF00010050F6E52C43BE5CC692	电视剧	3	1	20210901
005801FF00010050F6E52C43BE5CC7AD	电视剧	1	1	20210901
005801FF00010050F6E52C43BE5CC7AD	电视剧	4	1	20210901
005801FF00010050F6E52C43BE5CC7FE	新闻	4	1	20210901
005801FF00010050F6E52C43BE5CC86F	电影	1	1	20210901
005801FF00010050F6E52C43BE5CC86F	电影	3	1	20210901
005801FF00010050F6E52C43BE5CC880	电视剧	1	1	20210901
005801FF00010050F6E52C43BE5CC880	电视剧	4	1	20210901
005801FF00010050F6E52C43BE5CC890	电影	1	1	20210901
005801FF00010050F6E52C43BE5CC8E1	电视剧	1	1	20210901
005801FF00010050F6E52C43BE5CCA1A	电影	1	1	20210901
005801FF00010050F6E52C43BE5CCA1A	电影	4	1	20210901
005801FF00010050F6E52C43BE5CCC16	电视剧	1	1	20210901
005801FF00010050F6E52C43BE5CCE19	纪实	3	1	20210901
005801FF00010050F6E52C43BE5CCE30	动漫	1	1	20210901
005801FF00010050F6E52C43BE5CCE30	动漫	4	1	20210901
005801FF00010050F6E52C43BE5CCE59	电影	1	1	20210901
005801FF00010050F6E52C43BE5CCE59	电影	4	1	20210901
005801FF00010050F6E52C43BE5CCE6B	电影	1	1	20210901
005801FF00010050F6E52C43BE5CCE6B	电视剧	1	2	20210901
005801FF00010050F6E52C43BE5CCE6B	电视剧	4	1	20210901
005801FF00010050F6E52C43BE5CCE6B	电影	4	2	20210901
005801FF00010050F6E52C43BE5CCEAC	动漫	1	1	20210901
005801FF00010050F6E52C43BE5CCEAC	动漫	2	1	20210901
005801FF00010050F6E52C43BE5CCEAC	动漫	3	1	20210901
005801FF00010050F6E52C43BE5CCEAC	动漫	4	1	20210901
005801FF00010050F6E52C43BE5CCEB6	纪实	1	1	20210901
005801FF00010050F6E52C43BE5CCEB6	电影	1	2	20210901
005801FF00010050F6E52C43BE5CCEB6	纪实	3	1	20210901
005801FF00010050F6E52C43BE5CCEB6	电影	4	1	20210901
005801FF00010050F6E52C43BE5CCEB6	纪实	4	2	20210901
005801FF00010050F6E52C43BE5CCF18	动漫	4	1	20210901
005801FF00010050F6E52C43BE5CCF18	电视剧	4	2	20210901
005801FF00010050F6E52C43BE5CCF4E	电视剧	1	1	20210901
005801FF00010050F6E52C43BE5CCF4E	电视剧	2	1	20210901
005801FF00010050F6E52C43BE5CCF4E	电视剧	3	1	20210901
005801FF00010050F6E52C43BE5CCF4E	电视剧	4	1	20210901
005801FF00010050F6E52C43BE5CD007	新闻	1	1	20210901
005801FF00010050F6E52C43BE5CD007	新闻	2	1	20210901
005801FF00010050F6E52C43BE5CD058	电影	1	1	20210901
005801FF00010050F6E52C43BE5CD058	电影	3	1	20210901
005801FF00010050F6E52C43BE5CD058	电影	4	1	20210901
005801FF00010050F6E52C43BE5CD126	综艺	1	1	20210901
005801FF00010050F6E52C43BE5CD183	电影	1	1	20210901
005801FF00010050F6E52C43BE5CD183	电影	4	1	20210901
005801FF00010050F6E52C43BE5CD19E	动漫	4	1	20210901
005801FF00010050F6E52C43BE5CD1FF	电视剧	1	1	20210901
005801FF00010050F6E52C43BE5CD241	电影	1	1	20210901
005801FF00010050F6E52C43BE5CD241	电影	3	1	20210901
005801FF0001007001B960D21C44254C	少儿	3	1	20210901
005801FF0001007001B960D21C442551	电影	1	1	20210901
005801FF0001007001B960D21C442551	电影	4	1	20210901
005801FF0001007001B960D21C4425F3	少儿	1	1	20210901
005801FF0001007001B960D21C4425F3	少儿	4	1	20210901
005801FF0001007001B960D21C442608	少儿	1	1	20210901
005801FF0001007001B960D21C442650	少儿	1	1	20210901
005801FF0001007001B960D21C4426A6	少儿	1	1	20210901
005801FF0001007001B960D21C44273A	少儿	3	1	20210901
005801FF0001007001B960D21C44277F	电视剧	4	1	20210901
005801FF0001007001B960D21C4427B5	电视剧	1	1	20210901
005801FF0001007001B960D21C4427B5	电视剧	4	1	20210901
005801FF0001007001B960D21C442956	少儿	1	1	20210901
005801FF0001007001B960D21C442956	少儿	2	1	20210901
005801FF0001007001B960D21C442956	少儿	3	1	20210901
005801FF0001007001B960D21C442956	少儿	4	1	20210901
005801FF0001007001B960D21C442972	少儿	4	1	20210901
005801FF0001007001B960D21C442A97	电影	1	1	20210901
005801FF0001007001B960D21C442AB8	电影	1	1	20210901
005801FF0001007001B960D21C442AB8	动漫	1	2	20210901
005801FF0001007001B960D21C442AB8	动漫	4	1	20210901
005801FF0001007001B960D21C442B36	电视剧	4	1	20210901
005801FF0001007001B960D21C442B7C	电视剧	1	1	20210901
005801FF0001007001B960D21C442B9C	电视剧	1	1	20210901
005801FF0001007001B960D21C442B9C	电影	1	2	20210901
005801FF0001007001B960D21C442BD7	少儿	1	1	20210901
005801FF0001007001B960D21C442C2B	电视剧	1	1	20210901
005801FF0001007001B960D21C442C4B	少儿	1	1	20210901
005801FF0001007001B960D21C442CED	电影	1	1	20210901
005801FF0001007001B960D21C442CED	电影	3	1	20210901
005801FF0001007001B960D21C442E17	电视剧	1	1	20210901
005801FF0001007001B960D21C442E17	电视剧	4	1	20210901
005801FF0001007001B960D21C442E37	少儿	1	1	20210901
005801FF0001007001B960D21C442E37	少儿	2	1	20210901
005801FF0001007001B960D21C442E37	少儿	3	1	20210901
005801FF0001007001B960D21C442E37	少儿	4	1	20210901
005801FF0001007001B960D21C442EDB	电视剧	1	1	20210901
005801FF0001007001B960D21C442EDB	电视剧	4	1	20210901
005801FF0001007001B960D21C442F5C	少儿	1	1	20210901
005801FF0001007001B960D21C443388	电视剧	1	1	20210901
005801FF0001007001B960D21C44339A	电视剧	1	1	20210901
005801FF0001007001B960D21C44339A	电视剧	4	1	20210901
005801FF0001007001B960D21C443586	少儿	1	1	20210901
005801FF0001007001B960D21C443586	少儿	4	1	20210901
005801FF0001007001B960D21C4435E7	少儿	1	1	20210901
005801FF0001007001B960D21C443620	少儿	1	1	20210901
005801FF0001007001B960D21C443620	少儿	4	1	20210901
005801FF0001007001B960D21C443753	电视剧	1	1	20210901
005801FF0001007001B960D21C44378F	电视剧	2	1	20210901
005801FF0001007001B960D21C443790	少儿	4	1	20210901
005801FF0001007001B960D21C4438C9	电视剧	4	1	20210901
005801FF0001007001B960D21C4438EF	电影	1	1	20210901
005801FF0001007001B960D21C4438EF	电影	4	1	20210901
005801FF0001007001B960D21C44391C	电影	1	1	20210901
005801FF0001007001B960D21C44391C	综艺	1	2	20210901
005801FF0001007001B960D21C44391C	纪实	4	1	20210901
005801FF0001007001B960D21C44391C	电影	4	2	20210901
005801FF0001007001B960D21C44397C	电影	1	1	20210901
005801FF0001007001B960D21C443AA4	电视剧	1	1	20210901
005801FF0001007001B960D21C443AA4	电影	1	2	20210901
005801FF0001007001B960D21C443AA4	综艺	1	3	20210901
005801FF0001007001B960D21C443AA4	电视剧	3	1	20210901
005801FF0001007001B960D21C443AA4	电影	3	2	20210901
005801FF0001007001B960D21C443AA4	综艺	4	1	20210901
005801FF0001007001B960D21C443AA8	电视剧	1	1	20210901
005801FF0001007001B960D21C443AA8	电视剧	3	1	20210901
005801FF0001007001B960D21C443AA8	电视剧	4	1	20210901
005801FF0001007001B960D21C443AEA	少儿	1	1	20210901
005801FF0001007001B960D21C443DC6	电视剧	4	1	20210901
005801FF0001007001B960D21C443EE5	少儿	4	1	20210901
005801FF0001007001B960D21C443F0C	少儿	1	1	20210901
005801FF0001007001B960D21C443F0C	少儿	4	1	20210901
005801FF0001007001B960D21C443F2C	少儿	1	1	20210901
005801FF0001007001B960D21C443F2C	少儿	3	1	20210901
005801FF0001007001B960D21C444026	电影	1	1	20210901
005801FF0001007001B960D21C444026	电影	4	1	20210901
005801FF0001007001B960D21C444115	电影	1	1	20210901
005801FF0001007001B960D21C44424A	综艺	1	1	20210901
005801FF0001007001B960D21C44424A	少儿	1	2	20210901
005801FF0001007001B960D21C44424A	动漫	1	3	20210901
005801FF0001007001B960D21C4442DC	少儿	1	1	20210901
005801FF0001007001B960D21C4442DC	少儿	3	1	20210901
005801FF0001007001B960D21C4442DC	少儿	4	1	20210901
005801FF0001007001B960D21C444333	少儿	1	1	20210901
005801FF0001007001B960D21C4443E0	综艺	1	1	20210901
005801FF0001007001B960D21C4445B3	电视剧	4	1	20210901
005801FF0001007001B960D21C444649	综艺	1	1	20210901
005801FF0001007001B960D21C444703	电视剧	1	1	20210901
005801FF0001007001B960D21C444703	电视剧	4	1	20210901
005801FF0001007001B960D21C44471A	电视剧	4	1	20210901
005801FF0001007001B960D21C4447CB	少儿	1	1	20210901
005801FF0001007001B960D21C444822	少儿	1	1	20210901
005801FF0001007001B960D21C444822	少儿	3	1	20210901
005801FF0001007001B960D21C4448B9	少儿	4	1	20210901
005801FF0001007001B960D21C4448B9	游戏	4	2	20210901
005801FF0001007001B960D21C4448CF	电影	1	1	20210901
005801FF0001007001B960D21C4448CF	电影	4	1	20210901
005801FF0001007001B960D21C444A5D	电视剧	1	1	20210901
005801FF0001007001B960D21C444A5D	电视剧	2	1	20210901
005801FF0001007001B960D21C444A5D	电视剧	3	1	20210901
005801FF0001007001B960D21C444BC7	少儿	1	1	20210901
005801FF0001007001B960D21C444BFE	电视剧	1	1	20210901
005801FF0001007001B960D21C444BFE	电视剧	2	1	20210901
005801FF0001007001B960D21C444BFE	电视剧	3	1	20210901
005801FF0001007001B960D21C444BFE	电视剧	4	1	20210901
005801FF0001007001B960D21C444C19	电视剧	1	1	20210901
005801FF0001007001B960D21C444C19	电视剧	4	1	20210901
005801FF0001007003B860D21C3E1AB4	电影	1	1	20210901
005801FF0001007003B860D21C3E1AB4	电影	4	1	20210901
005801FF0001007003B860D21C3E1AD9	少儿	1	1	20210901
005801FF0001007003B860D21C3E1AD9	少儿	4	1	20210901
005801FF0001007003B860D21C3E1AF5	少儿	3	1	20210901
005801FF0001007003B860D21C3E1AF5	电影	4	1	20210901
005801FF0001007003B860D21C3E1AF5	少儿	4	2	20210901
005801FF0001007003B860D21C3E1C1F	少儿	1	1	20210901
005801FF0001007003B860D21C3E1C21	少儿	4	1	20210901
005801FF0001007003B860D21C3E1C31	少儿	3	1	20210901
005801FF0001007003B860D21C3E1C65	少儿	1	1	20210901
005801FF0001007003B860D21C3E1C65	少儿	3	1	20210901
005801FF0001007003B860D21C3E1C81	电影	1	1	20210901
005801FF0001007003B860D21C3E1CBD	少儿	1	1	20210901
005801FF0001007003B860D21C3E1CBD	少儿	4	1	20210901
005801FF0001007003B860D21C3E1D99	少儿	1	1	20210901
005801FF0001007003B860D21C3E1D99	少儿	3	1	20210901
005801FF0001007003B860D21C3E1D99	少儿	4	1	20210901
005801FF0001007003B860D21C3E1E33	电视剧	1	1	20210901
005801FF0001007003B860D21C3E1E33	电视剧	4	1	20210901
005801FF0001007003B860D21C3E1E73	少儿	1	1	20210901
005801FF0001007003B860D21C3E204D	电影	1	1	20210901
005801FF0001007003B860D21C3E204D	电视剧	1	2	20210901
005801FF0001007003B860D21C3E204D	电影	3	1	20210901
005801FF0001007003B860D21C3E20BE	电视剧	1	1	20210901
005801FF0001007003B860D21C3E20BE	电视剧	3	1	20210901
005801FF0001007003B860D21C3E210B	电视剧	1	1	20210901
005801FF0001007003B860D21C3E210B	电视剧	3	1	20210901
005801FF0001007003B860D21C3E224F	少儿	1	1	20210901
005801FF0001007003B860D21C3E224F	少儿	4	1	20210901
005801FF0001007003B860D21C3E22F6	电影	1	1	20210901
005801FF0001007003B860D21C3E2477	电影	1	1	20210901
005801FF0001007003B860D21C3E2477	电影	4	1	20210901
005801FF0001007003B860D21C3E24C9	电视剧	3	1	20210901
005801FF0001007003B860D21C3E24FF	电视剧	1	1	20210901
005801FF0001007003B860D21C3E24FF	电视剧	2	1	20210901
005801FF0001007003B860D21C3E2541	少儿	1	1	20210901
005801FF0001007003B860D21C3E2541	动漫	1	2	20210901
005801FF0001007003B860D21C3E2541	游戏	1	3	20210901
005801FF0001007003B860D21C3E25A7	少儿	1	1	20210901
005801FF0001007003B860D21C3E25F3	电视剧	1	1	20210901
005801FF0001007003B860D21C3E25F3	电影	1	2	20210901
005801FF0001007003B860D21C3E2649	电视剧	1	1	20210901
005801FF0001007003B860D21C3E2669	少儿	1	1	20210901
005801FF0001007003B860D21C3E280D	电视剧	1	1	20210901
005801FF0001007003B860D21C3E292C	电视剧	1	1	20210901
005801FF0001007003B860D21C3E29F0	电影	4	1	20210901
005801FF0001007003B860D21C3E2BB3	电视剧	1	1	20210901
005801FF0001007003B860D21C3E2C9C	少儿	1	1	20210901
005801FF0001007003B860D21C3E2C9C	少儿	3	1	20210901
005801FF0001007003B860D21C3E2CB2	少儿	1	1	20210901
005801FF0001007003B860D21C3E2CB2	电视剧	1	2	20210901
005801FF0001007003B860D21C3E2D2F	电视剧	1	1	20210901
005801FF0001007003B860D21C3E2D2F	电视剧	4	1	20210901
005801FF0001007003B860D21C3E2EB9	电视剧	1	1	20210901
005801FF0001007003B860D21C3E2F83	电影	4	1	20210901
005801FF0001007003B860D21C3E30CF	少儿	3	1	20210901
005801FF0001007003B860D21C3E30CF	少儿	4	1	20210901
005801FF0001007003B860D21C3E3145	少儿	1	1	20210901
005801FF0001007003B860D21C3E3145	电视剧	1	2	20210901
005801FF0001007003B860D21C3E31A2	电视剧	1	1	20210901
005801FF0001007003B860D21C3E31F3	电视剧	1	1	20210901
005801FF0001007003B860D21C3E31F3	电视剧	2	1	20210901
005801FF0001007003B860D21C3E31F3	电视剧	3	1	20210901
005801FF0001007003B860D21C3E31F3	电视剧	4	1	20210901
005801FF0001007003B860D21C3E3230	电视剧	1	1	20210901
005801FF0001007003B860D21C3E3230	少儿	1	2	20210901
005801FF0001007003B860D21C3E3230	电影	1	3	20210901
005801FF0001007003B860D21C3E3230	电影	3	1	20210901
005801FF0001007003B860D21C3E3230	少儿	3	2	20210901
005801FF0001007003B860D21C3E3230	电视剧	3	3	20210901
005801FF0001007003B860D21C3E32E6	少儿	1	1	20210901
005801FF0001007003B860D21C3E3406	电视剧	1	1	20210901
005801FF0001007003B860D21C3E3422	电影	1	1	20210901
005801FF0001007003B860D21C3E3422	电影	3	1	20210901
005801FF0001007003B860D21C3E3542	纪实	4	1	20210901
005801FF0001007003B860D21C3E3542	电影	4	2	20210901
005801FF0001007003B860D21C3E35E8	综艺	1	1	20210901
005801FF0001007003B860D21C3E35E8	游戏	1	2	20210901
005801FF0001007003B860D21C3E35E8	少儿	1	3	20210901
005801FF0001007003B860D21C3E35E8	游戏	3	1	20210901
005801FF0001007003B860D21C3E35E8	少儿	4	1	20210901
005801FF0001007003B860D21C3E35E8	综艺	4	2	20210901
005801FF0001007003B860D21C3E35E8	游戏	4	3	20210901
005801FF0001007003B860D21C3E361F	电视剧	1	1	20210901
005801FF0001007003B860D21C3E3651	电视剧	3	1	20210901
005801FF0001007003B860D21C3E3651	电视剧	4	1	20210901
005801FF0001007003B860D21C3E367C	少儿	2	1	20210901
005801FF0001007003B860D21C3E367C	电影	4	1	20210901
005801FF0001007003B860D21C3E3754	电视剧	1	1	20210901
005801FF0001007003B860D21C3E3754	电视剧	3	1	20210901
005801FF0001007003B860D21C3E3754	电视剧	4	1	20210901
005801FF0001007003B860D21C3E3799	电视剧	1	1	20210901
005801FF0001007003B860D21C3E3837	电视剧	1	1	20210901
005801FF0001007003B860D21C3E38A5	电视剧	4	1	20210901
005801FF0001007003B860D21C3E38AB	电视剧	1	1	20210901
005801FF0001007003B860D21C3E38AB	电视剧	2	1	20210901
005801FF0001007003B860D21C3E3A73	电视剧	1	1	20210901
005801FF0001007003B860D21C3E3A73	电视剧	4	1	20210901
005801FF0001007003B860D21C3E3AA0	电视剧	1	1	20210901
005801FF0001007003B860D21C3E3AA0	电视剧	2	1	20210901
005801FF0001007003B860D21C3E3AA0	电视剧	3	1	20210901
005801FF0001007003B860D21C3E3AC0	少儿	1	1	20210901
005801FF0001007003B860D21C3E3AC0	少儿	4	1	20210901
005801FF0001007003B860D21C3E3ACB	少儿	1	1	20210901
005801FF0001007003B860D21C3E3ACB	电影	1	2	20210901
005801FF0001007003B860D21C3E3ACB	电影	2	1	20210901
005801FF0001007003B860D21C3E3ACB	少儿	2	2	20210901
005801FF0001007003B860D21C3E3ACB	电影	3	1	20210901
005801FF0001007003B860D21C3E3ACB	少儿	3	2	20210901
005801FF0001007003B860D21C3E3ACB	少儿	4	1	20210901
005801FF0001007003B860D21C3E3B36	少儿	1	1	20210901
005801FF0001007003B860D21C3E3B36	少儿	2	1	20210901
005801FF0001007003B860D21C3E3B36	少儿	3	1	20210901
005801FF0001007003B860D21C3E3B8D	电影	1	1	20210901
005801FF0001007003B860D21C3E3B8D	电影	2	1	20210901
005801FF0001007003B860D21C3E3EA5	电视剧	1	1	20210901
005801FF0001007003B860D21C3E3EA5	电视剧	4	1	20210901
005801FF0001007003B860D21C3E3F62	电视剧	1	1	20210901
005801FF0001007003B860D21C3E3FC9	电视剧	4	1	20210901
005801FF0001007003B860D21C3E3FD4	少儿	1	1	20210901
005801FF0001007003B860D21C3E3FD4	少儿	4	1	20210901
005801FF0001007003B860D21C3E3FDA	动漫	1	1	20210901
005801FF0001007003B860D21C3E4087	少儿	1	1	20210901
005801FF0001007003B860D21C3E4087	少儿	3	1	20210901
005801FF0001007003B860D21C3E40DA	电视剧	1	1	20210901
005801FF0001007003B860D21C3E40F4	电视剧	1	1	20210901
005801FF0001007003B860D21C3E40F4	电影	1	2	20210901
005801FF0001007003B860D21C3E40F4	少儿	1	3	20210901
005801FF0001007003B860D21C3E40F4	电影	2	1	20210901
005801FF0001007003B860D21C3E40F4	少儿	3	1	20210901
005801FF0001007003B860D21C3E40F4	电视剧	3	2	20210901
005801FF0001007003B860D21C3E40F4	电影	3	3	20210901
005801FF0001007003B860D21C3E40F4	少儿	4	1	20210901
005801FF0001007005B860D21C3044F9	少儿	3	1	20210901
