htv_actorlabel_dm.deviceid	htv_actorlabel_dm.actorname	htv_actorlabel_dm.date_time
004903000003204019297C52593C36AE	其他	20210901
004903FF001847800001748F1B108D54	其他	20210901
00500300000351800038748F1BDA58C6	其他	20210901
005101FF00011810111160D21CA9B1E5	其他	20210901
005801FF0001005005D300692D37D26F	刘嘉玲	20210901
005801FF0001005005D300692D37D283	其他	20210901
005801FF0001005005D300692D37D294	其他	20210901
005801FF0001005005D300692D37D2AA	其他	20210901
005801FF0001005005D300692D37D2AF	其他	20210901
005801FF0001005005D300692D37D2EE	其他	20210901
005801FF0001005005D300692D37D332	其他	20210901
005801FF0001005005D300692D37D349	其他	20210901
005801FF0001005005D300692D37D34D	其他	20210901
005801FF0001005005D300692D37D356	其他	20210901
005801FF0001005005D300692D37D362	其他	20210901
005801FF0001005005D300692D37D362	杨幂	20210901
005801FF0001005005D300692D37D363	其他	20210901
005801FF0001005005D300692D37D37C	其他	20210901
005801FF0001005005D300692D37D3AB	其他	20210901
005801FF0001005005D300692D37D3B0	其他	20210901
005801FF0001005005D300692D37D3D5	其他	20210901
005801FF0001005005D300692D37D3D5	杨幂	20210901
005801FF0001005005D300692D37D404	其他	20210901
005801FF0001005005D300692D37D404	秦海璐	20210901
005801FF0001005005D300692D37D465	其他	20210901
005801FF0001005005D300692D37D4A1	其他	20210901
005801FF0001005005D300692D37D4AD	其他	20210901
005801FF0001005005D300692D37D4BE	其他	20210901
005801FF0001005005D300692D37D4C1	其他	20210901
005801FF0001005005D300692D37D4C1	周迅	20210901
005801FF0001005005D300692D37D4D7	吴京	20210901
005801FF0001005005D300692D37D4D7	黄晓明	20210901
005801FF0001005005D300692D37D4DB	杨幂	20210901
005801FF0001005005D300692D37D55D	其他	20210901
005801FF0001005005D300692D37D5AA	其他	20210901
005801FF0001005005D300692D37D5E3	其他	20210901
005801FF0001005005D300692D37D62B	刘涛	20210901
005801FF0001005005D300692D37D630	其他	20210901
005801FF0001005005D300692D37D643	其他	20210901
005801FF0001005005D300692D37D67D	其他	20210901
005801FF0001005005D300692D37D67D	彭于晏	20210901
005801FF0001005005D300692D37D67E	其他	20210901
005801FF0001005005D300692D37D6B0	其他	20210901
005801FF0001005005D300692D37D6D4	其他	20210901
005801FF0001005005D300692D37D70E	其他	20210901
005801FF0001005005D300692D37D74C	其他	20210901
005801FF0001005005D300692D37D74E	其他	20210901
005801FF0001005005D300692D37D75D	其他	20210901
005801FF0001005005D300692D37D75D	李现	20210901
005801FF0001005005D300692D37D7A5	其他	20210901
005801FF0001005005D300692D37D7AE	李溪芮	20210901
005801FF0001005005D300692D37D7C5	张译	20210901
005801FF0001005005D300692D37D7D5	其他	20210901
005801FF0001005005D300692D37D7D5	彭于晏	20210901
005801FF0001005005D300692D37D7D5	黄渤	20210901
005801FF0001005005D300692D37D7D6	刘涛	20210901
005801FF0001005005D300692D37D7D6	刘诗诗	20210901
005801FF0001005005D300692D37D7D6	唐嫣	20210901
005801FF0001005005D300692D37D7D6	杨幂	20210901
005801FF0001005005D300692D37D7E1	其他	20210901
005801FF0001005005D300692D37D81A	宁静	20210901
005801FF0001005005D300692D37D81A	黄晓明	20210901
005801FF0001005005D300692D37D81D	其他	20210901
005801FF0001005005D300692D37D835	其他	20210901
005801FF0001005005D300692D37D835	杨颖	20210901
005801FF0001005005D300692D37D85B	其他	20210901
005801FF0001005005D300692D37D85B	沈腾	20210901
005801FF0001005005D300692D37D85F	其他	20210901
005801FF0001005005D300692D37D883	其他	20210901
005801FF0001005005D300692D37D886	其他	20210901
005801FF0001005005D300692D37D8A7	其他	20210901
005801FF0001005005D300692D37D8C1	其他	20210901
005801FF0001005005D300692D37D8C3	其他	20210901
005801FF0001005005D300692D37D8C7	其他	20210901
005801FF0001005005D300692D37D914	其他	20210901
005801FF0001005005D300692D37D915	杨颖	20210901
005801FF0001005005D300692D37D93C	其他	20210901
005801FF0001005005D300692D37D93C	杨紫	20210901
005801FF0001005005D300692D37D962	其他	20210901
005801FF0001005005D300692D37D96B	佟大为	20210901
005801FF0001005005D300692D37D96B	其他	20210901
005801FF0001005005D300692D37D979	其他	20210901
005801FF0001005005D300692D37D981	其他	20210901
005801FF0001005005D300692D37D998	其他	20210901
005801FF0001005005D300692D37D9BB	其他	20210901
005801FF0001005005D300692D37D9DA	其他	20210901
005801FF0001005005D300692D37DA62	其他	20210901
005801FF0001005005D300692D37DA62	林心如	20210901
005801FF0001005005D300692D37DA68	其他	20210901
005801FF0001005005D300692D37DA69	其他	20210901
005801FF0001005005D300692D37DA69	杨紫	20210901
005801FF0001005005D300692D37DA6C	其他	20210901
005801FF0001005005D300692D37DA6D	其他	20210901
005801FF0001005005D300692D37DA71	其他	20210901
005801FF0001005005D300692D37DA82	其他	20210901
005801FF0001005005D300692D37DA82	巩俐	20210901
005801FF0001005005D300692D37DA9E	其他	20210901
005801FF0001005005D300692D37DAB3	其他	20210901
005801FF0001005005D300692D37DAC3	其他	20210901
005801FF0001005005D300692D37DACC	其他	20210901
005801FF0001005005D300692D37DB11	其他	20210901
005801FF0001005005D300692D37DB74	其他	20210901
005801FF0001005005D300692D37DB9E	其他	20210901
005801FF0001005005D300692D37DBBF	其他	20210901
005801FF0001005005D300692D37DBE8	陈浩民	20210901
005801FF0001005005D300692D37DC57	其他	20210901
005801FF0001005005D300692D37DC8E	其他	20210901
005801FF0001005005D300692D37DC95	宁静	20210901
005801FF0001005005D300692D37DCA8	其他	20210901
005801FF0001005005D300692D37DCAC	其他	20210901
005801FF0001005005D300692D37DCBE	其他	20210901
005801FF0001005005D300692D37DCC3	其他	20210901
005801FF0001005005D300692D37DCCE	其他	20210901
005801FF0001005005D300692D37DCD7	杨颖	20210901
005801FF0001005005D300692D37DCD7	陈赫	20210901
005801FF0001005005D300692D37DCEC	其他	20210901
005801FF0001005005D300692D37DCF3	其他	20210901
005801FF0001005005D300692D37DD13	其他	20210901
005801FF0001005005D300692D37DD1B	其他	20210901
005801FF0001005005D300692D37DD54	其他	20210901
005801FF0001005005D300692D37DD63	其他	20210901
005801FF0001005005D300692D37DD80	严屹宽	20210901
005801FF0001005005D300692D37DD80	其他	20210901
005801FF0001005005D300692D37DD80	刘涛	20210901
005801FF0001005005D300692D37DDA1	其他	20210901
005801FF0001005005D300692D37DDDB	其他	20210901
005801FF0001005005D300692D37DE18	其他	20210901
005801FF0001005005D300692D37DE1C	其他	20210901
005801FF0001005005D300692D37DE9C	其他	20210901
005801FF0001005005D300692D37DEAC	其他	20210901
005801FF0001005005D300692D37DECB	其他	20210901
005801FF0001005005D300692D37DED0	其他	20210901
005801FF0001005005D300692D37DEDE	其他	20210901
005801FF0001005005D300692D37DF04	其他	20210901
005801FF0001005005D300692D37DF18	杨洋	20210901
005801FF0001005005D300692D37DF31	其他	20210901
005801FF0001005005D300692D37DF32	宁静	20210901
005801FF0001005005D300692D37DF36	其他	20210901
005801FF0001005005D300692D37DF3C	其他	20210901
005801FF0001005005D300692D37DF65	其他	20210901
005801FF0001005005D300692D37DF96	其他	20210901
005801FF0001005005D300692D37DF9F	其他	20210901
005801FF0001005005D300692D37DFAA	其他	20210901
005801FF0001005005D300692D37DFE1	其他	20210901
005801FF0001005005D300692D37DFE1	杨采钰	20210901
005801FF0001005005D300692D37DFE1	陈赫	20210901
005801FF0001005005D300692D37E000	其他	20210901
005801FF0001005005D300692D37E06D	其他	20210901
005801FF0001005005D300692D37E09D	其他	20210901
005801FF0001005005D300692D37E0AB	张卫健	20210901
005801FF0001005005D300692D37E0AB	杨幂	20210901
005801FF0001005005D300692D37E0D8	其他	20210901
005801FF0001005005D300692D37E0D8	沈腾	20210901
005801FF0001005005D300692D37E0D8	陈赫	20210901
005801FF0001005005D300692D37E0FA	佟丽娅	20210901
005801FF0001005005D300692D37E117	任嘉伦	20210901
005801FF0001005005D300692D37E117	倪妮	20210901
005801FF0001005005D300692D37E154	其他	20210901
005801FF0001005005D300692D37E159	其他	20210901
005801FF0001005005D300692D37E19B	其他	20210901
005801FF0001005005D300692D37E1CE	其他	20210901
005801FF0001005005D300692D37E1CF	其他	20210901
005801FF0001005005D300692D37E1DD	其他	20210901
005801FF0001005005D300692D37E223	其他	20210901
005801FF0001005005D300692D37E225	其他	20210901
005801FF0001005005D300692D37E236	其他	20210901
005801FF0001005005D300692D37E237	其他	20210901
005801FF0001005005D300692D37E247	其他	20210901
005801FF0001005005D300692D37E24F	其他	20210901
005801FF0001005005D300692D37E259	其他	20210901
005801FF0001005005D300692D37E27D	其他	20210901
005801FF0001005005D300692D37E2A3	其他	20210901
005801FF0001005005D300692D37E2B9	其他	20210901
005801FF0001005005D300692D37E2BF	其他	20210901
005801FF0001005005D300692D37E2BF	张嘉益	20210901
005801FF0001005005D300692D37E2C3	其他	20210901
005801FF0001005005D300692D37E2C3	杨幂	20210901
005801FF0001005005D300692D37E2C3	邓伦	20210901
005801FF0001005005D300692D37E2EA	其他	20210901
005801FF0001005005D300692D37E365	其他	20210901
005801FF0001005005D300692D37E372	其他	20210901
005801FF0001005005D300692D37E386	王千源	20210901
005801FF0001005005D300692D37E401	其他	20210901
005801FF0001005005D300692D37E415	其他	20210901
005801FF0001005005D300692D37E434	佟丽娅	20210901
005801FF0001005005D300692D37E434	其他	20210901
005801FF0001005005D300692D37E469	其他	20210901
005801FF0001005005D300692D37E492	其他	20210901
005801FF0001005005D300692D37E4BF	其他	20210901
005801FF0001005005D300692D37E4DE	陈浩民	20210901
005801FF0001005005D300692D37E4F1	其他	20210901
005801FF0001005005D300692D37E50B	其他	20210901
005801FF0001005005D300692D37E523	刘涛	20210901
005801FF0001005005D300692D37E528	吴京	20210901
005801FF0001005005D300692D37E56D	其他	20210901
005801FF0001005005D300692D37E5DE	其他	20210901
005801FF0001005005D300692D37E5F8	杨幂	20210901
005801FF0001005005D300692D37E609	其他	20210901
005801FF0001005005D300692D37E6AF	其他	20210901
005801FF0001005005D300692D37E6BE	其他	20210901
005801FF0001005005D300692D37E6C3	其他	20210901
005801FF0001005005D300692D37E6C6	其他	20210901
005801FF0001005005D300692D37E6CC	其他	20210901
005801FF0001005005D300692D37E6D9	其他	20210901
005801FF0001005005D300692D37E6E7	蒋欣	20210901
005801FF0001005005D300692D37E6F6	其他	20210901
005801FF0001005005D300692D37E6F6	邓超	20210901
005801FF0001005005D300692D37E6F8	其他	20210901
005801FF0001005005D300692D37E702	胡可	20210901
005801FF0001005005D300692D37E704	其他	20210901
005801FF0001005005D300692D37E704	包贝尔	20210901
005801FF0001005005D300692D37E725	其他	20210901
005801FF0001005005D300692D37E739	蒋欣	20210901
005801FF0001005005D300692D37E767	其他	20210901
005801FF0001005005D300692D37E774	其他	20210901
005801FF0001005005D300692D37E777	其他	20210901
005801FF0001005005D300692D37E77C	其他	20210901
005801FF0001005005D300692D37E783	钟汉良	20210901
005801FF0001005005D300692D37E7A1	其他	20210901
005801FF0001005005D300692D37E7B0	张嘉益	20210901
005801FF0001005005D300692D37E7EF	其他	20210901
005801FF0001005005D300692D37E801	其他	20210901
005801FF0001005005D300692D37E80B	其他	20210901
005801FF0001005005D300692D37E80B	沈腾	20210901
005801FF0001005005D300692D37E82F	佟丽娅	20210901
005801FF0001005005D300692D37E82F	杨幂	20210901
005801FF0001005005D300692D37E841	其他	20210901
005801FF0001005005D300692D37E841	杨颖	20210901
005801FF0001005005D300692D37E843	其他	20210901
005801FF0001005005D300692D37E843	杨颖	20210901
005801FF0001005005D300692D37E891	其他	20210901
005801FF0001005005D300692D37E89D	佟丽娅	20210901
005801FF0001005005D300692D37E8AA	其他	20210901
005801FF0001005005D300692D37E8F3	其他	20210901
005801FF0001005005D300692D37E918	其他	20210901
005801FF0001005005D300692D37E918	刘诗诗	20210901
005801FF0001005005D300692D37E918	唐嫣	20210901
005801FF0001005005D300692D37E918	杨幂	20210901
005801FF0001005005D300692D37E918	杨洋	20210901
005801FF0001005005D300692D37E919	其他	20210901
005801FF0001005005D300692D37E92C	其他	20210901
005801FF0001005005D300692D37E972	于震	20210901
005801FF0001005005D300692D37E972	其他	20210901
005801FF0001005005D300692D37E99E	其他	20210901
005801FF0001005005D300692D37E9B6	其他	20210901
005801FF0001005005D300692D37E9BF	其他	20210901
005801FF0001005005D300692D37EA3D	其他	20210901
005801FF0001005005D300692D37EA9E	其他	20210901
005801FF0001005005D300692D37EAA9	其他	20210901
005801FF0001005005D300692D37EABB	其他	20210901
005801FF0001005005D300692D37EABC	张译	20210901
005801FF0001005005D300692D37EABC	葛优	20210901
005801FF0001005005D300692D37EABC	黄渤	20210901
005801FF0001005005D300692D37EACD	其他	20210901
005801FF0001005005D300692D37EAD8	其他	20210901
005801FF0001005005D300692D37EAEB	其他	20210901
005801FF0001005005D300692D37EB2A	其他	20210901
005801FF0001005005D300692D37EB36	成龙	20210901
005801FF0001005005D300692D37EB61	其他	20210901
005801FF0001005005D300692D37EB61	陈赫	20210901
005801FF0001005005D300692D37EB8D	其他	20210901
005801FF0001005005D300692D37EB8E	其他	20210901
005801FF0001005005D300692D37EB99	其他	20210901
005801FF0001005005D300692D37EBCA	其他	20210901
005801FF0001005005D300692D37EBEC	其他	20210901
005801FF0001005005D300692D37EBFB	其他	20210901
005801FF0001005005D300692D37EBFE	其他	20210901
005801FF0001005005D300692D37EC00	其他	20210901
005801FF0001005005D300692D37EC1D	其他	20210901
005801FF0001005005D300692D37EC1D	陈浩民	20210901
005801FF0001005005D300692D37EC31	其他	20210901
005801FF0001005005D300692D37EC5D	包贝尔	20210901
005801FF0001005005D300692D37EC5D	古天乐	20210901
005801FF0001005005D300692D37EC6E	其他	20210901
005801FF0001005005D300692D37EC72	其他	20210901
005801FF0001005005D300692D37EC93	其他	20210901
005801FF0001005005D300692D37ECA2	其他	20210901
005801FF0001005005D300692D37ED04	邓超	20210901
005801FF0001005005D300692D37ED04	陈赫	20210901
005801FF0001005005D300692D37ED16	其他	20210901
005801FF0001005005D300692D37ED35	佟丽娅	20210901
005801FF0001005005D300692D37ED35	杨幂	20210901
005801FF0001005005D300692D37ED43	其他	20210901
005801FF0001005005D300692D37ED43	吴京	20210901
005801FF0001005005D300692D37ED5F	其他	20210901
005801FF0001005005D300692D37ED81	其他	20210901
005801FF0001005005D300692D37EDA2	沈腾	20210901
005801FF0001005005D300692D37EDA2	黄渤	20210901
005801FF0001005005D300692D37EDA7	陈浩民	20210901
005801FF0001005005D300692D37EDC7	其他	20210901
005801FF0001005005D300692D37EDC7	宁静	20210901
005801FF0001005005D300692D37EDC7	黄晓明	20210901
005801FF0001005005D300692D37EDE1	其他	20210901
005801FF0001005005D300692D37EE2A	其他	20210901
005801FF0001005005D300692D37EE3D	其他	20210901
005801FF0001005005D300692D37EE7E	其他	20210901
005801FF0001005005D300692D37EE7E	陈浩民	20210901
005801FF0001005005D300692D37EE92	其他	20210901
005801FF0001005005D300692D37EE9A	其他	20210901
005801FF0001005005D300692D37EEAE	其他	20210901
005801FF0001005005D300692D37EEAF	其他	20210901
005801FF0001005005D300692D37EEC5	其他	20210901
005801FF0001005005D300692D37EECA	其他	20210901
005801FF0001005005D300692D37EECA	宁静	20210901
005801FF0001005005D300692D37EECC	其他	20210901
005801FF0001005005D300692D37EF2E	陆毅	20210901
005801FF0001005005D300692D37EF2F	其他	20210901
005801FF0001005005D300692D37EF2F	陈浩民	20210901
005801FF0001005005D300692D37EF3C	其他	20210901
005801FF0001005005D300692D37EF3E	其他	20210901
005801FF0001005005D300692D37EF6A	其他	20210901
005801FF0001005005D300692D37EF71	其他	20210901
005801FF0001005005D300692D37EF87	其他	20210901
005801FF0001005005D300692D37EFAC	其他	20210901
005801FF0001005005D300692D37EFB3	其他	20210901
005801FF0001005005D300692D37EFCC	其他	20210901
005801FF0001005005D300692D37EFD0	其他	20210901
005801FF0001005005D300692D37EFD3	其他	20210901
005801FF0001005005D300692D37EFD7	其他	20210901
005801FF0001005005D300692D37EFDC	其他	20210901
005801FF0001005005D300692D37EFEB	其他	20210901
005801FF0001005005D300692D37EFEB	杨颖	20210901
005801FF0001005005D300692D37EFF9	其他	20210901
005801FF0001005005D300692D37EFFB	其他	20210901
005801FF0001005005D300692D37F019	其他	20210901
005801FF0001005005D300692D37F038	其他	20210901
005801FF0001005005D300692D37F038	巩俐	20210901
005801FF0001005005D300692D37F09E	其他	20210901
005801FF0001005005D300692D37F0AC	其他	20210901
005801FF0001005005D300692D37F0CC	其他	20210901
005801FF0001005005D300692D37F112	其他	20210901
005801FF0001005005D300692D37F112	宁静	20210901
005801FF0001005005D300692D37F117	其他	20210901
005801FF0001005005D300692D37F130	其他	20210901
005801FF0001005005D300692D37F14D	其他	20210901
005801FF0001005005D300692D37F14D	刘诗诗	20210901
005801FF0001005005D300692D37F14D	霍建华	20210901
005801FF0001005005D300692D37F16F	其他	20210901
005801FF0001005005D300692D37F173	其他	20210901
005801FF0001005005D300692D37F1AE	其他	20210901
005801FF0001005005D300692D37F1DC	其他	20210901
005801FF0001005005D300692D37F1FB	黄渤	20210901
005801FF0001005005D300692D37F1FC	其他	20210901
005801FF0001005005D300692D37F1FC	沈腾	20210901
005801FF0001005005D300692D37F257	其他	20210901
005801FF0001005005D300692D37F258	其他	20210901
005801FF0001005005D300692D37F25E	其他	20210901
005801FF0001005005D300692D37F28F	其他	20210901
005801FF0001005005D300692D37F296	刘诗诗	20210901
005801FF0001005005D300692D37F296	唐嫣	20210901
005801FF0001005005D300692D37F296	胡歌	20210901
005801FF0001005005D300692D37F2D9	其他	20210901
005801FF0001005005D300692D37F2D9	李溪芮	20210901
005801FF0001005005D300692D37F2F3	其他	20210901
005801FF0001005005D300692D37F30A	其他	20210901
005801FF0001005005D300692D37F30E	其他	20210901
005801FF0001005005D300692D37F33D	其他	20210901
005801FF0001005005D300692D37F358	其他	20210901
005801FF0001005005D300692D37F377	其他	20210901
005801FF0001005005D300692D37F37B	其他	20210901
005801FF0001005005D300692D37F39F	其他	20210901
005801FF0001005005D300692D37F3C2	其他	20210901
005801FF0001005005D300692D37F3C3	其他	20210901
005801FF0001005005D300692D37F3D1	其他	20210901
005801FF0001005005D300692D37F3D8	其他	20210901
005801FF0001005005D300692D37F418	其他	20210901
005801FF0001005005D300692D37F428	陈赫	20210901
005801FF0001005005D300692D37F42D	其他	20210901
005801FF0001005005D300692D37F45E	其他	20210901
005801FF0001005005D300692D37F4BB	其他	20210901
005801FF0001005005D300692D37F4DB	张嘉益	20210901
005801FF0001005005D300692D37F4DC	其他	20210901
005801FF0001005005D300692D37F503	其他	20210901
005801FF0001005005D300692D37F534	其他	20210901
005801FF0001005005D300692D37F56A	其他	20210901
005801FF0001005005D300692D37F578	其他	20210901
005801FF0001005005D300692D37F5ED	其他	20210901
005801FF0001005005D300692D37F5EF	其他	20210901
005801FF0001005005D300692D37F5F6	其他	20210901
005801FF0001005005D300692D37F5FA	张嘉益	20210901
005801FF0001005005D300692D37F611	其他	20210901
005801FF0001005005D300692D37F616	沈腾	20210901
005801FF0001005005D300692D37F62E	其他	20210901
005801FF0001005005D300692D37F655	其他	20210901
005801FF0001005005D300692D37F655	刘嘉玲	20210901
005801FF0001005005D300692D37F6A1	其他	20210901
005801FF0001005005D300692D37F6AF	其他	20210901
005801FF0001005005D300692D37F6D3	其他	20210901
005801FF0001005005D300692D37F715	其他	20210901
005801FF0001005005D300692D37F715	沈腾	20210901
005801FF0001005005D300692D37F715	邓伦	20210901
005801FF0001005005D300692D37F72A	其他	20210901
005801FF0001005005D300692D37F72A	沈腾	20210901
005801FF0001005005D300692D37F79C	其他	20210901
005801FF0001005005D300692D37F7AC	其他	20210901
005801FF0001005005D300692D37F7E6	杨颖	20210901
005801FF0001005005D300692D37F7F1	乔振宇	20210901
005801FF0001005005D300692D37F7F1	其他	20210901
005801FF0001005005D300692D37F7F5	其他	20210901
005801FF0001005005D300692D37F803	其他	20210901
005801FF0001005005D300692D37F803	唐嫣	20210901
005801FF0001005005D300692D37F803	胡歌	20210901
005801FF0001005005D300692D37F803	霍建华	20210901
005801FF0001005005D300692D37F816	倪妮	20210901
005801FF0001005005D300692D37F816	杨颖	20210901
005801FF0001005005D300692D37F816	霍建华	20210901
005801FF0001005005D300692D37F830	其他	20210901
005801FF0001005005D300692D37F85E	其他	20210901
005801FF0001005005D300692D37F866	其他	20210901
005801FF0001005005D300692D37F876	其他	20210901
005801FF0001005005D300692D37F8AE	其他	20210901
005801FF0001005005D300692D37F8B0	其他	20210901
005801FF0001005005D300692D37F8B2	其他	20210901
005801FF0001005005D300692D37F8CB	其他	20210901
005801FF0001005005D300692D37F8D0	任嘉伦	20210901
005801FF0001005005D300692D37F8D0	其他	20210901
005801FF0001005005D300692D37F8D3	其他	20210901
005801FF0001005005D300692D37F8D3	陈浩民	20210901
005801FF0001005005D300692D37F8E3	其他	20210901
005801FF0001005005D300692D37F906	其他	20210901
005801FF0001005005D300692D37F909	其他	20210901
005801FF0001005005D300692D37F910	其他	20210901
005801FF0001005005D300692D37F93C	其他	20210901
005801FF0001005005D300692D37F94A	其他	20210901
005801FF0001005005D300692D37F95A	其他	20210901
005801FF0001005005D300692D37F968	其他	20210901
005801FF0001005005D300692D37F968	李溪芮	20210901
005801FF0001005005D300692D37F97A	其他	20210901
005801FF0001005005D300692D37F9B7	其他	20210901
005801FF0001005005D300692D37F9C3	其他	20210901
005801FF0001005005D300692D37F9CF	其他	20210901
005801FF0001005005D300692D37F9CF	成龙	20210901
005801FF0001005005D300692D37F9F0	其他	20210901
005801FF0001005005D300692D37F9F2	其他	20210901
005801FF0001005005D300692D37F9F6	其他	20210901
005801FF0001005005D300692D37FA14	其他	20210901
005801FF0001005005D300692D37FA24	杨洋	20210901
005801FF0001005005D300692D37FA2B	其他	20210901
005801FF0001005005D300692D37FA30	倪妮	20210901
005801FF0001005005D300692D37FA30	其他	20210901
005801FF0001005005D300692D37FA30	杨洋	20210901
005801FF0001005005D300692D37FA30	邓超	20210901
005801FF0001005005D300692D37FA38	其他	20210901
005801FF0001005005D300692D37FA39	其他	20210901
005801FF0001005005D300692D37FA3E	其他	20210901
005801FF0001005005D300692D37FA5B	其他	20210901
005801FF0001005005D300692D37FA69	其他	20210901
005801FF0001005005D300692D37FA8D	杨幂	20210901
005801FF0001005005D300692D37FA98	陈赫	20210901
005801FF0001005005D300692D37FAA1	其他	20210901
005801FF0001005005D300692D37FACC	其他	20210901
005801FF0001005005D300692D37FAD1	其他	20210901
005801FF0001005005D300692D37FAF5	其他	20210901
005801FF0001005005D300692D37FAF5	刘青云	20210901
005801FF0001005005D300692D37FAF9	其他	20210901
005801FF0001005005D300692D37FB04	其他	20210901
005801FF0001005005D300692D37FB1D	其他	20210901
005801FF0001005005D300692D37FB38	其他	20210901
005801FF0001005005D300692D37FB39	其他	20210901
005801FF0001005005D300692D37FB3A	其他	20210901
005801FF0001005005D300692D37FB60	其他	20210901
005801FF0001005005D300692D37FB60	陈浩民	20210901
005801FF0001005005D300692D37FB72	其他	20210901
005801FF0001005005D300692D37FB83	其他	20210901
005801FF0001005005D300692D37FBB0	其他	20210901
005801FF0001005005D300692D37FBB5	其他	20210901
005801FF0001005005D300692D37FBB8	其他	20210901
005801FF0001005005D300692D37FBCD	其他	20210901
005801FF0001005005D300692D37FBDA	乔振宇	20210901
005801FF0001005005D300692D37FBDA	其他	20210901
005801FF0001005005D300692D37FBEC	其他	20210901
005801FF0001005005D300692D37FBEC	杨颖	20210901
005801FF0001005005D300692D37FC26	其他	20210901
005801FF0001005005D300692D37FC2A	其他	20210901
005801FF0001005005D300692D37FC49	其他	20210901
005801FF0001005005D300692D37FC4F	其他	20210901
005801FF0001005005D300692D37FC52	其他	20210901
005801FF0001005005D300692D37FC52	沈腾	20210901
005801FF0001005005D300692D37FC5A	其他	20210901
005801FF0001005005D300692D37FC62	其他	20210901
005801FF0001005005D300692D37FCA3	杨幂	20210901
005801FF0001005005D300692D37FCA3	邓伦	20210901
005801FF0001005005D300692D37FCA8	其他	20210901
005801FF0001005005D300692D37FCB5	其他	20210901
005801FF0001005005D300692D37FCB7	其他	20210901
005801FF0001005005D300692D37FCD7	其他	20210901
005801FF0001005005D300692D37FCF9	其他	20210901
005801FF0001005005D300692D37FD06	其他	20210901
005801FF0001005005D300692D37FD24	其他	20210901
005801FF0001005005D300692D37FD32	其他	20210901
005801FF0001005005D300692D37FD39	其他	20210901
005801FF0001005005D300692D37FD3F	其他	20210901
005801FF0001005005D300692D37FD4B	其他	20210901
005801FF0001005005D300692D37FD6B	其他	20210901
005801FF0001005005D300692D37FD7C	其他	20210901
005801FF0001005005D300692D37FD86	任嘉伦	20210901
005801FF0001005005D300692D37FD86	其他	20210901
005801FF0001005005D300692D37FD86	沈腾	20210901
005801FF0001005005D300692D37FDB5	其他	20210901
005801FF0001005005D300692D37FE26	其他	20210901
005801FF0001005005D300692D37FE27	其他	20210901
005801FF0001005005D300692D37FE31	其他	20210901
005801FF0001005005D300692D37FE3A	乔振宇	20210901
005801FF0001005005D300692D37FE3A	其他	20210901
005801FF0001005005D300692D37FE4B	其他	20210901
005801FF0001005005D300692D37FE4D	其他	20210901
005801FF0001005005D300692D37FE69	邓超	20210901
005801FF0001005005D300692D37FE6A	周迅	20210901
005801FF0001005005D300692D37FE6A	巩俐	20210901
005801FF0001005005D300692D37FE6A	杨洋	20210901
005801FF0001005005D300692D37FE80	杨颖	20210901
005801FF0001005005D300692D37FE80	邓超	20210901
005801FF0001005005D300692D37FE80	陈赫	20210901
005801FF0001005005D300692D37FE90	其他	20210901
005801FF0001005005D300692D37FE90	刘涛	20210901
005801FF0001005005D300692D37FEC3	乔振宇	20210901
005801FF0001005005D300692D37FEC3	其他	20210901
005801FF0001005005D300692D37FEC4	其他	20210901
005801FF0001005005D300692D37FECC	严屹宽	20210901
005801FF0001005005D300692D37FECC	李依晓	20210901
005801FF0001005005D300692D37FED7	其他	20210901
005801FF0001005005D300692D37FED7	窦骁	20210901
005801FF0001005005D300692D37FEF4	张译	20210901
005801FF0001005005D300692D37FEF4	葛优	20210901
005801FF0001005005D300692D37FEF9	其他	20210901
005801FF0001005005D300692D37FEF9	陆毅	20210901
005801FF0001005005D300692D37FF0B	其他	20210901
005801FF0001005005D300692D37FF0F	沈腾	20210901
005801FF0001005005D300692D37FF0F	邓伦	20210901
005801FF0001005005D300692D37FF2D	其他	20210901
005801FF0001005005D300692D37FF2E	严屹宽	20210901
005801FF0001005005D300692D37FF2E	其他	20210901
005801FF0001005005D300692D37FF2E	刘涛	20210901
005801FF0001005005D300692D37FF47	佟丽娅	20210901
005801FF0001005005D300692D37FF47	杨幂	20210901
005801FF0001005005D300692D37FF49	其他	20210901
005801FF0001005005D300692D37FF51	其他	20210901
005801FF0001005005D300692D37FF5D	其他	20210901
005801FF0001005005D300692D37FF5D	杨颖	20210901
005801FF0001005005D300692D37FF5D	沈腾	20210901
005801FF0001005005D300692D37FF68	陈浩民	20210901
005801FF0001005005D300692D37FF82	其他	20210901
005801FF0001005005D300692D37FF87	其他	20210901
005801FF0001005005D300692D37FF9D	其他	20210901
005801FF0001005005D300692D37FF9D	杨颖	20210901
005801FF0001005005D300692D37FF9D	邓超	20210901
005801FF0001005005D300692D37FF9D	陈赫	20210901
005801FF0001005005D300692D37FFA0	其他	20210901
005801FF0001005005D300692D37FFAC	其他	20210901
005801FF0001005005D300692D37FFBA	其他	20210901
005801FF0001005005D300692D37FFBF	其他	20210901
005801FF0001005005D300692D37FFC5	其他	20210901
005801FF0001005005D300692D37FFCF	其他	20210901
005801FF0001005005D300692D37FFDA	沈腾	20210901
005801FF0001005005D300692D37FFDD	其他	20210901
005801FF0001005005D300692D37FFDD	杨紫	20210901
005801FF0001005005D300692D37FFE5	杨幂	20210901
005801FF0001005005D300692D37FFEB	其他	20210901
005801FF0001005005D300692D37FFEE	其他	20210901
005801FF0001005005D300692D37FFFB	其他	20210901
005801FF0001005005D300692D380022	其他	20210901
005801FF0001005005D300692D380026	其他	20210901
005801FF0001005005D300692D38003F	其他	20210901
005801FF0001005005D300692D380051	其他	20210901
005801FF0001005005D300692D380061	张译	20210901
005801FF0001005005D300692D3800DD	其他	20210901
005801FF0001005005D300692D3800E2	其他	20210901
005801FF0001005005D300692D3800FC	其他	20210901
005801FF0001005005D300692D38010C	其他	20210901
005801FF0001005005D300692D38012B	其他	20210901
005801FF0001005005D300692D38013D	佟丽娅	20210901
005801FF0001005005D300692D38013D	其他	20210901
005801FF0001005005D300692D380192	沈腾	20210901
005801FF0001005005D300692D380196	其他	20210901
005801FF0001005005D300692D38019F	沈腾	20210901
005801FF0001005005D300692D3801AD	其他	20210901
005801FF0001005005D300692D3801BE	其他	20210901
005801FF0001005005D300692D3801CA	其他	20210901
005801FF0001005005D300692D3801FC	其他	20210901
005801FF0001005005D300692D380204	其他	20210901
005801FF0001005005D300692D38021F	其他	20210901
005801FF0001005005D300692D380220	其他	20210901
005801FF0001005005D300692D38023A	其他	20210901
005801FF0001005005D300692D38023A	张译	20210901
005801FF0001005005D300692D38023A	葛优	20210901
005801FF0001005005D300692D38023A	黄渤	20210901
005801FF0001005005D300692D380262	其他	20210901
005801FF0001005005D300692D380267	其他	20210901
005801FF0001005005D300692D38026E	佟大为	20210901
005801FF0001005005D300692D38026E	胡可	20210901
005801FF0001005005D300692D380271	其他	20210901
005801FF0001005005D300692D380271	杨颖	20210901
005801FF0001005005D300692D380297	古天乐	20210901
005801FF0001005005D300692D380297	杨洋	20210901
005801FF0001005005D300692D3802B3	其他	20210901
005801FF0001005005D300692D38032C	其他	20210901
005801FF0001005005D300692D380345	其他	20210901
005801FF0001005005D300692D380345	成龙	20210901
005801FF0001005005D300692D380345	陈浩民	20210901
005801FF0001005005D300692D380366	其他	20210901
005801FF0001005005D300692D38036B	其他	20210901
005801FF0001005005D300692D380373	其他	20210901
005801FF0001005005D300692D380396	其他	20210901
005801FF0001005005D300692D3803AF	其他	20210901
005801FF0001005005D300692D3803C0	其他	20210901
005801FF0001005005D300692D3803E0	严屹宽	20210901
005801FF0001005005D300692D3803E0	李依晓	20210901
005801FF0001005005D300692D3803F4	其他	20210901
005801FF0001005005D300692D380413	其他	20210901
005801FF0001005005D300692D380442	其他	20210901
005801FF0001005005D300692D380442	宁静	20210901
005801FF0001005005D300692D380442	沈腾	20210901
005801FF0001005005D300692D380442	秦海璐	20210901
005801FF0001005005D300692D380445	其他	20210901
005801FF0001005005D300692D38048F	其他	20210901
005801FF0001005005D300692D3804A9	其他	20210901
005801FF0001005005D300692D3804AD	其他	20210901
005801FF0001005005D300692D3804B5	其他	20210901
005801FF0001005005D300692D3804B6	杨洋	20210901
005801FF0001005005D300692D3804BA	其他	20210901
005801FF0001005005D300692D3804D5	其他	20210901
005801FF0001005005D300692D3804DB	其他	20210901
005801FF0001005005D300692D3804EB	其他	20210901
005801FF0001005005D300692D380504	其他	20210901
005801FF0001005005D300692D38052A	巩俐	20210901
005801FF0001005005D300692D38052A	王千源	20210901
005801FF0001005005D300692D380530	其他	20210901
005801FF0001005005D300692D380530	周迅	20210901
005801FF0001005005D300692D380530	钟汉良	20210901
005801FF0001005005D300692D380558	刘涛	20210901
005801FF0001005005D300692D38055B	佟丽娅	20210901
005801FF0001005005D300692D38055B	其他	20210901
005801FF0001005005D300692D38055C	其他	20210901
005801FF0001005005D300692D380560	其他	20210901
005801FF0001005005D300692D38058B	其他	20210901
005801FF0001005005D300692D380597	其他	20210901
005801FF0001005005D300692D3805B2	其他	20210901
005801FF0001005005D300692D3805D0	其他	20210901
005801FF0001005005D300692D380633	其他	20210901
005801FF0001005005D300692D38063D	严屹宽	20210901
005801FF0001005005D300692D38063D	其他	20210901
005801FF0001005005D300692D38063D	李依晓	20210901
005801FF0001005005D300692D380647	其他	20210901
005801FF0001005005D300692D380659	沈腾	20210901
005801FF0001005005D300692D380659	葛优	20210901
005801FF0001005005D300692D380659	邓超	20210901
005801FF0001005005D300692D380659	黄渤	20210901
005801FF0001005005D300692D38065A	其他	20210901
005801FF0001005005D300692D38068C	其他	20210901
005801FF0001005005D300692D380690	其他	20210901
005801FF0001005005D300692D3806D9	其他	20210901
005801FF0001005005D300692D3806F5	其他	20210901
005801FF0001005005D300692D380732	刘嘉玲	20210901
005801FF0001005005D300692D380732	古天乐	20210901
005801FF0001005005D300692D380732	陈伟霆	20210901
005801FF0001005005D300692D380732	陈赫	20210901
005801FF0001005005D300692D380733	其他	20210901
005801FF0001005005D300692D380733	刘涛	20210901
005801FF0001005005D300692D380735	其他	20210901
005801FF0001005005D300692D38074F	其他	20210901
005801FF0001005005D300692D380767	其他	20210901
005801FF0001005005D300692D38076D	其他	20210901
005801FF0001005005D300692D380779	其他	20210901
005801FF0001005005D300692D380779	邓超	20210901
005801FF0001005005D300692D38077B	其他	20210901
005801FF0001005005D300692D38077F	其他	20210901
005801FF0001005005D300692D38078E	其他	20210901
005801FF0001005005D300692D380793	其他	20210901
005801FF0001005005D300692D3807AB	其他	20210901
005801FF0001005005D300692D3807AD	其他	20210901
005801FF0001005005D300692D3807AD	王千源	20210901
005801FF0001005005D300692D3807BE	杨颖	20210901
005801FF0001005005D300692D3807CC	其他	20210901
005801FF0001005005D300692D3807F4	其他	20210901
005801FF0001005005D300692D3807F4	吴京	20210901
005801FF0001005005D300692D3807F4	沈腾	20210901
005801FF0001005005D300692D3807F4	黄渤	20210901
005801FF0001005005D300692D3807F9	其他	20210901
005801FF0001005005D300692D3807F9	刘涛	20210901
005801FF0001005005D300692D3807FE	其他	20210901
005801FF0001005005D300692D380806	井柏然	20210901
005801FF0001005005D300692D380806	任嘉伦	20210901
005801FF0001005005D300692D380806	其他	20210901
005801FF0001005005D300692D380806	林更新	20210901
005801FF0001005005D300692D380811	其他	20210901
005801FF0001005005D300692D380835	其他	20210901
005801FF0001005005D300692D380845	其他	20210901
005801FF0001005005D300692D38085F	其他	20210901
005801FF0001005005D300692D380864	刘诗诗	20210901
005801FF0001005005D300692D380864	杨幂	20210901
005801FF0001005005D300692D380868	其他	20210901
005801FF0001005005D300692D38086A	其他	20210901
005801FF0001005005D300692D380870	其他	20210901
005801FF0001005005D300692D380877	乔振宇	20210901
005801FF0001005005D300692D380877	其他	20210901
005801FF0001005005D300692D380877	胡可	20210901
005801FF0001005005D300692D380877	黄晓明	20210901
005801FF0001005005D300692D380895	秦海璐	20210901
005801FF0001005005D300692D3808A5	其他	20210901
005801FF0001005005D300692D3808DD	其他	20210901
005801FF0001005005D300692D3808DD	杨颖	20210901
005801FF0001005005D300692D3808DD	陈赫	20210901
005801FF0001005005D300692D3808E6	其他	20210901
005801FF0001005005D300692D3808EB	其他	20210901
005801FF0001005005D300692D38090B	其他	20210901
005801FF0001005005D300692D38090B	陈浩民	20210901
005801FF0001005005D300692D38093D	其他	20210901
005801FF0001005005D300692D380946	其他	20210901
005801FF0001005005D300692D380948	吴京	20210901
005801FF0001005005D300692D380948	沈腾	20210901
005801FF0001005005D300692D380999	严屹宽	20210901
005801FF0001005005D300692D380999	刘涛	20210901
005801FF0001005005D300692D38099D	其他	20210901
005801FF0001005005D300692D3809A2	严屹宽	20210901
005801FF0001005005D300692D3809A2	乔振宇	20210901
005801FF0001005005D300692D3809A2	其他	20210901
005801FF0001005005D300692D3809A2	吴奇隆	20210901
005801FF0001005005D300692D3809E3	其他	20210901
005801FF0001005005D300692D380A0B	其他	20210901
005801FF0001005005D300692D380A0B	邓超	20210901
005801FF0001005005D300692D380A0C	其他	20210901
005801FF0001005005D300692D380A60	其他	20210901
005801FF0001005005D300692D380A60	沈腾	20210901
005801FF0001005005D300692D380A91	其他	20210901
005801FF0001005005D300692D380ABF	张译	20210901
005801FF0001005005D300692D380AD3	其他	20210901
005801FF0001005005D300692D380AEA	其他	20210901
005801FF0001005005D300692D380AFB	其他	20210901
005801FF0001005005D300692D380B0B	其他	20210901
005801FF0001005005D300692D380B2D	其他	20210901
005801FF0001005005D300692D380B42	其他	20210901
005801FF0001005005D300692D380B4B	其他	20210901
005801FF0001005005D300692D380B4F	其他	20210901
005801FF0001005005D300692D380B4F	邓伦	20210901
005801FF0001005005D300692D380B5E	其他	20210901
005801FF0001005005D300692D380BA3	其他	20210901
005801FF0001005005D300692D380BB8	其他	20210901
005801FF0001005005D300692D380BC7	其他	20210901
005801FF0001005005D300692D380BC7	巩俐	20210901
005801FF0001005005D300692D380BC7	王千源	20210901
005801FF0001005005D300692D380BDD	其他	20210901
005801FF0001005005D300692D380C06	其他	20210901
005801FF0001005005D300692D380C0E	其他	20210901
005801FF0001005005D300692D380C5D	杨颖	20210901
005801FF0001005005D300692D380C63	胡歌	20210901
005801FF0001005005D300692D380C68	其他	20210901
005801FF0001005005D300692D380CDE	其他	20210901
005801FF0001005005D300692D380CFE	其他	20210901
005801FF0001005005D300692D380D34	其他	20210901
005801FF0001005005D300692D380D4F	其他	20210901
005801FF0001005005D300692D380D6E	其他	20210901
005801FF0001005005D300692D380D7C	其他	20210901
005801FF0001005005D300692D380D7F	吴京	20210901
005801FF0001005005D300692D380D7F	张译	20210901
005801FF0001005005D300692D380D7F	邓超	20210901
005801FF0001005005D300692D380D8E	其他	20210901
005801FF0001005005D300692D380DB9	沈腾	20210901
005801FF0001005005D300692D380DC3	王大陆	20210901
005801FF0001005005D300692D380DDC	其他	20210901
005801FF0001005005D300692D380DDC	吴京	20210901
005801FF0001005005D300692D380DEA	其他	20210901
005801FF0001005005D300692D380E03	其他	20210901
005801FF0001005005D300692D380E0B	其他	20210901
005801FF0001005005D300692D380E23	任嘉伦	20210901
005801FF0001005005D300692D380E23	其他	20210901
005801FF0001005005D300692D380E27	其他	20210901
005801FF0001005005D300692D380E28	其他	20210901
005801FF0001005005D300692D380E2E	其他	20210901
005801FF0001005005D300692D380E2F	任嘉伦	20210901
005801FF0001005005D300692D380E69	其他	20210901
005801FF0001005005D300692D380E93	其他	20210901
005801FF0001005005D300692D380E9E	其他	20210901
005801FF0001005005D300692D380E9F	其他	20210901
005801FF0001005005D300692D380EC0	刘涛	20210901
005801FF0001005005D300692D380EF2	其他	20210901
005801FF0001005005D300692D380F0E	其他	20210901
005801FF0001005005D300692D380F29	其他	20210901
005801FF0001005005D300692D380F48	其他	20210901
005801FF0001005005D300692D380F48	胡歌	20210901
005801FF0001005005D300692D380F49	其他	20210901
005801FF0001005005D300692D380F4E	其他	20210901
005801FF0001005005D300692D380F51	其他	20210901
005801FF0001005005D300692D380F62	其他	20210901
005801FF0001005005D300692D380F62	宁静	20210901
005801FF0001005005D300692D380F67	其他	20210901
005801FF0001005005D300692D380F7C	任嘉伦	20210901
005801FF0001005005D300692D380F8D	宁静	20210901
005801FF0001005005D300692D380F8E	其他	20210901
005801FF0001005005D300692D380F99	其他	20210901
005801FF0001005005D300692D380FBC	其他	20210901
005801FF0001005005D300692D380FD2	吴彦祖	20210901
005801FF0001005005D300692D380FD2	李溪芮	20210901
005801FF0001005005D300692D380FD2	王千源	20210901
005801FF0001005005D300692D380FD2	陈浩民	20210901
005801FF0001005005D300692D380FD2	陈赫	20210901
005801FF0001005005D300692D380FD2	黄轩	20210901
005801FF0001005005D300692D380FD8	其他	20210901
005801FF0001005005D300692D380FE7	其他	20210901
005801FF0001005005D300692D380FF3	其他	20210901
005801FF0001005005D300692D381002	其他	20210901
005801FF0001005005D300692D381006	其他	20210901
005801FF0001005005D300692D381029	其他	20210901
005801FF0001005005D300692D381047	其他	20210901
005801FF0001005005D300692D381059	其他	20210901
005801FF0001005005D300692D38105A	成龙	20210901
005801FF0001005005D300692D38105E	其他	20210901
005801FF0001005005D300692D381087	其他	20210901
005801FF0001005005D300692D381092	其他	20210901
005801FF0001005005D300692D3810AB	其他	20210901
005801FF0001005005D300692D3810B3	沈腾	20210901
005801FF0001005005D300692D3810B7	其他	20210901
005801FF0001005005D300692D3810E3	其他	20210901
005801FF0001005005D300692D3810E4	其他	20210901
005801FF0001005005D300692D3810F3	其他	20210901
005801FF0001005005D300692D3810F6	其他	20210901
005801FF0001005005D300692D381122	其他	20210901
005801FF0001005005D300692D381129	其他	20210901
005801FF0001005005D300692D381129	张译	20210901
005801FF0001005005D300692D38112E	其他	20210901
005801FF0001005005D300692D381130	巩俐	20210901
005801FF0001005005D300692D381132	其他	20210901
005801FF0001005005D300692D381161	其他	20210901
005801FF0001005005D300692D381161	胡歌	20210901
005801FF0001005005D300692D381181	其他	20210901
005801FF0001005005D300692D38118A	其他	20210901
005801FF0001005005D300692D3811A6	其他	20210901
005801FF0001005005D300692D3811AE	其他	20210901
005801FF0001005005D300692D3811B5	其他	20210901
005801FF0001005005D300692D3811BF	其他	20210901
005801FF0001005005D300692D3811BF	沈腾	20210901
005801FF0001005005D300692D381207	其他	20210901
005801FF0001005005D300692D38120B	其他	20210901
005801FF0001005005D300692D38122A	其他	20210901
005801FF0001005005D300692D381240	其他	20210901
005801FF0001005005D300692D381252	其他	20210901
005801FF0001005005D300692D38126F	其他	20210901
005801FF0001005005D300692D38126F	王千源	20210901
005801FF0001005005D300692D38126F	钟汉良	20210901
005801FF0001005005D300692D381282	其他	20210901
005801FF0001005005D300692D381297	其他	20210901
005801FF0001005005D300692D3812AB	霍建华	20210901
005801FF0001005005D300692D3812B4	胡歌	20210901
005801FF0001005005D300692D3812C3	其他	20210901
005801FF0001005005D300692D3812C3	杨颖	20210901
005801FF0001005005D300692D3812C3	陈赫	20210901
005801FF0001005005D300692D3812CC	其他	20210901
005801FF0001005005D300692D3812CD	其他	20210901
005801FF0001005005D300692D3812CE	其他	20210901
005801FF0001005005D300692D381376	其他	20210901
005801FF0001005005D300692D381376	陈浩民	20210901
005801FF0001005005D300692D381379	其他	20210901
005801FF0001005005D300692D3813EB	其他	20210901
005801FF0001005005D300692D381419	其他	20210901
005801FF0001005005D300692D38141D	其他	20210901
005801FF0001005005D300692D38141D	杨紫	20210901
005801FF0001005005D300692D381424	其他	20210901
005801FF0001005005D300692D381426	其他	20210901
005801FF0001005005D300692D381443	其他	20210901
005801FF0001005005D300692D38144C	其他	20210901
005801FF0001005005D300692D381456	其他	20210901
005801FF0001005005D300692D381479	严屹宽	20210901
005801FF0001005005D300692D381489	其他	20210901
005801FF0001005005D300692D381492	其他	20210901
005801FF0001005005D300692D3814CC	乔振宇	20210901
005801FF0001005005D300692D3814CC	其他	20210901
005801FF0001005005D300692D3814CC	宁静	20210901
005801FF0001005005D300692D3814CC	黄晓明	20210901
005801FF0001005005D300692D3814D2	其他	20210901
005801FF0001005005D300692D3814D2	杨紫	20210901
005801FF0001005005D300692D3814DD	其他	20210901
005801FF0001005005D300692D3814FE	其他	20210901
005801FF0001005005D300692D381509	任嘉伦	20210901
005801FF0001005005D300692D381511	其他	20210901
005801FF0001005005D300692D381535	其他	20210901
005801FF0001005005D300692D381565	其他	20210901
005801FF0001005005D300692D381572	严屹宽	20210901
005801FF0001005005D300692D381572	其他	20210901
005801FF0001005005D300692D381580	其他	20210901
005801FF0001005005D300692D38158B	其他	20210901
005801FF0001005005D300692D38158D	其他	20210901
005801FF0001005005D300692D381591	其他	20210901
005801FF0001005005D300692D381598	其他	20210901
005801FF0001005005D300692D381599	其他	20210901
005801FF0001005005D300692D3815A0	其他	20210901
005801FF0001005005D300692D3815D0	乔振宇	20210901
005801FF0001005005D300692D3815D0	其他	20210901
005801FF0001005005D300692D3815D6	其他	20210901
005801FF0001005005D300692D3815E8	其他	20210901
005801FF0001005005D300692D3815FC	其他	20210901
005801FF0001005005D300692D381611	其他	20210901
005801FF0001005005D300692D381654	其他	20210901
005801FF0001005005D300692D38165B	其他	20210901
005801FF0001005005D300692D38169F	其他	20210901
005801FF0001005005D300692D3816B1	杨紫	20210901
005801FF0001005005D300692D3816CA	其他	20210901
005801FF0001005005D300692D3816FE	其他	20210901
005801FF0001005005D300692D3816FE	张卫健	20210901
005801FF0001005005D300692D381731	其他	20210901
005801FF0001005005D300692D38174B	其他	20210901
005801FF0001005005D300692D38175D	其他	20210901
005801FF0001005005D300692D381792	其他	20210901
005801FF0001005005D300692D381794	其他	20210901
005801FF0001005005D300692D38179C	严屹宽	20210901
005801FF0001005005D300692D38179C	其他	20210901
005801FF0001005005D300692D38179C	刘涛	20210901
005801FF0001005005D300692D38179C	彭于晏	20210901
005801FF0001005005D300692D38179C	胡歌	20210901
005801FF0001005005D300692D3817D4	吴京	20210901
005801FF0001005005D300692D3817D4	沈腾	20210901
005801FF0001005005D300692D3817E3	其他	20210901
005801FF0001005005D300692D381802	其他	20210901
005801FF0001005005D300692D38181A	其他	20210901
005801FF0001005005D300692D38182F	其他	20210901
005801FF0001005005D300692D381844	其他	20210901
005801FF0001005005D300692D381855	其他	20210901
005801FF0001005005D300692D381871	其他	20210901
005801FF0001005005D300692D38188C	沈腾	20210901
005801FF0001005005D300692D3818D7	樊少皇	20210901
005801FF0001005005D300692D3818E2	其他	20210901
005801FF0001005005D300692D381904	乔振宇	20210901
005801FF0001005005D300692D381904	杨紫	20210901
005801FF0001005005D300692D381904	沈腾	20210901
005801FF0001005005D300692D38190F	其他	20210901
005801FF0001005005D300692D38193C	其他	20210901
005801FF0001005005D300692D381974	其他	20210901
005801FF0001005005D300692D38197B	其他	20210901
005801FF0001005005D300692D381991	其他	20210901
005801FF0001005005D300692D381996	乔振宇	20210901
005801FF0001005005D300692D381996	其他	20210901
005801FF0001005005D300692D3819DB	其他	20210901
005801FF0001005005D300692D3819DB	杨颖	20210901
005801FF0001005005D300692D3819DC	其他	20210901
005801FF0001005005D300692D381A13	其他	20210901
005801FF0001005005D300692D381A26	其他	20210901
005801FF0001005005D300692D381A4A	其他	20210901
005801FF0001005005D300692D381A7A	杨洋	20210901
005801FF0001005005D300692D381A7A	霍建华	20210901
005801FF0001005005D300692D381A92	倪妮	20210901
005801FF0001005005D300692D381A92	彭于晏	20210901
005801FF0001005005D300692D381AAB	其他	20210901
005801FF0001005005D300692D381AD5	其他	20210901
005801FF0001005005D300692D381B12	其他	20210901
005801FF0001005005D300692D381B14	其他	20210901
005801FF0001005005D300692D381B21	其他	20210901
005801FF0001005005D300692D381B53	其他	20210901
005801FF0001005005D300692D381B7E	吴京	20210901
005801FF0001005005D300692D381B85	其他	20210901
005801FF0001005005D300692D381BD6	刘青云	20210901
005801FF0001005005D300692D381BEA	其他	20210901
005801FF0001005005D300692D381BFB	其他	20210901
005801FF0001005005D300692D381BFB	杨颖	20210901
005801FF0001005005D300692D381C15	其他	20210901
005801FF0001005005D300692D381C56	其他	20210901
005801FF0001005005D300692D381C59	其他	20210901
005801FF0001005005D300692D381C5C	其他	20210901
005801FF0001005005D300692D381C62	其他	20210901
005801FF0001005005D300692D381C62	刘嘉玲	20210901
005801FF0001005005D300692D381C62	古天乐	20210901
005801FF0001005005D300692D381C84	其他	20210901
005801FF0001005005D300692D381CB3	佟丽娅	20210901
005801FF0001005005D300692D381CB3	杨幂	20210901
005801FF0001005005D300692D381CD9	其他	20210901
005801FF0001005005D300692D381D2F	其他	20210901
005801FF0001005005D300692D381D31	杨幂	20210901
005801FF0001005005D300692D381D38	其他	20210901
005801FF0001005005D300692D381D42	乔振宇	20210901
005801FF0001005005D300692D381D42	宁静	20210901
005801FF0001005005D300692D381D6C	任嘉伦	20210901
005801FF0001005005D300692D381D6C	其他	20210901
005801FF0001005005D300692D381D6C	宁静	20210901
005801FF0001005005D300692D381D76	其他	20210901
005801FF0001005005D300692D381D8F	其他	20210901
005801FF0001005005D300692D381D97	其他	20210901
005801FF0001005005D300692D381D9B	张嘉益	20210901
005801FF0001005005D300692D381D9B	张译	20210901
005801FF0001005005D300692D381D9B	葛优	20210901
005801FF0001005005D300692D381D9B	黄渤	20210901
005801FF0001005005D300692D381DB9	其他	20210901
005801FF0001005005D300692D381DB9	刘涛	20210901
005801FF0001005005D300692D381DC0	其他	20210901
005801FF0001005005D300692D381DDC	其他	20210901
005801FF0001005005D300692D381DDD	其他	20210901
005801FF0001005005D300692D381DE6	其他	20210901
005801FF0001005005D300692D381DFC	其他	20210901
005801FF0001005005D300692D381E0E	陈浩民	20210901
005801FF0001005005D300692D381E22	其他	20210901
005801FF0001005005D300692D381E3E	其他	20210901
005801FF0001005005D300692D381E46	其他	20210901
005801FF0001005005D300692D381E5A	其他	20210901
005801FF0001005005D300692D381E6F	其他	20210901
005801FF0001005005D300692D381E77	其他	20210901
005801FF0001005005D300692D381E7A	乔振宇	20210901
005801FF0001005005D300692D381E7A	任嘉伦	20210901
005801FF0001005005D300692D381E7D	其他	20210901
005801FF0001005005D300692D381E82	其他	20210901
005801FF0001005005D300692D381E82	杨颖	20210901
005801FF0001005005D300692D381E82	沈腾	20210901
005801FF0001005005D300692D381E95	其他	20210901
005801FF0001005005D300692D381E95	古天乐	20210901
005801FF0001005005D300692D381E96	其他	20210901
