htv_user_feature_dm.deviceid	htv_user_feature_dm.top1_content	htv_user_feature_dm.top2_content	htv_user_feature_dm.top3_content	htv_user_feature_dm.top1_epg	htv_user_feature_dm.top2_epg	htv_user_feature_dm.top3_epg	htv_user_feature_dm.top4_epg	htv_user_feature_dm.top5_epg	htv_user_feature_dm.hourtype	htv_user_feature_dm.date_time
004903000003204019297C52593C36AE	电影			NULL	NULL	NULL	NULL	NULL	1	20210901
004903FF001847800001748F1B108D54	少儿			NULL	NULL	NULL	NULL	NULL	1	20210901
005101FF00011810111160D21CA9B1E5	电视剧	纪实	电影	探索发现					1	20210901
005801FF0001005005D300692D37D26F	电影	动漫	综艺	真人秀	全部	最新上线	热血	大片限免	1	20210901
005801FF0001005005D300692D37D294	电视剧			军旅抗战					1	20210901
005801FF0001005005D300692D37D2AA	电视剧	动漫		青春偶像	古装奇幻	内地	同步跟播		1	20210901
005801FF0001005005D300692D37D2AF	动漫			NULL	NULL	NULL	NULL	NULL	1	20210901
005801FF0001005005D300692D37D2EE	动漫			全部					1	20210901
005801FF0001005005D300692D37D300	电影	动漫		免费专区	电影排行				1	20210901
005801FF0001005005D300692D37D349	动漫			NULL	NULL	NULL	NULL	NULL	1	20210901
005801FF0001005005D300692D37D356	动漫			NULL	NULL	NULL	NULL	NULL	1	20210901
005801FF0001005005D300692D37D362	电视剧	综艺	电影	喜剧	悬疑罪案	古装奇幻	侦探解密	漫威系列	1	20210901
005801FF0001005005D300692D37D363	动漫			NULL	NULL	NULL	NULL	NULL	1	20210901
005801FF0001005005D300692D37D36E	电视剧			都市爱情					1	20210901
005801FF0001005005D300692D37D376	电视剧			NULL	NULL	NULL	NULL	NULL	1	20210901
005801FF0001005005D300692D37D39F	电影			动画					1	20210901
005801FF0001005005D300692D37D3B0	电视剧	动漫		青春偶像					1	20210901
005801FF0001005005D300692D37D3D5	电视剧			推荐					1	20210901
005801FF0001005005D300692D37D437	电视剧			军旅抗战					1	20210901
005801FF0001005005D300692D37D444	电影			大片限免	动画				1	20210901
005801FF0001005005D300692D37D460	动漫			免费专区					1	20210901
005801FF0001005005D300692D37D465	电视剧			军旅抗战					1	20210901
005801FF0001005005D300692D37D4AD	动漫			免费专区					1	20210901
005801FF0001005005D300692D37D4B1	动漫			NULL	NULL	NULL	NULL	NULL	1	20210901
005801FF0001005005D300692D37D4BE	电视剧			青春偶像					1	20210901
005801FF0001005005D300692D37D4D7	新闻			影视限免					1	20210901
005801FF0001005005D300692D37D4DB	电视剧			推荐	同步跟播				1	20210901
005801FF0001005005D300692D37D4E3	电视剧			热剧限免					1	20210901
005801FF0001005005D300692D37D4EA	电影	电视剧		同步跟播	全部电影	大片限免			1	20210901
005801FF0001005005D300692D37D52C	电视剧			悬疑罪案					1	20210901
005801FF0001005005D300692D37D55D	动漫			NULL	NULL	NULL	NULL	NULL	1	20210901
005801FF0001005005D300692D37D580	电影	电视剧		青春偶像	惊悚				1	20210901
005801FF0001005005D300692D37D5E3	电视剧			悬疑罪案					1	20210901
005801FF0001005005D300692D37D629	电视剧			电视剧					1	20210901
005801FF0001005005D300692D37D643	电视剧			电视剧					1	20210901
005801FF0001005005D300692D37D67D	电影			全部电影					1	20210901
005801FF0001005005D300692D37D67E	动漫			爆笑					1	20210901
005801FF0001005005D300692D37D6B0	电视剧			热剧排行	同步跟播				1	20210901
005801FF0001005005D300692D37D6D4	动漫	新闻		NULL	NULL	NULL	NULL	NULL	1	20210901
005801FF0001005005D300692D37D6F3	电视剧			军旅抗战					1	20210901
005801FF0001005005D300692D37D733	电视剧			家庭伦理					1	20210901
005801FF0001005005D300692D37D74E	电影			推荐					1	20210901
005801FF0001005005D300692D37D74F	动漫			NULL	NULL	NULL	NULL	NULL	1	20210901
005801FF0001005005D300692D37D75D	电影			动画					1	20210901
005801FF0001005005D300692D37D79E	电影			大片限免					1	20210901
005801FF0001005005D300692D37D7AE	动漫	电视剧	电影	全部电影	全部	青春偶像	名侦探柯南	怀旧经典	1	20210901
005801FF0001005005D300692D37D7BF	电影			大片限免					1	20210901
005801FF0001005005D300692D37D7C5	电影			全部电影					1	20210901
005801FF0001005005D300692D37D7D5	电影			冒险	华语神作	4K电影			1	20210901
005801FF0001005005D300692D37D7D6	动漫	电影	电视剧	爆笑	免费专区	古装奇幻	动画		1	20210901
005801FF0001005005D300692D37D7E1	电视剧			军旅抗战					1	20210901
005801FF0001005005D300692D37D81A	综艺			综艺排行					1	20210901
005801FF0001005005D300692D37D843	动漫			NULL	NULL	NULL	NULL	NULL	1	20210901
005801FF0001005005D300692D37D85B	综艺			NULL	NULL	NULL	NULL	NULL	1	20210901
005801FF0001005005D300692D37D85F	动漫			免费专区					1	20210901
005801FF0001005005D300692D37D883	动漫			NULL	NULL	NULL	NULL	NULL	1	20210901
005801FF0001005005D300692D37D8A7	电视剧			家庭伦理					1	20210901
005801FF0001005005D300692D37D8C3	动漫			NULL	NULL	NULL	NULL	NULL	1	20210901
005801FF0001005005D300692D37D8C7	电视剧			都市爱情	青春偶像				1	20210901
005801FF0001005005D300692D37D8D2	综艺			NULL	NULL	NULL	NULL	NULL	1	20210901
005801FF0001005005D300692D37D8FF	动漫			励志	全部				1	20210901
005801FF0001005005D300692D37D915	动漫	电影		校园	免费专区				1	20210901
005801FF0001005005D300692D37D94C	动漫			爆笑					1	20210901
005801FF0001005005D300692D37D962	电影			豆瓣高分	最新上线				1	20210901
005801FF0001005005D300692D37D96B	电影			电影排行					1	20210901
005801FF0001005005D300692D37D979	电影			大片限免	最新上线				1	20210901
005801FF0001005005D300692D37D981	电影			动作					1	20210901
005801FF0001005005D300692D37DA0C	电影			惊悚					1	20210901
005801FF0001005005D300692D37DA62	电视剧			电视剧					1	20210901
005801FF0001005005D300692D37DA69	电视剧	综艺	电影	同步跟播	职场励志	古装奇幻	音乐现场	大片限免	1	20210901
005801FF0001005005D300692D37DA6C	电视剧			青春偶像					1	20210901
005801FF0001005005D300692D37DA6D	电影	电视剧	综艺	热剧限免	热播榜	悬疑罪案	电影		1	20210901
005801FF0001005005D300692D37DA82	电影			大片限免					1	20210901
005801FF0001005005D300692D37DA95	电视剧			电视剧					1	20210901
005801FF0001005005D300692D37DAAB	电视剧			NULL	NULL	NULL	NULL	NULL	1	20210901
005801FF0001005005D300692D37DAAE	动漫			免费专区					1	20210901
005801FF0001005005D300692D37DAB3	动漫			全部	科幻				1	20210901
005801FF0001005005D300692D37DAC3	电视剧			家庭伦理					1	20210901
005801FF0001005005D300692D37DACB	动漫	电视剧		推荐					1	20210901
005801FF0001005005D300692D37DACC	电影			喜剧					1	20210901
005801FF0001005005D300692D37DB14	动漫			NULL	NULL	NULL	NULL	NULL	1	20210901
005801FF0001005005D300692D37DB62	电影			全部电影	最新上线	4K电影			1	20210901
005801FF0001005005D300692D37DB84	动漫			免费专区					1	20210901
005801FF0001005005D300692D37DBE8	电视剧			古装奇幻					1	20210901
005801FF0001005005D300692D37DC0B	电视剧			军旅抗战	都市爱情				1	20210901
005801FF0001005005D300692D37DC27	电视剧			军旅抗战					1	20210901
005801FF0001005005D300692D37DC95	电影	综艺	电视剧	热播榜	全部电影	推荐	同步跟播		1	20210901
005801FF0001005005D300692D37DCA8	电视剧			电视剧					1	20210901
005801FF0001005005D300692D37DCB7	动漫			NULL	NULL	NULL	NULL	NULL	1	20210901
005801FF0001005005D300692D37DCBE	电视剧			悬疑罪案					1	20210901
005801FF0001005005D300692D37DCCE	动漫			NULL	NULL	NULL	NULL	NULL	1	20210901
005801FF0001005005D300692D37DCD7	动漫			免费专区					1	20210901
005801FF0001005005D300692D37DCEC	动漫	电影	电视剧	免费专区	大片限免	军旅抗战			1	20210901
005801FF0001005005D300692D37DCF3	动漫	新闻		NULL	NULL	NULL	NULL	NULL	1	20210901
005801FF0001005005D300692D37DD1B	电影			大片限免					1	20210901
005801FF0001005005D300692D37DD4E	电视剧	综艺		热播榜	古装奇幻				1	20210901
005801FF0001005005D300692D37DD59	电视剧			军旅抗战	家庭伦理				1	20210901
005801FF0001005005D300692D37DD63	动漫			NULL	NULL	NULL	NULL	NULL	1	20210901
005801FF0001005005D300692D37DD6F	综艺			热播榜					1	20210901
005801FF0001005005D300692D37DD80	电视剧	动漫		免费专区	古装奇幻	军旅抗战			1	20210901
005801FF0001005005D300692D37DDA1	动漫			NULL	NULL	NULL	NULL	NULL	1	20210901
005801FF0001005005D300692D37DDA6	电视剧			热剧限免	古装奇幻	同步跟播			1	20210901
005801FF0001005005D300692D37DDDB	电视剧			热剧限免					1	20210901
005801FF0001005005D300692D37DE1C	电视剧			家庭伦理					1	20210901
005801FF0001005005D300692D37DE23	动漫			免费专区					1	20210901
005801FF0001005005D300692D37DE54	电视剧			古装奇幻	剧库				1	20210901
005801FF0001005005D300692D37DE69	动漫			全部					1	20210901
005801FF0001005005D300692D37DE9C	电影			大片限免					1	20210901
005801FF0001005005D300692D37DEAC	电视剧			同步跟播					1	20210901
005801FF0001005005D300692D37DEDE	综艺			热播榜					1	20210901
005801FF0001005005D300692D37DF18	电视剧	综艺		热播榜	同步跟播				1	20210901
005801FF0001005005D300692D37DF31	电视剧			推荐					1	20210901
005801FF0001005005D300692D37DF32	电视剧	动漫	电影	电视剧	免费专区	爆笑	青春偶像	推荐	1	20210901
005801FF0001005005D300692D37DF74	动漫			NULL	NULL	NULL	NULL	NULL	1	20210901
005801FF0001005005D300692D37DFCF	电视剧			推荐					1	20210901
005801FF0001005005D300692D37DFE1	电视剧			军旅抗战					1	20210901
005801FF0001005005D300692D37E00D	动漫			NULL	NULL	NULL	NULL	NULL	1	20210901
005801FF0001005005D300692D37E01D	动漫			魔幻					1	20210901
005801FF0001005005D300692D37E04B	NULL	NULL	NULL	热剧排行					1	20210901
005801FF0001005005D300692D37E0AB	电影			冒险					1	20210901
005801FF0001005005D300692D37E0B9	动漫			NULL	NULL	NULL	NULL	NULL	1	20210901
005801FF0001005005D300692D37E0C5	电视剧			军旅抗战					1	20210901
005801FF0001005005D300692D37E0D8	综艺			NULL	NULL	NULL	NULL	NULL	1	20210901
005801FF0001005005D300692D37E117	电视剧			古装奇幻					1	20210901
005801FF0001005005D300692D37E129	电视剧			电视剧					1	20210901
005801FF0001005005D300692D37E12F	动漫			科幻					1	20210901
005801FF0001005005D300692D37E152	电视剧			热剧限免					1	20210901
005801FF0001005005D300692D37E19B	综艺			全部综艺					1	20210901
005801FF0001005005D300692D37E1CF	综艺			NULL	NULL	NULL	NULL	NULL	1	20210901
005801FF0001005005D300692D37E1DE	电视剧			军旅抗战					1	20210901
005801FF0001005005D300692D37E1E2	电视剧			军旅抗战					1	20210901
005801FF0001005005D300692D37E223	动漫			免费专区					1	20210901
005801FF0001005005D300692D37E225	纪实			NULL	NULL	NULL	NULL	NULL	1	20210901
005801FF0001005005D300692D37E24F	电影			全部电影					1	20210901
005801FF0001005005D300692D37E259	新闻			NULL	NULL	NULL	NULL	NULL	1	20210901
005801FF0001005005D300692D37E27D	电视剧			家庭伦理					1	20210901
005801FF0001005005D300692D37E2A3	电影			全部电影	推荐				1	20210901
005801FF0001005005D300692D37E2C3	综艺			侦探解密					1	20210901
005801FF0001005005D300692D37E2D0	动漫			NULL	NULL	NULL	NULL	NULL	1	20210901
005801FF0001005005D300692D37E2EA	电视剧			军旅抗战					1	20210901
005801FF0001005005D300692D37E2F9	电视剧			热剧限免					1	20210901
005801FF0001005005D300692D37E340	电视剧			军旅抗战					1	20210901
005801FF0001005005D300692D37E355	电视剧	电影	动漫	华语神作	军旅抗战				1	20210901
005801FF0001005005D300692D37E386	动漫	综艺		侦探解密					1	20210901
005801FF0001005005D300692D37E3D0	电视剧			同步跟播					1	20210901
005801FF0001005005D300692D37E401	电视剧			军旅抗战					1	20210901
005801FF0001005005D300692D37E415	综艺			NULL	NULL	NULL	NULL	NULL	1	20210901
005801FF0001005005D300692D37E434	电影			华语神作					1	20210901
005801FF0001005005D300692D37E478	电影	电视剧		军旅抗战	大片限免				1	20210901
005801FF0001005005D300692D37E492	电视剧			家庭伦理					1	20210901
005801FF0001005005D300692D37E4BF	少儿			少儿排行					1	20210901
005801FF0001005005D300692D37E4CB	新闻			NULL	NULL	NULL	NULL	NULL	1	20210901
005801FF0001005005D300692D37E4DE	电影			最新上线	大片限免	动画			1	20210901
005801FF0001005005D300692D37E4F1	动漫			NULL	NULL	NULL	NULL	NULL	1	20210901
005801FF0001005005D300692D37E4F9	新闻			NULL	NULL	NULL	NULL	NULL	1	20210901
005801FF0001005005D300692D37E50B	纪实			NULL	NULL	NULL	NULL	NULL	1	20210901
005801FF0001005005D300692D37E523	电视剧			军旅抗战					1	20210901
005801FF0001005005D300692D37E528	电影			大片限免					1	20210901
005801FF0001005005D300692D37E560	电视剧	动漫		免费专区	热剧限免	热血	古装奇幻		1	20210901
005801FF0001005005D300692D37E56D	电视剧			军旅抗战					1	20210901
005801FF0001005005D300692D37E5B7	电视剧			军旅抗战					1	20210901
005801FF0001005005D300692D37E5D5	动漫	电影		免费专区	电影				1	20210901
005801FF0001005005D300692D37E5F4	电视剧			同步跟播	青春偶像				1	20210901
005801FF0001005005D300692D37E5F8	综艺	电视剧		古装奇幻	侦探解密				1	20210901
005801FF0001005005D300692D37E627	电视剧			职场励志	剧情喜剧	都市爱情			1	20210901
005801FF0001005005D300692D37E62B	动漫			NULL	NULL	NULL	NULL	NULL	1	20210901
005801FF0001005005D300692D37E637	动漫			NULL	NULL	NULL	NULL	NULL	1	20210901
005801FF0001005005D300692D37E649	动漫			免费专区					1	20210901
005801FF0001005005D300692D37E671	电视剧			热剧限免					1	20210901
005801FF0001005005D300692D37E686	综艺			真人秀					1	20210901
005801FF0001005005D300692D37E68D	动漫	电视剧		剧情喜剧	都市爱情				1	20210901
005801FF0001005005D300692D37E6AE	电视剧			同步跟播					1	20210901
005801FF0001005005D300692D37E6BE	动漫			机战					1	20210901
005801FF0001005005D300692D37E6C3	新闻			NULL	NULL	NULL	NULL	NULL	1	20210901
005801FF0001005005D300692D37E6C6	电视剧			军旅抗战					1	20210901
005801FF0001005005D300692D37E6DE	电影			全部电影					1	20210901
005801FF0001005005D300692D37E6F6	综艺			真人秀					1	20210901
005801FF0001005005D300692D37E702	电视剧			军旅抗战					1	20210901
005801FF0001005005D300692D37E703	动漫			免费专区					1	20210901
005801FF0001005005D300692D37E704	电影			电影					1	20210901
005801FF0001005005D300692D37E72F	动漫			免费专区					1	20210901
005801FF0001005005D300692D37E735	综艺			热播榜	推荐				1	20210901
005801FF0001005005D300692D37E739	电视剧			剧库	剧情喜剧				1	20210901
005801FF0001005005D300692D37E74B	电影	动漫		全部电影					1	20210901
005801FF0001005005D300692D37E750	电视剧			同步跟播					1	20210901
005801FF0001005005D300692D37E767	动漫			爆笑					1	20210901
005801FF0001005005D300692D37E774	电影			豆瓣高分					1	20210901
005801FF0001005005D300692D37E77C	综艺			综艺排行					1	20210901
005801FF0001005005D300692D37E783	电视剧	电影		电影	电视剧				1	20210901
005801FF0001005005D300692D37E7B0	动漫			NULL	NULL	NULL	NULL	NULL	1	20210901
005801FF0001005005D300692D37E7BA	电视剧			军旅抗战					1	20210901
005801FF0001005005D300692D37E7EF	电视剧			悬疑罪案					1	20210901
005801FF0001005005D300692D37E80B	综艺			综艺排行					1	20210901
005801FF0001005005D300692D37E81B	动漫			NULL	NULL	NULL	NULL	NULL	1	20210901
005801FF0001005005D300692D37E82F	动漫	少儿	电影	少儿	免费专区	推荐	电影		1	20210901
005801FF0001005005D300692D37E841	综艺			NULL	NULL	NULL	NULL	NULL	1	20210901
005801FF0001005005D300692D37E843	电视剧	综艺		家庭伦理	热播榜				1	20210901
005801FF0001005005D300692D37E84A	电视剧			军旅抗战					1	20210901
005801FF0001005005D300692D37E892	电视剧			内地					1	20210901
005801FF0001005005D300692D37E89D	电影			全部电影					1	20210901
005801FF0001005005D300692D37E8AA	NULL	NULL	NULL	影视限免					1	20210901
005801FF0001005005D300692D37E8F3	综艺			推荐					1	20210901
005801FF0001005005D300692D37E918	电视剧	电影		古装奇幻	大片限免				1	20210901
005801FF0001005005D300692D37E919	电视剧			古装奇幻					1	20210901
005801FF0001005005D300692D37E95B	动漫			推荐	萌系				1	20210901
005801FF0001005005D300692D37E972	电视剧			军旅抗战					1	20210901
005801FF0001005005D300692D37E99E	电视剧			同步跟播					1	20210901
005801FF0001005005D300692D37E9BF	电视剧			推荐	军旅抗战				1	20210901
005801FF0001005005D300692D37E9F3	电视剧			家庭伦理					1	20210901
005801FF0001005005D300692D37EA0D	电视剧			军旅抗战					1	20210901
005801FF0001005005D300692D37EA35	综艺			热播榜					1	20210901
005801FF0001005005D300692D37EA66	电视剧			NULL	NULL	NULL	NULL	NULL	1	20210901
005801FF0001005005D300692D37EA7B	动漫			NULL	NULL	NULL	NULL	NULL	1	20210901
005801FF0001005005D300692D37EA9E	电影			NULL	NULL	NULL	NULL	NULL	1	20210901
005801FF0001005005D300692D37EAA9	电视剧			热剧限免	同步跟播				1	20210901
005801FF0001005005D300692D37EAAB	电视剧			同步跟播					1	20210901
005801FF0001005005D300692D37EABC	电影			大片限免					1	20210901
005801FF0001005005D300692D37EABD	动漫			免费专区					1	20210901
005801FF0001005005D300692D37EACD	电影			动作					1	20210901
005801FF0001005005D300692D37EAD3	动漫			NULL	NULL	NULL	NULL	NULL	1	20210901
005801FF0001005005D300692D37EAD8	动漫			免费专区	爆笑				1	20210901
005801FF0001005005D300692D37EB06	电影			最新上线					1	20210901
005801FF0001005005D300692D37EB2A	电影	电视剧		古装奇幻	名侦探柯南	军旅抗战			1	20210901
005801FF0001005005D300692D37EB36	电影	动漫		免费专区	喜剧	全部电影	4K电影		1	20210901
005801FF0001005005D300692D37EB61	综艺			NULL	NULL	NULL	NULL	NULL	1	20210901
005801FF0001005005D300692D37EB96	电视剧	动漫		都市爱情					1	20210901
005801FF0001005005D300692D37EB99	电视剧			古装奇幻					1	20210901
005801FF0001005005D300692D37EBB7	新闻			NULL	NULL	NULL	NULL	NULL	1	20210901
005801FF0001005005D300692D37EBCA	动漫			NULL	NULL	NULL	NULL	NULL	1	20210901
005801FF0001005005D300692D37EBEE	动漫			NULL	NULL	NULL	NULL	NULL	1	20210901
005801FF0001005005D300692D37EBFB	动漫			NULL	NULL	NULL	NULL	NULL	1	20210901
005801FF0001005005D300692D37EC1D	电影	电视剧	动漫	古装奇幻	电影	电影排行			1	20210901
005801FF0001005005D300692D37EC2B	电视剧			古装奇幻					1	20210901
005801FF0001005005D300692D37EC3C	电视剧			军旅抗战					1	20210901
005801FF0001005005D300692D37EC6E	综艺			热播榜					1	20210901
005801FF0001005005D300692D37EC9F	电视剧			军旅抗战					1	20210901
005801FF0001005005D300692D37ECA2	动漫			全部					1	20210901
005801FF0001005005D300692D37ECC4	电视剧			都市爱情					1	20210901
005801FF0001005005D300692D37ECC6	电视剧	综艺		真人秀	都市爱情				1	20210901
005801FF0001005005D300692D37ECD4	少儿			少儿排行					1	20210901
005801FF0001005005D300692D37ECE1	电视剧			青春偶像					1	20210901
005801FF0001005005D300692D37ED04	综艺	电影		豆瓣高分	推荐				1	20210901
005801FF0001005005D300692D37ED35	动漫			免费专区					1	20210901
005801FF0001005005D300692D37ED43	电影			大片限免	电影	影视限免			1	20210901
005801FF0001005005D300692D37ED66	动漫			爆笑	校园				1	20210901
005801FF0001005005D300692D37EDA0	综艺			NULL	NULL	NULL	NULL	NULL	1	20210901
005801FF0001005005D300692D37EDA2	电影			华语神作					1	20210901
005801FF0001005005D300692D37EDA7	电视剧	动漫		军旅抗战	同步跟播				1	20210901
005801FF0001005005D300692D37EDB2	动漫	电视剧		同步跟播					1	20210901
005801FF0001005005D300692D37EDBA	动漫			NULL	NULL	NULL	NULL	NULL	1	20210901
005801FF0001005005D300692D37EDC7	综艺			综艺排行					1	20210901
005801FF0001005005D300692D37EDD4	动漫			NULL	NULL	NULL	NULL	NULL	1	20210901
005801FF0001005005D300692D37EDE1	综艺			热播榜					1	20210901
005801FF0001005005D300692D37EDE2	动漫			NULL	NULL	NULL	NULL	NULL	1	20210901
005801FF0001005005D300692D37EDE7	电视剧			古装奇幻					1	20210901
005801FF0001005005D300692D37EDEA	电影	动漫		萌系	惊悚				1	20210901
005801FF0001005005D300692D37EE09	电影			冒险	全部电影				1	20210901
005801FF0001005005D300692D37EE15	电视剧			热剧限免	推荐				1	20210901
005801FF0001005005D300692D37EE9A	动漫			冒险					1	20210901
005801FF0001005005D300692D37EEAF	电视剧			军旅抗战					1	20210901
005801FF0001005005D300692D37EEC5	动漫			NULL	NULL	NULL	NULL	NULL	1	20210901
005801FF0001005005D300692D37EECA	综艺			热播榜					1	20210901
005801FF0001005005D300692D37EECB	动漫			NULL	NULL	NULL	NULL	NULL	1	20210901
005801FF0001005005D300692D37EEF3	电影			全部电影					1	20210901
005801FF0001005005D300692D37EEFC	综艺			热播榜					1	20210901
005801FF0001005005D300692D37EF17	电视剧			军旅抗战	都市爱情				1	20210901
005801FF0001005005D300692D37EF2E	电视剧			古装奇幻	军旅抗战				1	20210901
005801FF0001005005D300692D37EF2F	电视剧			古装奇幻					1	20210901
005801FF0001005005D300692D37EF3E	电视剧			古装奇幻					1	20210901
005801FF0001005005D300692D37EF7E	动漫			NULL	NULL	NULL	NULL	NULL	1	20210901
005801FF0001005005D300692D37EFA8	电视剧			军旅抗战					1	20210901
005801FF0001005005D300692D37EFAC	动漫			NULL	NULL	NULL	NULL	NULL	1	20210901
005801FF0001005005D300692D37EFD0	新闻			NULL	NULL	NULL	NULL	NULL	1	20210901
005801FF0001005005D300692D37EFD7	综艺	动漫		免费专区	侦探解密				1	20210901
005801FF0001005005D300692D37EFEB	动漫			NULL	NULL	NULL	NULL	NULL	1	20210901
005801FF0001005005D300692D37EFEC	动漫			NULL	NULL	NULL	NULL	NULL	1	20210901
005801FF0001005005D300692D37EFFB	动漫			NULL	NULL	NULL	NULL	NULL	1	20210901
005801FF0001005005D300692D37F00F	动漫			NULL	NULL	NULL	NULL	NULL	1	20210901
005801FF0001005005D300692D37F019	动漫			NULL	NULL	NULL	NULL	NULL	1	20210901
005801FF0001005005D300692D37F01A	电视剧			同步跟播					1	20210901
005801FF0001005005D300692D37F038	电影			大片限免					1	20210901
005801FF0001005005D300692D37F064	综艺	电影		电影	影视限免	热播榜			1	20210901
005801FF0001005005D300692D37F067	动漫			免费专区					1	20210901
005801FF0001005005D300692D37F09E	电视剧			家庭伦理					1	20210901
005801FF0001005005D300692D37F0AC	动漫			免费专区					1	20210901
005801FF0001005005D300692D37F0B8	电视剧			NULL	NULL	NULL	NULL	NULL	1	20210901
005801FF0001005005D300692D37F0CC	动漫			免费专区					1	20210901
005801FF0001005005D300692D37F0F7	电视剧			军旅抗战					1	20210901
005801FF0001005005D300692D37F10F	电视剧			家庭伦理					1	20210901
005801FF0001005005D300692D37F112	电影	综艺		热播榜	全部电影				1	20210901
005801FF0001005005D300692D37F117	电视剧			悬疑罪案	同步跟播	内地			1	20210901
005801FF0001005005D300692D37F130	动漫			NULL	NULL	NULL	NULL	NULL	1	20210901
005801FF0001005005D300692D37F14D	电视剧			青春偶像	古装奇幻				1	20210901
005801FF0001005005D300692D37F14F	电视剧			古装奇幻					1	20210901
005801FF0001005005D300692D37F19A	电影			最新上线					1	20210901
005801FF0001005005D300692D37F19B	电视剧			NULL	NULL	NULL	NULL	NULL	1	20210901
005801FF0001005005D300692D37F1C1	电视剧			悬疑罪案					1	20210901
005801FF0001005005D300692D37F1DC	综艺			NULL	NULL	NULL	NULL	NULL	1	20210901
005801FF0001005005D300692D37F1E4	综艺			推荐					1	20210901
005801FF0001005005D300692D37F1F2	综艺	电视剧		侦探解密	热剧限免	古装奇幻			1	20210901
005801FF0001005005D300692D37F1FB	电影			全部电影					1	20210901
005801FF0001005005D300692D37F1FC	电影			华语神作	大片限免				1	20210901
005801FF0001005005D300692D37F213	电影	电视剧		热剧限免	推荐	同步跟播			1	20210901
005801FF0001005005D300692D37F252	动漫			免费专区					1	20210901
005801FF0001005005D300692D37F25A	综艺			NULL	NULL	NULL	NULL	NULL	1	20210901
005801FF0001005005D300692D37F25E	NULL	NULL	NULL	影视限免					1	20210901
005801FF0001005005D300692D37F26F	电影			大片限免					1	20210901
005801FF0001005005D300692D37F28F	电视剧	动漫		爆笑	都市爱情				1	20210901
005801FF0001005005D300692D37F291	动漫			NULL	NULL	NULL	NULL	NULL	1	20210901
005801FF0001005005D300692D37F296	电视剧			古装奇幻					1	20210901
005801FF0001005005D300692D37F29C	电视剧			NULL	NULL	NULL	NULL	NULL	1	20210901
005801FF0001005005D300692D37F2A5	电影	电视剧	动漫	热剧限免	同步跟播	电视剧	大片限免	影视限免	1	20210901
005801FF0001005005D300692D37F2CD	电视剧			都市爱情					1	20210901
005801FF0001005005D300692D37F2D9	电视剧			都市爱情	青春偶像				1	20210901
005801FF0001005005D300692D37F2F3	动漫			NULL	NULL	NULL	NULL	NULL	1	20210901
005801FF0001005005D300692D37F33D	综艺			热播榜					1	20210901
005801FF0001005005D300692D37F346	电视剧			古装奇幻					1	20210901
005801FF0001005005D300692D37F377	电影			动画					1	20210901
005801FF0001005005D300692D37F378	纪实			NULL	NULL	NULL	NULL	NULL	1	20210901
005801FF0001005005D300692D37F37B	电视剧			热剧限免	职场励志	古装奇幻			1	20210901
005801FF0001005005D300692D37F39E	动漫			校园					1	20210901
005801FF0001005005D300692D37F39F	动漫			免费专区					1	20210901
005801FF0001005005D300692D37F3A2	动漫			影视限免					1	20210901
005801FF0001005005D300692D37F3AA	电视剧			军旅抗战					1	20210901
005801FF0001005005D300692D37F3C2	电视剧			家庭伦理					1	20210901
005801FF0001005005D300692D37F3C3	电视剧			家庭伦理					1	20210901
005801FF0001005005D300692D37F3D0	电影	电视剧		同步跟播	军旅抗战	惊悚	推荐		1	20210901
005801FF0001005005D300692D37F3D1	电视剧			热剧限免					1	20210901
005801FF0001005005D300692D37F3F1	电视剧			家庭伦理					1	20210901
005801FF0001005005D300692D37F418	电视剧			古装奇幻					1	20210901
005801FF0001005005D300692D37F41F	电视剧			都市爱情					1	20210901
005801FF0001005005D300692D37F428	电视剧	综艺		军旅抗战	全部综艺				1	20210901
005801FF0001005005D300692D37F42D	电视剧			家庭伦理	同步跟播				1	20210901
005801FF0001005005D300692D37F480	电视剧			军旅抗战					1	20210901
005801FF0001005005D300692D37F4D8	电视剧			古装奇幻					1	20210901
005801FF0001005005D300692D37F4DB	电视剧			军旅抗战	家庭伦理				1	20210901
005801FF0001005005D300692D37F4DC	电影			大片限免					1	20210901
005801FF0001005005D300692D37F587	电视剧			青春偶像					1	20210901
005801FF0001005005D300692D37F5A5	动漫			NULL	NULL	NULL	NULL	NULL	1	20210901
005801FF0001005005D300692D37F5BD	动漫			NULL	NULL	NULL	NULL	NULL	1	20210901
005801FF0001005005D300692D37F5ED	动漫			NULL	NULL	NULL	NULL	NULL	1	20210901
005801FF0001005005D300692D37F5EF	动漫			免费专区					1	20210901
005801FF0001005005D300692D37F616	综艺			真人秀					1	20210901
005801FF0001005005D300692D37F6A1	综艺			推荐					1	20210901
005801FF0001005005D300692D37F6AF	电视剧			军旅抗战					1	20210901
005801FF0001005005D300692D37F6B4	动漫			免费专区					1	20210901
005801FF0001005005D300692D37F6D3	电影			大片限免					1	20210901
005801FF0001005005D300692D37F6D7	新闻			NULL	NULL	NULL	NULL	NULL	1	20210901
005801FF0001005005D300692D37F715	综艺			热播榜	侦探解密				1	20210901
005801FF0001005005D300692D37F776	电视剧			热剧限免					1	20210901
005801FF0001005005D300692D37F7CD	电视剧			军旅抗战					1	20210901
005801FF0001005005D300692D37F7E1	动漫	电视剧		军旅抗战					1	20210901
005801FF0001005005D300692D37F7E6	电影	综艺		热播榜	大片限免				1	20210901
005801FF0001005005D300692D37F7F1	综艺			热播榜	推荐				1	20210901
005801FF0001005005D300692D37F7F5	少儿	电影		全部电影	少儿排行	电影排行			1	20210901
005801FF0001005005D300692D37F803	电视剧			古装奇幻					1	20210901
005801FF0001005005D300692D37F816	电影			爱情	动画	DC系列	漫威系列		1	20210901
005801FF0001005005D300692D37F821	电视剧			海外					1	20210901
005801FF0001005005D300692D37F85E	动漫			科幻					1	20210901
005801FF0001005005D300692D37F876	动漫			NULL	NULL	NULL	NULL	NULL	1	20210901
005801FF0001005005D300692D37F8A7	电影			电影					1	20210901
005801FF0001005005D300692D37F8BF	少儿			少儿	推荐				1	20210901
005801FF0001005005D300692D37F8CB	综艺			热播榜					1	20210901
005801FF0001005005D300692D37F8D0	动漫	综艺		免费专区	推荐	热播榜			1	20210901
005801FF0001005005D300692D37F8D3	电视剧			古装奇幻					1	20210901
005801FF0001005005D300692D37F8DE	动漫			NULL	NULL	NULL	NULL	NULL	1	20210901
005801FF0001005005D300692D37F8E3	电影			大片限免					1	20210901
005801FF0001005005D300692D37F8EF	动漫			科幻	校园				1	20210901
005801FF0001005005D300692D37F937	电视剧			军旅抗战					1	20210901
005801FF0001005005D300692D37F94A	动漫			爆笑					1	20210901
005801FF0001005005D300692D37F94B	动漫			免费专区					1	20210901
005801FF0001005005D300692D37F95A	动漫			NULL	NULL	NULL	NULL	NULL	1	20210901
005801FF0001005005D300692D37F968	电视剧			青春偶像					1	20210901
005801FF0001005005D300692D37F9B7	电视剧			悬疑罪案					1	20210901
005801FF0001005005D300692D37FA24	动漫			NULL	NULL	NULL	NULL	NULL	1	20210901
005801FF0001005005D300692D37FA30	电影			电影					1	20210901
005801FF0001005005D300692D37FA34	电影			大片限免					1	20210901
005801FF0001005005D300692D37FA38	动漫			NULL	NULL	NULL	NULL	NULL	1	20210901
005801FF0001005005D300692D37FA39	电影			全部电影					1	20210901
005801FF0001005005D300692D37FA3E	电视剧			军旅抗战					1	20210901
005801FF0001005005D300692D37FA46	综艺	电影		大片限免					1	20210901
005801FF0001005005D300692D37FA5B	动漫			免费专区					1	20210901
005801FF0001005005D300692D37FA66	纪实	动漫		萌系	免费专区	魔幻	爆笑	自然	1	20210901
005801FF0001005005D300692D37FA80	动漫			NULL	NULL	NULL	NULL	NULL	1	20210901
005801FF0001005005D300692D37FA8D	综艺	动漫		侦探解密					1	20210901
005801FF0001005005D300692D37FA98	综艺			NULL	NULL	NULL	NULL	NULL	1	20210901
005801FF0001005005D300692D37FAA7	综艺			真人秀	全部综艺				1	20210901
005801FF0001005005D300692D37FACC	动漫			NULL	NULL	NULL	NULL	NULL	1	20210901
005801FF0001005005D300692D37FAD1	电视剧			古装奇幻	都市爱情	青春偶像			1	20210901
005801FF0001005005D300692D37FADD	电影			全部电影					1	20210901
005801FF0001005005D300692D37FB1D	新闻			NULL	NULL	NULL	NULL	NULL	1	20210901
005801FF0001005005D300692D37FB36	NULL	NULL	NULL	热剧排行					1	20210901
005801FF0001005005D300692D37FB3A	动漫			免费专区					1	20210901
005801FF0001005005D300692D37FB65	电影			爱情					1	20210901
005801FF0001005005D300692D37FB72	电视剧			电视剧					1	20210901
005801FF0001005005D300692D37FBB0	新闻			NULL	NULL	NULL	NULL	NULL	1	20210901
005801FF0001005005D300692D37FBB8	动漫			NULL	NULL	NULL	NULL	NULL	1	20210901
005801FF0001005005D300692D37FBCD	动漫			NULL	NULL	NULL	NULL	NULL	1	20210901
005801FF0001005005D300692D37FBD3	动漫			NULL	NULL	NULL	NULL	NULL	1	20210901
005801FF0001005005D300692D37FBDA	电视剧			军旅抗战					1	20210901
005801FF0001005005D300692D37FC26	电影			NULL	NULL	NULL	NULL	NULL	1	20210901
005801FF0001005005D300692D37FC2A	动漫			NULL	NULL	NULL	NULL	NULL	1	20210901
005801FF0001005005D300692D37FC39	电视剧			军旅抗战					1	20210901
005801FF0001005005D300692D37FC49	动漫			NULL	NULL	NULL	NULL	NULL	1	20210901
005801FF0001005005D300692D37FC51	电视剧			热剧限免	悬疑罪案	推荐			1	20210901
005801FF0001005005D300692D37FC5A	综艺			NULL	NULL	NULL	NULL	NULL	1	20210901
005801FF0001005005D300692D37FC77	动漫			NULL	NULL	NULL	NULL	NULL	1	20210901
005801FF0001005005D300692D37FC9F	动漫			NULL	NULL	NULL	NULL	NULL	1	20210901
005801FF0001005005D300692D37FCA3	综艺			侦探解密					1	20210901
005801FF0001005005D300692D37FCA8	电视剧			家庭伦理	热剧限免				1	20210901
005801FF0001005005D300692D37FCB5	电影			全部电影					1	20210901
005801FF0001005005D300692D37FCB7	电视剧			军旅抗战					1	20210901
005801FF0001005005D300692D37FCBD	电视剧			军旅抗战					1	20210901
005801FF0001005005D300692D37FCC9	电视剧			推荐					1	20210901
005801FF0001005005D300692D37FD28	动漫			动漫影院	免费专区	热血	冒险		1	20210901
005801FF0001005005D300692D37FD32	电视剧			NULL	NULL	NULL	NULL	NULL	1	20210901
005801FF0001005005D300692D37FD39	动漫			NULL	NULL	NULL	NULL	NULL	1	20210901
005801FF0001005005D300692D37FD4B	电视剧	综艺		都市爱情	推荐	热播榜	婚恋甜综		1	20210901
005801FF0001005005D300692D37FD68	动漫			NULL	NULL	NULL	NULL	NULL	1	20210901
005801FF0001005005D300692D37FD86	综艺			真人秀	热播榜				1	20210901
005801FF0001005005D300692D37FD8C	电影			动画	爱情	科幻			1	20210901
005801FF0001005005D300692D37FD90	电视剧			推荐					1	20210901
005801FF0001005005D300692D37FDD3	电影			电影排行	华语神作				1	20210901
005801FF0001005005D300692D37FE3A	综艺	电视剧		真人秀	青春偶像				1	20210901
005801FF0001005005D300692D37FE4D	电视剧			青春偶像					1	20210901
005801FF0001005005D300692D37FE69	综艺	动漫	电视剧	真人秀	免费专区	漫威系列	动作	青春偶像	1	20210901
005801FF0001005005D300692D37FE6A	电影	综艺	电视剧	影视限免	电影	推荐	综艺	电视剧	1	20210901
005801FF0001005005D300692D37FE80	综艺			NULL	NULL	NULL	NULL	NULL	1	20210901
005801FF0001005005D300692D37FE89	动漫			免费专区	爆笑	剧场/OVA			1	20210901
005801FF0001005005D300692D37FE90	电视剧			古装奇幻	同步跟播	家庭伦理			1	20210901
005801FF0001005005D300692D37FEB5	电视剧			军旅抗战					1	20210901
005801FF0001005005D300692D37FEC0	动漫	新闻		NULL	NULL	NULL	NULL	NULL	1	20210901
005801FF0001005005D300692D37FEC3	综艺			推荐					1	20210901
005801FF0001005005D300692D37FECC	电视剧			电视剧					1	20210901
005801FF0001005005D300692D37FED7	电影	电视剧		电影	电视剧				1	20210901
005801FF0001005005D300692D37FEF4	电影	电视剧	纪实	全部纪实	热剧限免	最新上线	大片限免		1	20210901
005801FF0001005005D300692D37FEF9	电视剧	动漫	电影	军旅抗战	全部电影				1	20210901
005801FF0001005005D300692D37FF0F	综艺	电影	动漫	爆笑	热播榜	推荐	全部电影		1	20210901
005801FF0001005005D300692D37FF2E	电视剧			古装奇幻	热剧限免				1	20210901
005801FF0001005005D300692D37FF47	动漫			NULL	NULL	NULL	NULL	NULL	1	20210901
005801FF0001005005D300692D37FF51	电视剧	电影	综艺	动画	青春偶像	喜剧	热剧限免	真人秀	1	20210901
005801FF0001005005D300692D37FF5D	电影	综艺		惊悚	真人秀	电影排行	大片限免		1	20210901
005801FF0001005005D300692D37FF87	电视剧			军旅抗战	热剧限免				1	20210901
005801FF0001005005D300692D37FF9D	综艺			全部综艺					1	20210901
005801FF0001005005D300692D37FFA0	少儿			少儿排行					1	20210901
005801FF0001005005D300692D37FFAC	动漫			NULL	NULL	NULL	NULL	NULL	1	20210901
005801FF0001005005D300692D37FFBA	电视剧			家庭伦理					1	20210901
005801FF0001005005D300692D37FFBF	NULL	NULL	NULL	热剧排行					1	20210901
005801FF0001005005D300692D37FFDA	电影	综艺		电影					1	20210901
005801FF0001005005D300692D37FFEA	动漫			NULL	NULL	NULL	NULL	NULL	1	20210901
005801FF0001005005D300692D37FFEB	动漫			NULL	NULL	NULL	NULL	NULL	1	20210901
005801FF0001005005D300692D37FFEE	动漫			NULL	NULL	NULL	NULL	NULL	1	20210901
005801FF0001005005D300692D37FFFB	动漫			魔幻	全部				1	20210901
005801FF0001005005D300692D380022	动漫			免费专区	爆笑	动漫影院			1	20210901
005801FF0001005005D300692D38003E	新闻			NULL	NULL	NULL	NULL	NULL	1	20210901
005801FF0001005005D300692D380061	电视剧	动漫	电影	免费专区	青春偶像	电影	同步跟播	推荐	1	20210901
005801FF0001005005D300692D380066	动漫			NULL	NULL	NULL	NULL	NULL	1	20210901
005801FF0001005005D300692D38006D	电视剧			古装奇幻					1	20210901
005801FF0001005005D300692D38008F	动漫	电影		大片限免					1	20210901
005801FF0001005005D300692D380091	综艺			热播榜					1	20210901
005801FF0001005005D300692D3800FC	电视剧			军旅抗战					1	20210901
005801FF0001005005D300692D380133	电视剧			军旅抗战					1	20210901
005801FF0001005005D300692D38013D	电视剧			都市爱情	推荐				1	20210901
005801FF0001005005D300692D380164	动漫			NULL	NULL	NULL	NULL	NULL	1	20210901
005801FF0001005005D300692D380192	电影			大片限免					1	20210901
005801FF0001005005D300692D380196	动漫			NULL	NULL	NULL	NULL	NULL	1	20210901
005801FF0001005005D300692D38019F	综艺	动漫		悬疑					1	20210901
005801FF0001005005D300692D3801BE	动漫			NULL	NULL	NULL	NULL	NULL	1	20210901
005801FF0001005005D300692D3801CA	电视剧			军旅抗战					1	20210901
005801FF0001005005D300692D3801FC	电视剧			军旅抗战	电视剧	都市爱情			1	20210901
005801FF0001005005D300692D380214	动漫			NULL	NULL	NULL	NULL	NULL	1	20210901
005801FF0001005005D300692D380220	综艺			音乐现场	热播榜	热剧排行			1	20210901
005801FF0001005005D300692D380231	动漫			NULL	NULL	NULL	NULL	NULL	1	20210901
005801FF0001005005D300692D38023A	电影			大片限免					1	20210901
005801FF0001005005D300692D380262	动漫			全部					1	20210901
005801FF0001005005D300692D38026E	少儿	动漫		少儿排行					1	20210901
005801FF0001005005D300692D380271	综艺			热播榜					1	20210901
005801FF0001005005D300692D380297	纪实	动漫		萌系					1	20210901
005801FF0001005005D300692D380299	动漫			NULL	NULL	NULL	NULL	NULL	1	20210901
005801FF0001005005D300692D3802FE	电视剧			悬疑罪案					1	20210901
005801FF0001005005D300692D380325	电影			最新上线					1	20210901
005801FF0001005005D300692D380345	电视剧			青春偶像	军旅抗战				1	20210901
005801FF0001005005D300692D380351	动漫			NULL	NULL	NULL	NULL	NULL	1	20210901
005801FF0001005005D300692D380366	新闻			八声甘州					1	20210901
005801FF0001005005D300692D38036B	动漫	综艺		NULL	NULL	NULL	NULL	NULL	1	20210901
005801FF0001005005D300692D380392	动漫			NULL	NULL	NULL	NULL	NULL	1	20210901
005801FF0001005005D300692D3803B7	动漫			NULL	NULL	NULL	NULL	NULL	1	20210901
005801FF0001005005D300692D3803C0	电视剧	综艺		热播榜	军旅抗战				1	20210901
005801FF0001005005D300692D3803D1	动漫			NULL	NULL	NULL	NULL	NULL	1	20210901
005801FF0001005005D300692D3803E0	动漫			冒险					1	20210901
005801FF0001005005D300692D380413	电视剧			军旅抗战					1	20210901
005801FF0001005005D300692D380427	动漫			NULL	NULL	NULL	NULL	NULL	1	20210901
005801FF0001005005D300692D380439	动漫	电视剧		热血	军旅抗战	都市爱情			1	20210901
005801FF0001005005D300692D380442	综艺			真人秀	综艺排行				1	20210901
005801FF0001005005D300692D38045E	电影			推荐					1	20210901
005801FF0001005005D300692D380467	动漫			NULL	NULL	NULL	NULL	NULL	1	20210901
005801FF0001005005D300692D38048F	电视剧			军旅抗战					1	20210901
005801FF0001005005D300692D3804A2	新闻	电影		NULL	NULL	NULL	NULL	NULL	1	20210901
005801FF0001005005D300692D3804B6	综艺	电影		热播榜	最新上线	大片限免	全部电影		1	20210901
005801FF0001005005D300692D3804BA	综艺			真人秀					1	20210901
005801FF0001005005D300692D3804D0	电视剧			军旅抗战					1	20210901
005801FF0001005005D300692D3804DB	电视剧	动漫		推荐	爆笑	家庭伦理			1	20210901
005801FF0001005005D300692D3804FF	动漫			NULL	NULL	NULL	NULL	NULL	1	20210901
005801FF0001005005D300692D38052A	电视剧	电影		大片限免	热剧限免				1	20210901
005801FF0001005005D300692D380530	综艺			推荐					1	20210901
005801FF0001005005D300692D38054F	电视剧			热剧限免					1	20210901
005801FF0001005005D300692D380556	动漫			NULL	NULL	NULL	NULL	NULL	1	20210901
005801FF0001005005D300692D38055B	电影			NULL	NULL	NULL	NULL	NULL	1	20210901
005801FF0001005005D300692D380576	动漫			NULL	NULL	NULL	NULL	NULL	1	20210901
005801FF0001005005D300692D38058B	电视剧			军旅抗战					1	20210901
005801FF0001005005D300692D3805B2	电视剧			青春偶像	同步跟播				1	20210901
005801FF0001005005D300692D3805D0	电影	动漫		大片限免	惊悚				1	20210901
005801FF0001005005D300692D380626	电视剧			热剧限免					1	20210901
005801FF0001005005D300692D380633	电视剧			古装奇幻					1	20210901
005801FF0001005005D300692D38063D	电视剧			古装奇幻					1	20210901
005801FF0001005005D300692D380647	动漫			NULL	NULL	NULL	NULL	NULL	1	20210901
005801FF0001005005D300692D380659	动漫	电影		动画	华语神作				1	20210901
005801FF0001005005D300692D38065A	电视剧			青春偶像					1	20210901
005801FF0001005005D300692D380660	动漫			NULL	NULL	NULL	NULL	NULL	1	20210901
005801FF0001005005D300692D380690	动漫			NULL	NULL	NULL	NULL	NULL	1	20210901
005801FF0001005005D300692D3806B6	综艺			NULL	NULL	NULL	NULL	NULL	1	20210901
005801FF0001005005D300692D3806D9	动漫			NULL	NULL	NULL	NULL	NULL	1	20210901
005801FF0001005005D300692D3806DE	动漫			爆笑					1	20210901
005801FF0001005005D300692D380732	电影	电视剧	综艺	全部综艺	真人秀	全部电影	悬疑罪案	热播榜	1	20210901
005801FF0001005005D300692D380733	电视剧			悬疑罪案					1	20210901
005801FF0001005005D300692D380735	电视剧			家庭伦理					1	20210901
005801FF0001005005D300692D38074F	电影			全部电影	4K电影	推荐			1	20210901
005801FF0001005005D300692D38076D	动漫			推荐					1	20210901
005801FF0001005005D300692D380775	综艺	电影		惊悚	大片限免	全部综艺	热剧排行	电影	1	20210901
005801FF0001005005D300692D380779	综艺			NULL	NULL	NULL	NULL	NULL	1	20210901
005801FF0001005005D300692D380793	动漫			NULL	NULL	NULL	NULL	NULL	1	20210901
005801FF0001005005D300692D3807AD	电影			大片限免					1	20210901
005801FF0001005005D300692D3807AE	电视剧			军旅抗战					1	20210901
005801FF0001005005D300692D3807B0	NULL	NULL	NULL	热剧排行					1	20210901
005801FF0001005005D300692D3807BE	综艺	动漫	电视剧	全部综艺	推荐	相声小品			1	20210901
005801FF0001005005D300692D3807F4	电影			大片限免					1	20210901
005801FF0001005005D300692D3807F9	动漫	电影	电视剧	悬疑	古装奇幻	免费专区	豆瓣高分	全部电影	1	20210901
005801FF0001005005D300692D3807FE	动漫			NULL	NULL	NULL	NULL	NULL	1	20210901
005801FF0001005005D300692D380806	电影	综艺		全部综艺	热播榜	全部电影			1	20210901
005801FF0001005005D300692D380807	动漫			全部					1	20210901
005801FF0001005005D300692D380811	动漫	电视剧		推荐					1	20210901
005801FF0001005005D300692D38085F	电视剧			军旅抗战					1	20210901
005801FF0001005005D300692D38086A	电视剧			古装奇幻					1	20210901
005801FF0001005005D300692D380877	综艺			热播榜	推荐				1	20210901
005801FF0001005005D300692D380889	NULL	NULL	NULL	热剧排行					1	20210901
005801FF0001005005D300692D3808C5	电影	电视剧		NULL	NULL	NULL	NULL	NULL	1	20210901
005801FF0001005005D300692D3808DD	综艺			真人秀					1	20210901
005801FF0001005005D300692D3808E6	电视剧			军旅抗战					1	20210901
005801FF0001005005D300692D38090B	动漫			魔幻	机战				1	20210901
005801FF0001005005D300692D38090F	新闻	纪实		推荐	社会	自然			1	20210901
005801FF0001005005D300692D38091F	电视剧			同步跟播	热剧限免				1	20210901
005801FF0001005005D300692D380948	综艺	电影		大片限免					1	20210901
005801FF0001005005D300692D380991	动漫			NULL	NULL	NULL	NULL	NULL	1	20210901
005801FF0001005005D300692D38099D	动漫			NULL	NULL	NULL	NULL	NULL	1	20210901
005801FF0001005005D300692D3809A2	电视剧	综艺	动漫	热剧限免	萌系	古装奇幻	热播榜		1	20210901
005801FF0001005005D300692D3809B0	电视剧			电视剧					1	20210901
005801FF0001005005D300692D3809B3	电视剧			家庭伦理					1	20210901
005801FF0001005005D300692D3809E3	综艺			热播榜					1	20210901
005801FF0001005005D300692D3809ED	电视剧			军旅抗战					1	20210901
005801FF0001005005D300692D380A0B	综艺			综艺					1	20210901
005801FF0001005005D300692D380A0C	电影			豆瓣高分					1	20210901
005801FF0001005005D300692D380A2D	新闻			NULL	NULL	NULL	NULL	NULL	1	20210901
005801FF0001005005D300692D380A91	电视剧			军旅抗战					1	20210901
005801FF0001005005D300692D380ABF	电影			喜剧					1	20210901
005801FF0001005005D300692D380B0B	电视剧			军旅抗战					1	20210901
005801FF0001005005D300692D380B0F	动漫			NULL	NULL	NULL	NULL	NULL	1	20210901
005801FF0001005005D300692D380B2D	动漫			NULL	NULL	NULL	NULL	NULL	1	20210901
005801FF0001005005D300692D380B4F	电视剧			军旅抗战					1	20210901
005801FF0001005005D300692D380B5E	电视剧			同步跟播					1	20210901
005801FF0001005005D300692D380B74	动漫			NULL	NULL	NULL	NULL	NULL	1	20210901
005801FF0001005005D300692D380BA3	少儿	动漫		少儿排行	免费专区				1	20210901
005801FF0001005005D300692D380BB8	电视剧			热剧限免					1	20210901
005801FF0001005005D300692D380BC7	电影	电视剧		军旅抗战	悬疑罪案	大片限免			1	20210901
005801FF0001005005D300692D380BD5	新闻			NULL	NULL	NULL	NULL	NULL	1	20210901
005801FF0001005005D300692D380BDD	电视剧			古装奇幻					1	20210901
005801FF0001005005D300692D380BE8	动漫			免费专区					1	20210901
005801FF0001005005D300692D380C06	电视剧			军旅抗战					1	20210901
005801FF0001005005D300692D380C20	新闻			八声甘州					1	20210901
005801FF0001005005D300692D380C51	电视剧			热剧限免					1	20210901
005801FF0001005005D300692D380C5D	综艺	动漫		推荐	热播榜				1	20210901
005801FF0001005005D300692D380C63	电视剧			古装奇幻					1	20210901
005801FF0001005005D300692D380C68	电影	电视剧		全部电影					1	20210901
005801FF0001005005D300692D380C6F	电视剧			青春偶像	军旅抗战				1	20210901
005801FF0001005005D300692D380CA1	电视剧	电影		古装奇幻	军旅抗战	惊悚			1	20210901
005801FF0001005005D300692D380CAA	综艺			热播榜					1	20210901
005801FF0001005005D300692D380CE5	综艺			侦探解密					1	20210901
005801FF0001005005D300692D380D14	电视剧			军旅抗战					1	20210901
005801FF0001005005D300692D380D2F	电视剧			悬疑罪案					1	20210901
005801FF0001005005D300692D380D34	电影			大片限免					1	20210901
005801FF0001005005D300692D380D35	电视剧			军旅抗战					1	20210901
005801FF0001005005D300692D380D4F	电视剧			都市爱情					1	20210901
005801FF0001005005D300692D380D6E	电视剧			军旅抗战					1	20210901
005801FF0001005005D300692D380D7C	电视剧			都市爱情	热剧限免				1	20210901
005801FF0001005005D300692D380D7F	动漫			NULL	NULL	NULL	NULL	NULL	1	20210901
005801FF0001005005D300692D380DC3	综艺			全部综艺					1	20210901
005801FF0001005005D300692D380DD5	电视剧			军旅抗战					1	20210901
005801FF0001005005D300692D380DDC	电影			大片限免					1	20210901
005801FF0001005005D300692D380E03	电视剧			家庭伦理	悬疑罪案				1	20210901
005801FF0001005005D300692D380E06	电影			热剧排行	电影排行				1	20210901
005801FF0001005005D300692D380E0A	电视剧			军旅抗战					1	20210901
005801FF0001005005D300692D380E11	电影			NULL	NULL	NULL	NULL	NULL	1	20210901
005801FF0001005005D300692D380E1D	电影			大片限免					1	20210901
005801FF0001005005D300692D380E23	电视剧			古装奇幻					1	20210901
005801FF0001005005D300692D380E27	电影			大片限免					1	20210901
005801FF0001005005D300692D380E28	电影			大片限免					1	20210901
005801FF0001005005D300692D380E2E	动漫			NULL	NULL	NULL	NULL	NULL	1	20210901
005801FF0001005005D300692D380E2F	电视剧			NULL	NULL	NULL	NULL	NULL	1	20210901
005801FF0001005005D300692D380E5F	动漫			免费专区					1	20210901
005801FF0001005005D300692D380E69	电影			最新上线					1	20210901
005801FF0001005005D300692D380E93	动漫			NULL	NULL	NULL	NULL	NULL	1	20210901
005801FF0001005005D300692D380E9E	动漫			免费专区					1	20210901
005801FF0001005005D300692D380E9F	动漫			NULL	NULL	NULL	NULL	NULL	1	20210901
005801FF0001005005D300692D380EB5	电视剧			都市爱情					1	20210901
005801FF0001005005D300692D380EC5	综艺			NULL	NULL	NULL	NULL	NULL	1	20210901
005801FF0001005005D300692D380EFE	动漫			免费专区					1	20210901
005801FF0001005005D300692D380F0A	动漫			NULL	NULL	NULL	NULL	NULL	1	20210901
005801FF0001005005D300692D380F0B	动漫			NULL	NULL	NULL	NULL	NULL	1	20210901
005801FF0001005005D300692D380F0E	电视剧			军旅抗战					1	20210901
005801FF0001005005D300692D380F29	电视剧			海外	古装奇幻	剧库	内地		1	20210901
005801FF0001005005D300692D380F36	电视剧			热剧限免					1	20210901
005801FF0001005005D300692D380F49	电视剧			热剧限免					1	20210901
005801FF0001005005D300692D380F4E	动漫	电影		免费专区	最新上线	DC系列	全部电影		1	20210901
005801FF0001005005D300692D380F51	综艺			全部综艺					1	20210901
005801FF0001005005D300692D380F62	综艺			推荐	全部综艺				1	20210901
005801FF0001005005D300692D380F67	电影			最新上线					1	20210901
005801FF0001005005D300692D380F7C	综艺			综艺排行					1	20210901
005801FF0001005005D300692D380F87	电影			电影					1	20210901
005801FF0001005005D300692D380F8D	电视剧	电影	综艺	喜剧	推荐	同步跟播	大片限免	电影	1	20210901
005801FF0001005005D300692D380F8E	电视剧			军旅抗战					1	20210901
005801FF0001005005D300692D380FA6	电视剧			家庭伦理					1	20210901
005801FF0001005005D300692D380FBB	综艺			真人秀					1	20210901
005801FF0001005005D300692D380FBC	动漫	综艺		综艺排行					1	20210901
005801FF0001005005D300692D380FD2	电视剧	电影		军旅抗战	古装奇幻	最新上线	全部电影	豆瓣高分	1	20210901
005801FF0001005005D300692D380FD8	电视剧			军旅抗战					1	20210901
005801FF0001005005D300692D380FE7	动漫			NULL	NULL	NULL	NULL	NULL	1	20210901
005801FF0001005005D300692D380FEC	电视剧			古装奇幻	同步跟播				1	20210901
005801FF0001005005D300692D380FF3	综艺			NULL	NULL	NULL	NULL	NULL	1	20210901
005801FF0001005005D300692D381003	电影			全部电影					1	20210901
005801FF0001005005D300692D381006	电视剧			家庭伦理					1	20210901
005801FF0001005005D300692D381034	电视剧			古装奇幻					1	20210901
005801FF0001005005D300692D381035	电视剧			军旅抗战					1	20210901
005801FF0001005005D300692D381047	电影	动漫		全部	大片限免	免费专区			1	20210901
005801FF0001005005D300692D381054	电视剧			热剧排行	同步跟播				1	20210901
005801FF0001005005D300692D381059	NULL	NULL	NULL	影视限免					1	20210901
005801FF0001005005D300692D38105A	动漫			NULL	NULL	NULL	NULL	NULL	1	20210901
005801FF0001005005D300692D38105E	电影			大片限免					1	20210901
005801FF0001005005D300692D381092	动漫			推荐	机战				1	20210901
005801FF0001005005D300692D3810AB	电影			豆瓣高分					1	20210901
005801FF0001005005D300692D3810B3	综艺			NULL	NULL	NULL	NULL	NULL	1	20210901
005801FF0001005005D300692D3810B7	电视剧			热剧限免					1	20210901
005801FF0001005005D300692D3810CA	动漫			NULL	NULL	NULL	NULL	NULL	1	20210901
005801FF0001005005D300692D3810E3	电视剧	动漫		古装奇幻	全部				1	20210901
005801FF0001005005D300692D3810E4	动漫			萌系					1	20210901
005801FF0001005005D300692D3810F6	动漫			科幻					1	20210901
005801FF0001005005D300692D381116	电视剧			家庭伦理					1	20210901
005801FF0001005005D300692D381122	电影			大片限免	最新上线				1	20210901
005801FF0001005005D300692D381129	综艺	电影		推荐	最新上线				1	20210901
005801FF0001005005D300692D381130	电影			全部电影					1	20210901
005801FF0001005005D300692D38113F	NULL	NULL	NULL	推荐					1	20210901
005801FF0001005005D300692D381161	电影			动画					1	20210901
005801FF0001005005D300692D38117A	电视剧			军旅抗战					1	20210901
005801FF0001005005D300692D38118A	新闻			NULL	NULL	NULL	NULL	NULL	1	20210901
005801FF0001005005D300692D3811B5	动漫			NULL	NULL	NULL	NULL	NULL	1	20210901
005801FF0001005005D300692D3811BF	电影	综艺		真人秀	大片限免				1	20210901
005801FF0001005005D300692D3811CE	电视剧			都市爱情					1	20210901
005801FF0001005005D300692D381202	动漫			免费专区					1	20210901
005801FF0001005005D300692D381205	动漫			NULL	NULL	NULL	NULL	NULL	1	20210901
005801FF0001005005D300692D381207	综艺			热播榜					1	20210901
005801FF0001005005D300692D38120B	电视剧			军旅抗战	悬疑罪案				1	20210901
005801FF0001005005D300692D381248	电影	电视剧	动漫	免费专区	大片限免	热剧限免			1	20210901
005801FF0001005005D300692D38125E	电视剧			都市爱情					1	20210901
005801FF0001005005D300692D38126F	电视剧			军旅抗战					1	20210901
005801FF0001005005D300692D381277	动漫			NULL	NULL	NULL	NULL	NULL	1	20210901
005801FF0001005005D300692D3812AB	电影			爱情	推荐				1	20210901
005801FF0001005005D300692D3812B4	电视剧			古装奇幻	同步跟播				1	20210901
005801FF0001005005D300692D3812C3	电影	动漫	少儿	少儿排行	全部电影				1	20210901
005801FF0001005005D300692D3812CE	电视剧			军旅抗战					1	20210901
005801FF0001005005D300692D38133A	动漫			推荐	免费专区	全部			1	20210901
005801FF0001005005D300692D381376	动漫	电视剧		古装奇幻	免费专区				1	20210901
005801FF0001005005D300692D381379	电视剧			军旅抗战					1	20210901
005801FF0001005005D300692D3813A9	电影			全部电影					1	20210901
005801FF0001005005D300692D3813EB	电视剧			家庭伦理					1	20210901
005801FF0001005005D300692D3813F5	动漫			NULL	NULL	NULL	NULL	NULL	1	20210901
005801FF0001005005D300692D38141D	电视剧	动漫		剧库					1	20210901
005801FF0001005005D300692D381424	动漫			免费专区					1	20210901
005801FF0001005005D300692D381426	动漫			免费专区					1	20210901
005801FF0001005005D300692D381432	电影	动漫		全部电影					1	20210901
005801FF0001005005D300692D381443	动漫	电视剧		推荐					1	20210901
005801FF0001005005D300692D38144C	电视剧			古装奇幻					1	20210901
005801FF0001005005D300692D381479	电视剧			古装奇幻					1	20210901
005801FF0001005005D300692D381485	新闻			NULL	NULL	NULL	NULL	NULL	1	20210901
005801FF0001005005D300692D381492	动漫			爆笑	免费专区				1	20210901
005801FF0001005005D300692D3814A5	动漫			免费专区					1	20210901
005801FF0001005005D300692D3814CC	综艺			热播榜	推荐				1	20210901
005801FF0001005005D300692D3814DD	电影			电影					1	20210901
005801FF0001005005D300692D3814F1	动漫			免费专区					1	20210901
005801FF0001005005D300692D3814FE	动漫			NULL	NULL	NULL	NULL	NULL	1	20210901
005801FF0001005005D300692D381509	综艺			综艺排行					1	20210901
005801FF0001005005D300692D381511	新闻			八声甘州					1	20210901
005801FF0001005005D300692D38151C	动漫			魔幻					1	20210901
005801FF0001005005D300692D381535	综艺	电影		全部电影	最新上线				1	20210901
005801FF0001005005D300692D381545	NULL	NULL	NULL	影视限免					1	20210901
005801FF0001005005D300692D381555	动漫			免费专区					1	20210901
005801FF0001005005D300692D381561	动漫			免费专区					1	20210901
005801FF0001005005D300692D381565	新闻			NULL	NULL	NULL	NULL	NULL	1	20210901
005801FF0001005005D300692D381580	电视剧	动漫	电影	古装奇幻	动画				1	20210901
005801FF0001005005D300692D38158B	动漫			免费专区					1	20210901
005801FF0001005005D300692D38158D	动漫	综艺		免费专区	综艺排行				1	20210901
005801FF0001005005D300692D381591	综艺			热播榜					1	20210901
005801FF0001005005D300692D381599	电影			大片限免					1	20210901
005801FF0001005005D300692D3815A0	动漫	电影		推荐	全部	电影			1	20210901
005801FF0001005005D300692D3815CC	动漫			动漫影院					1	20210901
005801FF0001005005D300692D3815D0	综艺			推荐	热播榜				1	20210901
005801FF0001005005D300692D3815D6	综艺	动漫		爆笑	热播榜				1	20210901
005801FF0001005005D300692D38160D	电视剧			军旅抗战					1	20210901
005801FF0001005005D300692D381611	动漫			萌系	免费专区				1	20210901
005801FF0001005005D300692D381645	NULL	NULL	NULL	热剧排行					1	20210901
005801FF0001005005D300692D38165B	电视剧			青春偶像					1	20210901
005801FF0001005005D300692D38168D	电影			剧情	冒险				1	20210901
005801FF0001005005D300692D38169F	动漫			NULL	NULL	NULL	NULL	NULL	1	20210901
005801FF0001005005D300692D3816CC	电视剧			军旅抗战					1	20210901
005801FF0001005005D300692D3816DD	电视剧			古装奇幻					1	20210901
005801FF0001005005D300692D3816FE	电视剧			古装奇幻					1	20210901
005801FF0001005005D300692D381731	电视剧			古装奇幻					1	20210901
005801FF0001005005D300692D38175A	电视剧			悬疑罪案					1	20210901
005801FF0001005005D300692D381786	电视剧			古装奇幻					1	20210901
005801FF0001005005D300692D381794	动漫			NULL	NULL	NULL	NULL	NULL	1	20210901
005801FF0001005005D300692D38179C	电视剧	动漫		古装奇幻	免费专区	全部	校园		1	20210901
005801FF0001005005D300692D3817D4	电影			电影	影视限免				1	20210901
005801FF0001005005D300692D381802	动漫			NULL	NULL	NULL	NULL	NULL	1	20210901
005801FF0001005005D300692D38181A	动漫			免费专区					1	20210901
005801FF0001005005D300692D381822	新闻			NULL	NULL	NULL	NULL	NULL	1	20210901
005801FF0001005005D300692D381855	电影			动画	大片限免				1	20210901
005801FF0001005005D300692D38187D	新闻			八声甘州					1	20210901
005801FF0001005005D300692D38188C	电影	综艺		热播榜	推荐	华语神作			1	20210901
005801FF0001005005D300692D3818D7	电视剧			军旅抗战					1	20210901
005801FF0001005005D300692D3818EE	动漫			免费专区	悬疑				1	20210901
005801FF0001005005D300692D381904	综艺			全部综艺	推荐	影视限免			1	20210901
005801FF0001005005D300692D381991	动漫			免费专区					1	20210901
005801FF0001005005D300692D381996	电影	动漫	综艺	全部	全部综艺	热播榜	动画		1	20210901
005801FF0001005005D300692D38199A	电视剧			军旅抗战					1	20210901
005801FF0001005005D300692D3819A7	动漫			NULL	NULL	NULL	NULL	NULL	1	20210901
005801FF0001005005D300692D3819C0	动漫			NULL	NULL	NULL	NULL	NULL	1	20210901
005801FF0001005005D300692D3819FE	电视剧			同步跟播					1	20210901
005801FF0001005005D300692D381A13	电视剧			青春偶像					1	20210901
005801FF0001005005D300692D381A26	动漫			NULL	NULL	NULL	NULL	NULL	1	20210901
005801FF0001005005D300692D381A29	电视剧			古装奇幻					1	20210901
005801FF0001005005D300692D381A31	动漫			NULL	NULL	NULL	NULL	NULL	1	20210901
005801FF0001005005D300692D381A40	综艺			NULL	NULL	NULL	NULL	NULL	1	20210901
005801FF0001005005D300692D381A4A	动漫			NULL	NULL	NULL	NULL	NULL	1	20210901
005801FF0001005005D300692D381A4D	电视剧	电影		古装奇幻	动画	全部电影			1	20210901
005801FF0001005005D300692D381A65	电视剧			军旅抗战					1	20210901
005801FF0001005005D300692D381A6D	电视剧			古装奇幻					1	20210901
005801FF0001005005D300692D381A7A	电视剧			古装奇幻	剧情喜剧				1	20210901
005801FF0001005005D300692D381A92	动漫			NULL	NULL	NULL	NULL	NULL	1	20210901
005801FF0001005005D300692D381AAB	动漫			爆笑	免费专区				1	20210901
005801FF0001005005D300692D381ABA	综艺	电视剧		推荐	热播榜				1	20210901
005801FF0001005005D300692D381AD5	动漫			励志	热剧排行				1	20210901
005801FF0001005005D300692D381B12	电视剧			同步跟播					1	20210901
005801FF0001005005D300692D381B21	综艺			真人秀					1	20210901
005801FF0001005005D300692D381B2E	电视剧	综艺		热播榜	全部综艺	同步跟播			1	20210901
005801FF0001005005D300692D381B53	动漫			NULL	NULL	NULL	NULL	NULL	1	20210901
005801FF0001005005D300692D381B57	电视剧			同步跟播					1	20210901
005801FF0001005005D300692D381B6A	动漫	电视剧		魔幻	古装奇幻	热剧限免	免费专区		1	20210901
005801FF0001005005D300692D381B7E	电影			大片限免					1	20210901
005801FF0001005005D300692D381B85	动漫			免费专区					1	20210901
005801FF0001005005D300692D381BC9	电视剧			都市爱情					1	20210901
005801FF0001005005D300692D381BEA	动漫			热血	全部				1	20210901
005801FF0001005005D300692D381BFB	电影	动漫		免费专区					1	20210901
005801FF0001005005D300692D381C15	动漫	电视剧		免费专区	古装奇幻	影视限免			1	20210901
005801FF0001005005D300692D381C1C	电视剧			热剧限免					1	20210901
005801FF0001005005D300692D381C59	电影			电影					1	20210901
005801FF0001005005D300692D381C62	动漫			全部					1	20210901
005801FF0001005005D300692D381C9A	动漫			动漫影院					1	20210901
005801FF0001005005D300692D381CB3	新闻			推荐					1	20210901
005801FF0001005005D300692D381CC4	纪实	电影	动漫	励志	惊悚				1	20210901
005801FF0001005005D300692D381CD9	电视剧			热剧限免					1	20210901
005801FF0001005005D300692D381CF1	电视剧			NULL	NULL	NULL	NULL	NULL	1	20210901
005801FF0001005005D300692D381CF4	电视剧			青春偶像	家庭伦理				1	20210901
005801FF0001005005D300692D381D25	动漫			免费专区					1	20210901
005801FF0001005005D300692D381D31	电视剧			电视剧					1	20210901
005801FF0001005005D300692D381D38	电影			电影排行					1	20210901
005801FF0001005005D300692D381D42	综艺			音乐现场	推荐				1	20210901
005801FF0001005005D300692D381D4F	少儿	动漫		少儿排行					1	20210901
005801FF0001005005D300692D381D5A	电视剧			家庭伦理					1	20210901
005801FF0001005005D300692D381D6C	电视剧	纪实	电影	热播榜	全部电影	军旅抗战	推荐	全部纪实	1	20210901
005801FF0001005005D300692D381D76	电视剧			军旅抗战					1	20210901
005801FF0001005005D300692D381D8F	动漫			NULL	NULL	NULL	NULL	NULL	1	20210901
005801FF0001005005D300692D381D97	动漫			NULL	NULL	NULL	NULL	NULL	1	20210901
005801FF0001005005D300692D381D9B	电影			大片限免					1	20210901
005801FF0001005005D300692D381DC0	电视剧			推荐					1	20210901
005801FF0001005005D300692D381DDC	动漫			NULL	NULL	NULL	NULL	NULL	1	20210901
005801FF0001005005D300692D381DE6	动漫			全部	热血				1	20210901
005801FF0001005005D300692D381DFC	动漫			全部	爆笑	萌系	悬疑	冒险	1	20210901
005801FF0001005005D300692D381E00	电影			华语神作					1	20210901
005801FF0001005005D300692D381E0E	动漫			科幻	魔幻				1	20210901
005801FF0001005005D300692D381E3E	动漫			NULL	NULL	NULL	NULL	NULL	1	20210901
005801FF0001005005D300692D381E5A	电视剧	动漫		全部	军旅抗战	冒险			1	20210901
005801FF0001005005D300692D381E77	动漫			免费专区					1	20210901
005801FF0001005005D300692D381E7A	电视剧	综艺		热剧限免	热播榜	推荐			1	20210901
005801FF0001005005D300692D381E7D	电视剧			家庭伦理					1	20210901
005801FF0001005005D300692D381E82	动漫	综艺		全部					1	20210901
005801FF0001005005D300692D381E8B	电视剧			悬疑罪案					1	20210901
005801FF0001005005D300692D381E95	动漫			NULL	NULL	NULL	NULL	NULL	1	20210901
005801FF0001005005D300692D381EB3	电视剧			热剧限免					1	20210901
005801FF0001005005D300692D381EC5	NULL	NULL	NULL	影视限免					1	20210901
005801FF0001005005D300692D381EC9	电视剧			热剧限免					1	20210901
005801FF0001005005D300692D381ED2	动漫			NULL	NULL	NULL	NULL	NULL	1	20210901
005801FF0001005005D300692D381ED3	电视剧			军旅抗战					1	20210901
005801FF0001005005D300692D381EDA	电视剧			古装奇幻					1	20210901
005801FF0001005005D300692D381EF4	动漫			免费专区					1	20210901
005801FF0001005005D300692D381F17	电视剧			军旅抗战	悬疑罪案				1	20210901
005801FF0001005005D300692D381F41	电影			全部电影	最新上线	推荐			1	20210901
005801FF0001005005D300692D381F44	电视剧	动漫	电影	免费专区	电视剧	热剧限免	电影	动漫影院	1	20210901
005801FF0001005005D300692D381F67	电视剧			电视剧					1	20210901
005801FF0001005005D300692D381F6A	电影			剧情					1	20210901
005801FF0001005005D300692D381F8E	电视剧			古装奇幻					1	20210901
005801FF0001005005D300692D381FAD	综艺			热播榜					1	20210901
005801FF0001005005D300692D381FB4	综艺			综艺排行					1	20210901
005801FF0001005005D300692D381FD5	电视剧			同步跟播					1	20210901
005801FF0001005005D300692D381FDB	电视剧			军旅抗战					1	20210901
005801FF0001005005D300692D381FF5	电视剧			军旅抗战					1	20210901
005801FF0001005005D300692D381FF8	电视剧			热剧限免					1	20210901
005801FF0001005005D300692D382022	动漫			悬疑					1	20210901
005801FF0001005005D300692D382028	综艺			侦探解密					1	20210901
005801FF0001005005D300692D38202E	电视剧			家庭伦理					1	20210901
005801FF0001005005D300692D382049	新闻			NULL	NULL	NULL	NULL	NULL	1	20210901
005801FF0001005005D300692D382058	纪实			NULL	NULL	NULL	NULL	NULL	1	20210901
005801FF0001005006D400692D3D9C52	电视剧			同步跟播					1	20210901
005801FF0001005006D400692D3D9C7D	动漫	电影		冒险	电影	免费专区			1	20210901
005801FF0001005006D400692D3D9C96	电视剧			推荐	军旅抗战				1	20210901
005801FF0001005006D400692D3D9CAA	综艺			真人秀	热播榜				1	20210901
005801FF0001005006D400692D3D9D11	动漫			NULL	NULL	NULL	NULL	NULL	1	20210901
005801FF0001005006D400692D3D9D24	动漫	电视剧	电影	免费专区	家庭伦理	全部电影			1	20210901
005801FF0001005006D400692D3D9D80	电视剧			军旅抗战					1	20210901
005801FF0001005006D400692D3D9D8D	电视剧			军旅抗战					1	20210901
005801FF0001005006D400692D3D9DC4	电视剧			青春偶像					1	20210901
005801FF0001005006D400692D3D9DF1	动漫	电影		免费专区	大片限免				1	20210901
005801FF0001005006D400692D3D9DF2	动漫			免费专区					1	20210901
005801FF0001005006D400692D3D9E02	电影	综艺		推荐	全部电影				1	20210901
005801FF0001005006D400692D3D9E56	电影			全部电影					1	20210901
005801FF0001005006D400692D3D9E5E	动漫			NULL	NULL	NULL	NULL	NULL	1	20210901
005801FF0001005006D400692D3D9E6B	电视剧			NULL	NULL	NULL	NULL	NULL	1	20210901
005801FF0001005006D400692D3D9E6E	电影			大片限免					1	20210901
005801FF0001005006D400692D3D9E70	电视剧			青春偶像	家庭伦理	军旅抗战			1	20210901
005801FF0001005006D400692D3D9E7B	电视剧			推荐	军旅抗战				1	20210901
005801FF0001005006D400692D3D9E86	新闻			NULL	NULL	NULL	NULL	NULL	1	20210901
005801FF0001005006D400692D3D9E90	电视剧	综艺		真人秀	青春偶像	全部综艺	热剧限免		1	20210901
005801FF0001005006D400692D3D9EA0	电视剧			古装奇幻					1	20210901
005801FF0001005006D400692D3D9F0E	新闻			NULL	NULL	NULL	NULL	NULL	1	20210901
005801FF0001005006D400692D3D9F48	电视剧	电影		青春偶像	爱情	动作			1	20210901
005801FF0001005006D400692D3D9F84	动漫			NULL	NULL	NULL	NULL	NULL	1	20210901
005801FF0001005006D400692D3D9FBD	电影			热剧排行	电影排行				1	20210901
005801FF0001005006D400692D3D9FC7	动漫			NULL	NULL	NULL	NULL	NULL	1	20210901
005801FF0001005006D400692D3D9FCA	电视剧			军旅抗战					1	20210901
005801FF0001005006D400692D3D9FE6	综艺			综艺排行					1	20210901
005801FF0001005006D400692D3D9FEB	电影			全部电影					1	20210901
005801FF0001005006D400692D3D9FF2	动漫			NULL	NULL	NULL	NULL	NULL	1	20210901
005801FF0001005006D400692D3DA021	电视剧			军旅抗战					1	20210901
005801FF0001005006D400692D3DA038	电影			动作	全部电影				1	20210901
005801FF0001005006D400692D3DA043	电视剧			军旅抗战					1	20210901
005801FF0001005006D400692D3DA076	新闻			NULL	NULL	NULL	NULL	NULL	1	20210901
005801FF0001005006D400692D3DA07A	电视剧			同步跟播					1	20210901
005801FF0001005006D400692D3DA095	综艺			推荐	综艺排行				1	20210901
005801FF0001005006D400692D3DA09E	动漫			NULL	NULL	NULL	NULL	NULL	1	20210901
005801FF0001005006D400692D3DA0FF	电视剧			推荐	同步跟播				1	20210901
005801FF0001005006D400692D3DA175	综艺			NULL	NULL	NULL	NULL	NULL	1	20210901
005801FF0001005006D400692D3DA1A1	电影			爱情					1	20210901
005801FF0001005006D400692D3DA1BC	电影			NULL	NULL	NULL	NULL	NULL	1	20210901
005801FF0001005006D400692D3DA219	电视剧			古装奇幻					1	20210901
005801FF0001005006D400692D3DA21A	动漫			NULL	NULL	NULL	NULL	NULL	1	20210901
005801FF0001005006D400692D3DA281	NULL	NULL	NULL	影视限免					1	20210901
005801FF0001005006D400692D3DA28F	电影			最新上线					1	20210901
005801FF0001005006D400692D3DA2AE	电视剧			同步跟播					1	20210901
005801FF0001005006D400692D3DA2C9	动漫			NULL	NULL	NULL	NULL	NULL	1	20210901
005801FF0001005006D400692D3DA2FE	电影			动画					1	20210901
005801FF0001005006D400692D3DA303	电视剧	电影	动漫	电视剧	电影	热血			1	20210901
005801FF0001005006D400692D3DA393	动漫			NULL	NULL	NULL	NULL	NULL	1	20210901
005801FF0001005006D400692D3DA3CA	电影			全部电影					1	20210901
005801FF0001005006D400692D3DA3CF	新闻			NULL	NULL	NULL	NULL	NULL	1	20210901
005801FF0001005006D400692D3DA4A7	电视剧			推荐	青春偶像				1	20210901
005801FF0001005006D400692D3DA4EB	电视剧			电视剧					1	20210901
005801FF0001005006D400692D3DA50A	综艺	电视剧		热剧限免	热播榜				1	20210901
005801FF0001005006D400692D3DA595	电影			NULL	NULL	NULL	NULL	NULL	1	20210901
005801FF0001005006D400692D3DA5CB	新闻			NULL	NULL	NULL	NULL	NULL	1	20210901
005801FF0001005006D400692D3DA60D	电影			推荐					1	20210901
005801FF0001005006D400692D3DA648	电视剧			军旅抗战					1	20210901
005801FF0001005006D400692D3DA65D	电视剧			推荐					1	20210901
005801FF0001005006D400692D3DA6A5	电视剧			军旅抗战					1	20210901
005801FF0001005006D400692D3DA6B3	电影	综艺		脱口秀	热播榜	大片限免			1	20210901
005801FF0001005006D400692D3DA6D9	动漫			校园	魔幻				1	20210901
005801FF0001005006D400692D3DA70C	新闻			NULL	NULL	NULL	NULL	NULL	1	20210901
005801FF0001005006D400692D3DA70F	动漫			NULL	NULL	NULL	NULL	NULL	1	20210901
005801FF0001005006D400692D3DA719	电视剧			家庭伦理					1	20210901
005801FF0001005006D400692D3DA756	动漫			免费专区	冒险	全部	动漫影院	推荐	1	20210901
005801FF0001005006D400692D3DA783	电影			喜剧					1	20210901
005801FF0001005006D400692D3DA784	电视剧			同步跟播					1	20210901
005801FF0001005006D400692D3DA793	电视剧	综艺		综艺排行	推荐				1	20210901
005801FF0001005006D400692D3DA7A4	电影			大片限免	华语神作				1	20210901
005801FF0001005006D400692D3DA7C9	动漫			NULL	NULL	NULL	NULL	NULL	1	20210901
005801FF0001005006D400692D3DA809	电视剧	电影		惊悚	军旅抗战	全部电影			1	20210901
005801FF0001005006D400692D3DA80E	电视剧			家庭伦理					1	20210901
005801FF0001005006D400692D3DA819	电视剧			军旅抗战					1	20210901
005801FF0001005006D400692D3DA81A	电视剧			家庭伦理					1	20210901
005801FF0001005006D400692D3DA838	电视剧			军旅抗战	热剧限免				1	20210901
005801FF0001005006D400692D3DA840	电影	动漫	电视剧	古装奇幻	爆笑	同步跟播	全部电影	校园	1	20210901
005801FF0001005006D400692D3DA849	电视剧			军旅抗战	古装奇幻				1	20210901
005801FF0001005006D400692D3DA868	电视剧	电影	综艺	音乐现场	同步跟播	最新上线			1	20210901
005801FF0001005006D400692D3DA877	电影			全部电影					1	20210901
005801FF0001005006D400692D3DA8A0	纪实			NULL	NULL	NULL	NULL	NULL	1	20210901
005801FF0001005006D400692D3DA8C1	NULL	NULL	NULL	热剧排行					1	20210901
005801FF0001005006D400692D3DA904	动漫			免费专区					1	20210901
005801FF0001005006D400692D3DA910	电视剧			NULL	NULL	NULL	NULL	NULL	1	20210901
005801FF0001005006D400692D3DA91C	动漫			免费专区					1	20210901
005801FF0001005006D400692D3DA91D	电视剧			NULL	NULL	NULL	NULL	NULL	1	20210901
005801FF0001005006D400692D3DA92D	电影			NULL	NULL	NULL	NULL	NULL	1	20210901
005801FF0001005006D400692D3DA93C	电视剧			军旅抗战					1	20210901
005801FF0001005006D400692D3DA93E	电影	电视剧		古装奇幻	电影排行				1	20210901
005801FF0001005006D400692D3DA95D	电影			大片限免					1	20210901
005801FF0001005006D400692D3DA97C	电视剧			热剧限免					1	20210901
005801FF0001005006D400692D3DA987	电影			豆瓣高分	动作	怀旧经典			1	20210901
005801FF0001005006D400692D3DA9AF	电视剧			NULL	NULL	NULL	NULL	NULL	1	20210901
005801FF0001005006D400692D3DA9CE	电视剧	综艺		家庭伦理	全部综艺				1	20210901
005801FF0001005006D400692D3DA9D0	电视剧			NULL	NULL	NULL	NULL	NULL	1	20210901
005801FF0001005006D400692D3DA9D1	电影			大片限免	华语神作				1	20210901
005801FF0001005006D400692D3DA9EB	综艺			真人秀					1	20210901
005801FF0001005006D400692D3DAA10	电影			华语神作					1	20210901
005801FF0001005006D400692D3DAA2D	综艺	电影		全部电影	综艺排行				1	20210901
005801FF0001005006D400692D3DAA44	电视剧			剧情喜剧					1	20210901
005801FF0001005006D400692D3DAA47	综艺			综艺					1	20210901
005801FF0001005006D400692D3DAA82	电影			电影排行					1	20210901
005801FF0001005006D400692D3DAA8A	电视剧			军旅抗战					1	20210901
005801FF0001005006D400692D3DAB0B	动漫			免费专区					1	20210901
005801FF0001005006D400692D3DAB53	电影	新闻		推荐					1	20210901
005801FF0001005006D400692D3DAB7F	动漫			NULL	NULL	NULL	NULL	NULL	1	20210901
005801FF0001005006D400692D3DABA0	动漫			NULL	NULL	NULL	NULL	NULL	1	20210901
005801FF0001005006D400692D3DAC18	综艺			NULL	NULL	NULL	NULL	NULL	1	20210901
005801FF0001005006D400692D3DAC53	动漫			免费专区					1	20210901
005801FF0001005006D400692D3DAC77	电视剧			军旅抗战	同步跟播				1	20210901
005801FF0001005006D400692D3DAC8B	动漫			免费专区					1	20210901
005801FF0001005006D400692D3DACB4	电影			全部电影					1	20210901
005801FF0001005006D400692D3DACBF	电视剧			军旅抗战					1	20210901
005801FF0001005006D400692D3DACC3	NULL	NULL	NULL	推荐					1	20210901
005801FF0001005006D400692D3DACD4	新闻			NULL	NULL	NULL	NULL	NULL	1	20210901
005801FF0001005006D400692D3DACEC	电视剧			军旅抗战					1	20210901
005801FF0001005006D400692D3DAD14	电影			大片限免	推荐				1	20210901
005801FF0001005006D400692D3DAD27	电视剧			军旅抗战					1	20210901
005801FF0001005006D400692D3DAD42	电影			推荐					1	20210901
005801FF0001005006D400692D3DAD72	电视剧			军旅抗战					1	20210901
005801FF0001005006D400692D3DAD7E	电影			大片限免					1	20210901
005801FF0001005006D400692D3DADA5	综艺	电视剧		综艺	电视剧				1	20210901
005801FF0001005006D400692D3DADB5	综艺			真人秀					1	20210901
005801FF0001005006D400692D3DADCF	电影			全部电影					1	20210901
005801FF0001005006D400692D3DADF5	电视剧			古装奇幻					1	20210901
005801FF0001005006D400692D3DAE42	新闻	电影		电影排行					1	20210901
005801FF0001005006D400692D3DAE47	电影			推荐					1	20210901
005801FF0001005006D400692D3DAE58	电视剧			都市爱情					1	20210901
005801FF0001005006D400692D3DAE70	电视剧			青春偶像					1	20210901
005801FF0001005006D400692D3DAE99	电视剧			军旅抗战					1	20210901
005801FF0001005006D400692D3DAE9C	电视剧			都市爱情					1	20210901
005801FF0001005006D400692D3DAEB3	电视剧			古装奇幻					1	20210901
005801FF0001005006D400692D3DAEB6	电影			动画	大片限免				1	20210901
005801FF0001005006D400692D3DAEB9	电影			推荐					1	20210901
005801FF0001005006D400692D3DAEDA	动漫	电视剧		推荐					1	20210901
005801FF0001005006D400692D3DAF32	新闻			NULL	NULL	NULL	NULL	NULL	1	20210901
005801FF0001005006D400692D3DAF64	电影	综艺		全部电影	热播榜	最新上线	华语神作		1	20210901
005801FF0001005006D400692D3DAF99	电视剧			古装奇幻					1	20210901
005801FF0001005006D400692D3DAFB1	电影			全部电影					1	20210901
005801FF0001005006D400692D3DAFCA	电视剧			军旅抗战					1	20210901
005801FF0001005006D400692D3DB07E	电影	电视剧		热剧限免	豆瓣高分				1	20210901
005801FF0001005006D400692D3DB0C1	动漫			免费专区					1	20210901
005801FF0001005006D400692D3DB0C2	电影			大片限免					1	20210901
005801FF0001005006D400692D3DB116	电视剧			家庭伦理					1	20210901
005801FF0001005006D400692D3DB14C	电影			NULL	NULL	NULL	NULL	NULL	1	20210901
005801FF0001005006D400692D3DB1E4	动漫			免费专区					1	20210901
005801FF0001005006D400692D3DB20A	新闻			NULL	NULL	NULL	NULL	NULL	1	20210901
005801FF0001005006D400692D3DB220	电视剧			军旅抗战					1	20210901
005801FF0001005006D400692D3DB224	电视剧			古装奇幻					1	20210901
005801FF0001005006D400692D3DB22F	动漫			NULL	NULL	NULL	NULL	NULL	1	20210901
005801FF0001005006D400692D3DB27E	电视剧	综艺		综艺	都市爱情				1	20210901
005801FF0001005006D400692D3DB285	电视剧			NULL	NULL	NULL	NULL	NULL	1	20210901
005801FF0001005006D400692D3DB28E	电视剧			NULL	NULL	NULL	NULL	NULL	1	20210901
005801FF0001005006D400692D3DB291	电影			NULL	NULL	NULL	NULL	NULL	1	20210901
005801FF0001005006D400692D3DB2C3	新闻			NULL	NULL	NULL	NULL	NULL	1	20210901
005801FF0001005006D400692D3DB2DC	电视剧			NULL	NULL	NULL	NULL	NULL	1	20210901
005801FF0001005006D400692D3DB2FC	电视剧			家庭伦理					1	20210901
005801FF0001005006D400692D3DB357	电视剧			热剧限免					1	20210901
005801FF0001005006D400692D3DB3D9	电视剧			军旅抗战					1	20210901
005801FF0001005006D400692D3DB3FB	电影			NULL	NULL	NULL	NULL	NULL	1	20210901
005801FF0001005006D400692D3DB3FC	电影	动漫		免费专区	惊悚				1	20210901
005801FF0001005006D400692D3DB43F	电影			推荐					1	20210901
005801FF0001005006D400692D3DB4FA	电视剧			古装奇幻					1	20210901
005801FF0001005006D400692D3DB632	电影			大片限免					1	20210901
005801FF0001005006D400692D3DB64E	电视剧	电影		军旅抗战	大片限免	冒险			1	20210901
005801FF0001005006D400692D3DB652	新闻			八声甘州					1	20210901
005801FF0001005006D400692D3DB664	电视剧	电影		剧情喜剧	全部电影	古装奇幻	名侦探柯南		1	20210901
005801FF0001005006D400692D3DB73A	电影			NULL	NULL	NULL	NULL	NULL	1	20210901
005801FF0001005006D400692D3DB761	动漫			NULL	NULL	NULL	NULL	NULL	1	20210901
005801FF0001005006D400692D3DB772	电视剧			军旅抗战					1	20210901
005801FF0001005006D400692D3DB82C	电视剧			电视剧					1	20210901
