htv_directorlabel_dm.deviceid	htv_directorlabel_dm.directorname	htv_directorlabel_dm.date_time
004903000003204019297C52593C36AE	其他	20210901
004903FF001847800001748F1B108D54	其他	20210901
00500300000351800038748F1BDA58C6	其他	20210901
005101FF00011810111160D21CA9B1E5	其他	20210901
005801FF0001005005D300692D37D26F	张扬	20210901
005801FF0001005005D300692D37D283	其他	20210901
005801FF0001005005D300692D37D294	其他	20210901
005801FF0001005005D300692D37D2AA	其他	20210901
005801FF0001005005D300692D37D2AF	其他	20210901
005801FF0001005005D300692D37D2EE	其他	20210901
005801FF0001005005D300692D37D332	其他	20210901
005801FF0001005005D300692D37D349	其他	20210901
005801FF0001005005D300692D37D34D	其他	20210901
005801FF0001005005D300692D37D356	其他	20210901
005801FF0001005005D300692D37D362	其他	20210901
005801FF0001005005D300692D37D363	其他	20210901
005801FF0001005005D300692D37D37C	其他	20210901
005801FF0001005005D300692D37D37C	陈思诚	20210901
005801FF0001005005D300692D37D3AB	其他	20210901
005801FF0001005005D300692D37D3B0	其他	20210901
005801FF0001005005D300692D37D3D5	其他	20210901
005801FF0001005005D300692D37D404	其他	20210901
005801FF0001005005D300692D37D465	其他	20210901
005801FF0001005005D300692D37D4A1	其他	20210901
005801FF0001005005D300692D37D4AD	其他	20210901
005801FF0001005005D300692D37D4BE	其他	20210901
005801FF0001005005D300692D37D4C1	其他	20210901
005801FF0001005005D300692D37D55D	其他	20210901
005801FF0001005005D300692D37D5AA	其他	20210901
005801FF0001005005D300692D37D5E3	其他	20210901
005801FF0001005005D300692D37D630	其他	20210901
005801FF0001005005D300692D37D643	其他	20210901
005801FF0001005005D300692D37D67D	陈思诚	20210901
005801FF0001005005D300692D37D67E	其他	20210901
005801FF0001005005D300692D37D6B0	其他	20210901
005801FF0001005005D300692D37D6D4	其他	20210901
005801FF0001005005D300692D37D70E	其他	20210901
005801FF0001005005D300692D37D74C	其他	20210901
005801FF0001005005D300692D37D74E	其他	20210901
005801FF0001005005D300692D37D75D	其他	20210901
005801FF0001005005D300692D37D7A5	其他	20210901
005801FF0001005005D300692D37D7AE	刘伟强	20210901
005801FF0001005005D300692D37D7C5	张一白	20210901
005801FF0001005005D300692D37D7D5	其他	20210901
005801FF0001005005D300692D37D7D5	宁浩	20210901
005801FF0001005005D300692D37D7E1	其他	20210901
005801FF0001005005D300692D37D81D	其他	20210901
005801FF0001005005D300692D37D835	其他	20210901
005801FF0001005005D300692D37D85B	其他	20210901
005801FF0001005005D300692D37D85F	其他	20210901
005801FF0001005005D300692D37D883	其他	20210901
005801FF0001005005D300692D37D886	其他	20210901
005801FF0001005005D300692D37D8A7	其他	20210901
005801FF0001005005D300692D37D8C1	其他	20210901
005801FF0001005005D300692D37D8C3	其他	20210901
005801FF0001005005D300692D37D8C7	其他	20210901
005801FF0001005005D300692D37D914	其他	20210901
005801FF0001005005D300692D37D915	张扬	20210901
005801FF0001005005D300692D37D93C	其他	20210901
005801FF0001005005D300692D37D962	其他	20210901
005801FF0001005005D300692D37D96B	其他	20210901
005801FF0001005005D300692D37D979	其他	20210901
005801FF0001005005D300692D37D981	其他	20210901
005801FF0001005005D300692D37D998	其他	20210901
005801FF0001005005D300692D37D9BB	其他	20210901
005801FF0001005005D300692D37D9DA	其他	20210901
005801FF0001005005D300692D37DA62	其他	20210901
005801FF0001005005D300692D37DA68	其他	20210901
005801FF0001005005D300692D37DA68	洪金宝	20210901
005801FF0001005005D300692D37DA69	其他	20210901
005801FF0001005005D300692D37DA69	陈思诚	20210901
005801FF0001005005D300692D37DA6C	其他	20210901
005801FF0001005005D300692D37DA6D	其他	20210901
005801FF0001005005D300692D37DA71	其他	20210901
005801FF0001005005D300692D37DA82	其他	20210901
005801FF0001005005D300692D37DA9E	其他	20210901
005801FF0001005005D300692D37DAB3	其他	20210901
005801FF0001005005D300692D37DAC3	其他	20210901
005801FF0001005005D300692D37DACC	其他	20210901
005801FF0001005005D300692D37DB11	其他	20210901
005801FF0001005005D300692D37DB62	张扬	20210901
005801FF0001005005D300692D37DB74	其他	20210901
005801FF0001005005D300692D37DB9E	其他	20210901
005801FF0001005005D300692D37DBBF	其他	20210901
005801FF0001005005D300692D37DC57	其他	20210901
005801FF0001005005D300692D37DC8E	其他	20210901
005801FF0001005005D300692D37DC95	张扬	20210901
005801FF0001005005D300692D37DCA8	其他	20210901
005801FF0001005005D300692D37DCAC	其他	20210901
005801FF0001005005D300692D37DCBE	其他	20210901
005801FF0001005005D300692D37DCC3	其他	20210901
005801FF0001005005D300692D37DCCE	其他	20210901
005801FF0001005005D300692D37DCEC	其他	20210901
005801FF0001005005D300692D37DCEC	陈思诚	20210901
005801FF0001005005D300692D37DCF3	其他	20210901
005801FF0001005005D300692D37DD13	其他	20210901
005801FF0001005005D300692D37DD1B	其他	20210901
005801FF0001005005D300692D37DD54	其他	20210901
005801FF0001005005D300692D37DD63	其他	20210901
005801FF0001005005D300692D37DD80	其他	20210901
005801FF0001005005D300692D37DDA1	其他	20210901
005801FF0001005005D300692D37DDDB	其他	20210901
005801FF0001005005D300692D37DE18	其他	20210901
005801FF0001005005D300692D37DE1C	其他	20210901
005801FF0001005005D300692D37DE9C	其他	20210901
005801FF0001005005D300692D37DEAC	其他	20210901
005801FF0001005005D300692D37DECB	其他	20210901
005801FF0001005005D300692D37DED0	其他	20210901
005801FF0001005005D300692D37DEDE	其他	20210901
005801FF0001005005D300692D37DF04	其他	20210901
005801FF0001005005D300692D37DF31	其他	20210901
005801FF0001005005D300692D37DF36	其他	20210901
005801FF0001005005D300692D37DF3C	其他	20210901
005801FF0001005005D300692D37DF65	其他	20210901
005801FF0001005005D300692D37DF96	其他	20210901
005801FF0001005005D300692D37DF9F	其他	20210901
005801FF0001005005D300692D37DFAA	其他	20210901
005801FF0001005005D300692D37DFE1	其他	20210901
005801FF0001005005D300692D37E000	其他	20210901
005801FF0001005005D300692D37E06D	其他	20210901
005801FF0001005005D300692D37E09D	其他	20210901
005801FF0001005005D300692D37E0D8	其他	20210901
005801FF0001005005D300692D37E154	其他	20210901
005801FF0001005005D300692D37E159	其他	20210901
005801FF0001005005D300692D37E19B	其他	20210901
005801FF0001005005D300692D37E1CE	其他	20210901
005801FF0001005005D300692D37E1CF	其他	20210901
005801FF0001005005D300692D37E1DD	其他	20210901
005801FF0001005005D300692D37E223	其他	20210901
005801FF0001005005D300692D37E225	其他	20210901
005801FF0001005005D300692D37E236	其他	20210901
005801FF0001005005D300692D37E237	其他	20210901
005801FF0001005005D300692D37E247	其他	20210901
005801FF0001005005D300692D37E24F	其他	20210901
005801FF0001005005D300692D37E259	其他	20210901
005801FF0001005005D300692D37E27D	其他	20210901
005801FF0001005005D300692D37E2A3	其他	20210901
005801FF0001005005D300692D37E2A3	王晶	20210901
005801FF0001005005D300692D37E2B9	其他	20210901
005801FF0001005005D300692D37E2BF	其他	20210901
005801FF0001005005D300692D37E2C3	其他	20210901
005801FF0001005005D300692D37E2EA	其他	20210901
005801FF0001005005D300692D37E320	李安	20210901
005801FF0001005005D300692D37E365	其他	20210901
005801FF0001005005D300692D37E372	其他	20210901
005801FF0001005005D300692D37E401	其他	20210901
005801FF0001005005D300692D37E415	其他	20210901
005801FF0001005005D300692D37E434	其他	20210901
005801FF0001005005D300692D37E469	其他	20210901
005801FF0001005005D300692D37E492	其他	20210901
005801FF0001005005D300692D37E4BF	其他	20210901
005801FF0001005005D300692D37E4F1	其他	20210901
005801FF0001005005D300692D37E50B	其他	20210901
005801FF0001005005D300692D37E56D	其他	20210901
005801FF0001005005D300692D37E5DE	其他	20210901
005801FF0001005005D300692D37E609	其他	20210901
005801FF0001005005D300692D37E6AF	其他	20210901
005801FF0001005005D300692D37E6BE	其他	20210901
005801FF0001005005D300692D37E6C3	其他	20210901
005801FF0001005005D300692D37E6C6	其他	20210901
005801FF0001005005D300692D37E6CC	其他	20210901
005801FF0001005005D300692D37E6D9	其他	20210901
005801FF0001005005D300692D37E6F6	其他	20210901
005801FF0001005005D300692D37E6F6	邓超	20210901
005801FF0001005005D300692D37E6F8	其他	20210901
005801FF0001005005D300692D37E704	其他	20210901
005801FF0001005005D300692D37E725	其他	20210901
005801FF0001005005D300692D37E74B	张扬	20210901
005801FF0001005005D300692D37E767	其他	20210901
005801FF0001005005D300692D37E774	其他	20210901
005801FF0001005005D300692D37E777	其他	20210901
005801FF0001005005D300692D37E77C	其他	20210901
005801FF0001005005D300692D37E7A1	其他	20210901
005801FF0001005005D300692D37E7EF	其他	20210901
005801FF0001005005D300692D37E801	其他	20210901
005801FF0001005005D300692D37E80B	其他	20210901
005801FF0001005005D300692D37E841	其他	20210901
005801FF0001005005D300692D37E843	其他	20210901
005801FF0001005005D300692D37E891	其他	20210901
005801FF0001005005D300692D37E89D	陈思诚	20210901
005801FF0001005005D300692D37E8AA	其他	20210901
005801FF0001005005D300692D37E8F3	其他	20210901
005801FF0001005005D300692D37E918	其他	20210901
005801FF0001005005D300692D37E918	陈思诚	20210901
005801FF0001005005D300692D37E919	其他	20210901
005801FF0001005005D300692D37E92C	其他	20210901
005801FF0001005005D300692D37E92F	陈思诚	20210901
005801FF0001005005D300692D37E972	其他	20210901
005801FF0001005005D300692D37E99E	其他	20210901
005801FF0001005005D300692D37E9B6	其他	20210901
005801FF0001005005D300692D37E9BF	其他	20210901
005801FF0001005005D300692D37EA3D	其他	20210901
005801FF0001005005D300692D37EA9E	其他	20210901
005801FF0001005005D300692D37EAA9	其他	20210901
005801FF0001005005D300692D37EABB	其他	20210901
005801FF0001005005D300692D37EABC	张一白	20210901
005801FF0001005005D300692D37EABC	陈凯歌	20210901
005801FF0001005005D300692D37EAD8	其他	20210901
005801FF0001005005D300692D37EAEB	其他	20210901
005801FF0001005005D300692D37EB2A	其他	20210901
005801FF0001005005D300692D37EB36	唐季礼	20210901
005801FF0001005005D300692D37EB36	陈思诚	20210901
005801FF0001005005D300692D37EB61	其他	20210901
005801FF0001005005D300692D37EB8D	其他	20210901
005801FF0001005005D300692D37EB8E	其他	20210901
005801FF0001005005D300692D37EB99	其他	20210901
005801FF0001005005D300692D37EBCA	其他	20210901
005801FF0001005005D300692D37EBEC	其他	20210901
005801FF0001005005D300692D37EBFB	其他	20210901
005801FF0001005005D300692D37EBFE	其他	20210901
005801FF0001005005D300692D37EC00	其他	20210901
005801FF0001005005D300692D37EC1D	其他	20210901
005801FF0001005005D300692D37EC31	其他	20210901
005801FF0001005005D300692D37EC5D	刘伟强	20210901
005801FF0001005005D300692D37EC6E	其他	20210901
005801FF0001005005D300692D37EC72	其他	20210901
005801FF0001005005D300692D37EC93	其他	20210901
005801FF0001005005D300692D37ECA2	其他	20210901
005801FF0001005005D300692D37ED04	邓超	20210901
005801FF0001005005D300692D37ED16	其他	20210901
005801FF0001005005D300692D37ED43	其他	20210901
005801FF0001005005D300692D37ED5F	其他	20210901
005801FF0001005005D300692D37ED7B	陈思诚	20210901
005801FF0001005005D300692D37ED81	其他	20210901
005801FF0001005005D300692D37EDA2	宁浩	20210901
005801FF0001005005D300692D37EDC7	其他	20210901
005801FF0001005005D300692D37EDE1	其他	20210901
005801FF0001005005D300692D37EE2A	其他	20210901
005801FF0001005005D300692D37EE3D	其他	20210901
005801FF0001005005D300692D37EE7E	其他	20210901
005801FF0001005005D300692D37EE92	其他	20210901
005801FF0001005005D300692D37EE9A	其他	20210901
005801FF0001005005D300692D37EEAE	其他	20210901
005801FF0001005005D300692D37EEAF	其他	20210901
005801FF0001005005D300692D37EEC5	其他	20210901
005801FF0001005005D300692D37EECA	其他	20210901
005801FF0001005005D300692D37EECC	其他	20210901
005801FF0001005005D300692D37EEF3	邱礼涛	20210901
005801FF0001005005D300692D37EF2F	其他	20210901
005801FF0001005005D300692D37EF3C	其他	20210901
005801FF0001005005D300692D37EF3E	其他	20210901
005801FF0001005005D300692D37EF6A	其他	20210901
005801FF0001005005D300692D37EF71	其他	20210901
005801FF0001005005D300692D37EF87	其他	20210901
005801FF0001005005D300692D37EFAC	其他	20210901
005801FF0001005005D300692D37EFB3	其他	20210901
005801FF0001005005D300692D37EFCC	其他	20210901
005801FF0001005005D300692D37EFD0	其他	20210901
005801FF0001005005D300692D37EFD3	其他	20210901
005801FF0001005005D300692D37EFD7	其他	20210901
005801FF0001005005D300692D37EFDC	其他	20210901
005801FF0001005005D300692D37EFEB	其他	20210901
005801FF0001005005D300692D37EFF9	其他	20210901
005801FF0001005005D300692D37EFFB	其他	20210901
005801FF0001005005D300692D37F019	其他	20210901
005801FF0001005005D300692D37F038	其他	20210901
005801FF0001005005D300692D37F09E	其他	20210901
005801FF0001005005D300692D37F0AC	其他	20210901
005801FF0001005005D300692D37F0CC	其他	20210901
005801FF0001005005D300692D37F112	其他	20210901
005801FF0001005005D300692D37F117	其他	20210901
005801FF0001005005D300692D37F130	其他	20210901
005801FF0001005005D300692D37F14D	其他	20210901
005801FF0001005005D300692D37F16F	其他	20210901
005801FF0001005005D300692D37F173	其他	20210901
005801FF0001005005D300692D37F1AE	其他	20210901
005801FF0001005005D300692D37F1DC	其他	20210901
005801FF0001005005D300692D37F1FB	宁浩	20210901
005801FF0001005005D300692D37F1FB	陈思诚	20210901
005801FF0001005005D300692D37F1FC	其他	20210901
005801FF0001005005D300692D37F257	其他	20210901
005801FF0001005005D300692D37F258	其他	20210901
005801FF0001005005D300692D37F28F	其他	20210901
005801FF0001005005D300692D37F2D9	其他	20210901
005801FF0001005005D300692D37F2F3	其他	20210901
005801FF0001005005D300692D37F30A	其他	20210901
005801FF0001005005D300692D37F30E	其他	20210901
005801FF0001005005D300692D37F33D	其他	20210901
005801FF0001005005D300692D37F358	其他	20210901
005801FF0001005005D300692D37F377	其他	20210901
005801FF0001005005D300692D37F37B	其他	20210901
005801FF0001005005D300692D37F39F	其他	20210901
005801FF0001005005D300692D37F3C2	其他	20210901
005801FF0001005005D300692D37F3C3	其他	20210901
005801FF0001005005D300692D37F3D1	其他	20210901
005801FF0001005005D300692D37F3D8	其他	20210901
005801FF0001005005D300692D37F418	其他	20210901
005801FF0001005005D300692D37F42D	其他	20210901
005801FF0001005005D300692D37F45E	其他	20210901
005801FF0001005005D300692D37F4BB	其他	20210901
005801FF0001005005D300692D37F4DC	其他	20210901
005801FF0001005005D300692D37F503	其他	20210901
005801FF0001005005D300692D37F534	其他	20210901
005801FF0001005005D300692D37F56A	其他	20210901
005801FF0001005005D300692D37F578	其他	20210901
005801FF0001005005D300692D37F5A5	管虎	20210901
005801FF0001005005D300692D37F5ED	其他	20210901
005801FF0001005005D300692D37F5EF	其他	20210901
005801FF0001005005D300692D37F5F6	其他	20210901
005801FF0001005005D300692D37F611	其他	20210901
005801FF0001005005D300692D37F62E	其他	20210901
005801FF0001005005D300692D37F655	其他	20210901
005801FF0001005005D300692D37F655	叶伟民	20210901
005801FF0001005005D300692D37F6A1	其他	20210901
005801FF0001005005D300692D37F6AF	其他	20210901
005801FF0001005005D300692D37F6D3	其他	20210901
005801FF0001005005D300692D37F715	其他	20210901
005801FF0001005005D300692D37F72A	其他	20210901
005801FF0001005005D300692D37F79C	其他	20210901
005801FF0001005005D300692D37F79C	陈思诚	20210901
005801FF0001005005D300692D37F7AC	其他	20210901
005801FF0001005005D300692D37F7E6	张一白	20210901
005801FF0001005005D300692D37F7E6	陈思诚	20210901
005801FF0001005005D300692D37F7EB	陈思诚	20210901
005801FF0001005005D300692D37F7F1	其他	20210901
005801FF0001005005D300692D37F7F5	其他	20210901
005801FF0001005005D300692D37F803	其他	20210901
005801FF0001005005D300692D37F816	马楚成	20210901
005801FF0001005005D300692D37F830	其他	20210901
005801FF0001005005D300692D37F85E	其他	20210901
005801FF0001005005D300692D37F866	其他	20210901
005801FF0001005005D300692D37F876	其他	20210901
005801FF0001005005D300692D37F8AE	其他	20210901
005801FF0001005005D300692D37F8B0	其他	20210901
005801FF0001005005D300692D37F8CB	其他	20210901
005801FF0001005005D300692D37F8D0	其他	20210901
005801FF0001005005D300692D37F8D3	其他	20210901
005801FF0001005005D300692D37F8E3	其他	20210901
005801FF0001005005D300692D37F8E3	陈思诚	20210901
005801FF0001005005D300692D37F906	其他	20210901
005801FF0001005005D300692D37F909	其他	20210901
005801FF0001005005D300692D37F910	其他	20210901
005801FF0001005005D300692D37F93C	其他	20210901
005801FF0001005005D300692D37F94A	其他	20210901
005801FF0001005005D300692D37F95A	其他	20210901
005801FF0001005005D300692D37F968	其他	20210901
005801FF0001005005D300692D37F97A	其他	20210901
005801FF0001005005D300692D37F9B7	其他	20210901
005801FF0001005005D300692D37F9C3	其他	20210901
005801FF0001005005D300692D37F9CF	其他	20210901
005801FF0001005005D300692D37F9CF	成龙	20210901
005801FF0001005005D300692D37F9CF	洪金宝	20210901
005801FF0001005005D300692D37F9F0	其他	20210901
005801FF0001005005D300692D37F9F2	其他	20210901
005801FF0001005005D300692D37F9F6	其他	20210901
005801FF0001005005D300692D37FA14	其他	20210901
005801FF0001005005D300692D37FA2B	其他	20210901
005801FF0001005005D300692D37FA30	其他	20210901
005801FF0001005005D300692D37FA30	张一白	20210901
005801FF0001005005D300692D37FA38	其他	20210901
005801FF0001005005D300692D37FA39	其他	20210901
005801FF0001005005D300692D37FA3E	其他	20210901
005801FF0001005005D300692D37FA5B	其他	20210901
005801FF0001005005D300692D37FA69	其他	20210901
005801FF0001005005D300692D37FAA1	其他	20210901
005801FF0001005005D300692D37FACC	其他	20210901
005801FF0001005005D300692D37FAD1	其他	20210901
005801FF0001005005D300692D37FADD	宁浩	20210901
005801FF0001005005D300692D37FAF5	其他	20210901
005801FF0001005005D300692D37FAF9	其他	20210901
005801FF0001005005D300692D37FB04	其他	20210901
005801FF0001005005D300692D37FB1D	其他	20210901
005801FF0001005005D300692D37FB38	其他	20210901
005801FF0001005005D300692D37FB39	其他	20210901
005801FF0001005005D300692D37FB3A	其他	20210901
005801FF0001005005D300692D37FB60	其他	20210901
005801FF0001005005D300692D37FB65	曾国祥	20210901
005801FF0001005005D300692D37FB72	其他	20210901
005801FF0001005005D300692D37FB83	其他	20210901
005801FF0001005005D300692D37FBB0	其他	20210901
005801FF0001005005D300692D37FBB5	其他	20210901
005801FF0001005005D300692D37FBB8	其他	20210901
005801FF0001005005D300692D37FBCD	其他	20210901
005801FF0001005005D300692D37FBDA	其他	20210901
005801FF0001005005D300692D37FBEC	其他	20210901
005801FF0001005005D300692D37FC26	其他	20210901
005801FF0001005005D300692D37FC2A	其他	20210901
005801FF0001005005D300692D37FC49	其他	20210901
005801FF0001005005D300692D37FC4F	其他	20210901
005801FF0001005005D300692D37FC52	其他	20210901
005801FF0001005005D300692D37FC5A	其他	20210901
005801FF0001005005D300692D37FC62	其他	20210901
005801FF0001005005D300692D37FCA8	其他	20210901
005801FF0001005005D300692D37FCB5	其他	20210901
005801FF0001005005D300692D37FCB7	其他	20210901
005801FF0001005005D300692D37FCD7	其他	20210901
005801FF0001005005D300692D37FCF9	其他	20210901
005801FF0001005005D300692D37FD06	其他	20210901
005801FF0001005005D300692D37FD24	其他	20210901
005801FF0001005005D300692D37FD32	其他	20210901
005801FF0001005005D300692D37FD39	其他	20210901
005801FF0001005005D300692D37FD3F	其他	20210901
005801FF0001005005D300692D37FD4B	其他	20210901
005801FF0001005005D300692D37FD6B	其他	20210901
005801FF0001005005D300692D37FD7C	其他	20210901
005801FF0001005005D300692D37FD86	其他	20210901
005801FF0001005005D300692D37FD8C	张扬	20210901
005801FF0001005005D300692D37FDB5	其他	20210901
005801FF0001005005D300692D37FE26	其他	20210901
005801FF0001005005D300692D37FE27	其他	20210901
005801FF0001005005D300692D37FE31	其他	20210901
005801FF0001005005D300692D37FE3A	其他	20210901
005801FF0001005005D300692D37FE4B	其他	20210901
005801FF0001005005D300692D37FE4D	其他	20210901
005801FF0001005005D300692D37FE69	邓超	20210901
005801FF0001005005D300692D37FE6A	徐克	20210901
005801FF0001005005D300692D37FE80	邓超	20210901
005801FF0001005005D300692D37FE90	其他	20210901
005801FF0001005005D300692D37FEC3	其他	20210901
005801FF0001005005D300692D37FEC4	其他	20210901
005801FF0001005005D300692D37FED7	其他	20210901
005801FF0001005005D300692D37FED7	霍建起	20210901
005801FF0001005005D300692D37FEF4	王晶	20210901
005801FF0001005005D300692D37FEF4	邱礼涛	20210901
005801FF0001005005D300692D37FEF9	其他	20210901
005801FF0001005005D300692D37FEF9	张扬	20210901
005801FF0001005005D300692D37FF0B	其他	20210901
005801FF0001005005D300692D37FF0F	张扬	20210901
005801FF0001005005D300692D37FF2D	其他	20210901
005801FF0001005005D300692D37FF2E	其他	20210901
005801FF0001005005D300692D37FF49	其他	20210901
005801FF0001005005D300692D37FF51	其他	20210901
005801FF0001005005D300692D37FF51	叶伟民	20210901
005801FF0001005005D300692D37FF5D	其他	20210901
005801FF0001005005D300692D37FF82	其他	20210901
005801FF0001005005D300692D37FF87	其他	20210901
005801FF0001005005D300692D37FF9D	其他	20210901
005801FF0001005005D300692D37FF9D	邓超	20210901
005801FF0001005005D300692D37FFA0	其他	20210901
005801FF0001005005D300692D37FFAC	其他	20210901
005801FF0001005005D300692D37FFBA	其他	20210901
005801FF0001005005D300692D37FFBF	其他	20210901
005801FF0001005005D300692D37FFC5	其他	20210901
005801FF0001005005D300692D37FFCF	其他	20210901
005801FF0001005005D300692D37FFDD	其他	20210901
005801FF0001005005D300692D37FFEB	其他	20210901
005801FF0001005005D300692D37FFEE	其他	20210901
005801FF0001005005D300692D37FFFB	其他	20210901
005801FF0001005005D300692D380022	其他	20210901
005801FF0001005005D300692D380026	其他	20210901
005801FF0001005005D300692D38003F	其他	20210901
005801FF0001005005D300692D380051	其他	20210901
005801FF0001005005D300692D380051	洪金宝	20210901
005801FF0001005005D300692D3800DD	其他	20210901
005801FF0001005005D300692D3800E2	其他	20210901
005801FF0001005005D300692D3800FC	其他	20210901
005801FF0001005005D300692D38010C	其他	20210901
005801FF0001005005D300692D38012B	其他	20210901
005801FF0001005005D300692D38013D	其他	20210901
005801FF0001005005D300692D380196	其他	20210901
005801FF0001005005D300692D3801AD	其他	20210901
005801FF0001005005D300692D3801BE	其他	20210901
005801FF0001005005D300692D3801CA	其他	20210901
005801FF0001005005D300692D3801FC	其他	20210901
005801FF0001005005D300692D380204	其他	20210901
005801FF0001005005D300692D38021F	其他	20210901
005801FF0001005005D300692D380220	其他	20210901
005801FF0001005005D300692D380262	其他	20210901
005801FF0001005005D300692D380267	其他	20210901
005801FF0001005005D300692D380271	其他	20210901
005801FF0001005005D300692D3802B3	其他	20210901
005801FF0001005005D300692D38032C	其他	20210901
005801FF0001005005D300692D380345	其他	20210901
005801FF0001005005D300692D380345	成龙	20210901
005801FF0001005005D300692D380366	其他	20210901
005801FF0001005005D300692D38036B	其他	20210901
005801FF0001005005D300692D380373	其他	20210901
005801FF0001005005D300692D380396	其他	20210901
005801FF0001005005D300692D3803AF	其他	20210901
005801FF0001005005D300692D3803C0	其他	20210901
005801FF0001005005D300692D3803F4	其他	20210901
005801FF0001005005D300692D380413	其他	20210901
005801FF0001005005D300692D380442	其他	20210901
005801FF0001005005D300692D380445	其他	20210901
005801FF0001005005D300692D38048F	其他	20210901
005801FF0001005005D300692D3804A9	其他	20210901
005801FF0001005005D300692D3804AD	其他	20210901
005801FF0001005005D300692D3804B5	其他	20210901
005801FF0001005005D300692D3804BA	其他	20210901
005801FF0001005005D300692D3804D5	其他	20210901
005801FF0001005005D300692D3804DB	其他	20210901
005801FF0001005005D300692D3804EB	其他	20210901
005801FF0001005005D300692D380504	其他	20210901
005801FF0001005005D300692D380530	其他	20210901
005801FF0001005005D300692D38055B	其他	20210901
005801FF0001005005D300692D38055C	其他	20210901
005801FF0001005005D300692D380560	其他	20210901
005801FF0001005005D300692D38058B	其他	20210901
005801FF0001005005D300692D380597	其他	20210901
005801FF0001005005D300692D3805B2	其他	20210901
005801FF0001005005D300692D3805D0	其他	20210901
005801FF0001005005D300692D3805D0	邱礼涛	20210901
005801FF0001005005D300692D380633	其他	20210901
005801FF0001005005D300692D38063D	其他	20210901
005801FF0001005005D300692D380647	其他	20210901
005801FF0001005005D300692D380659	邓超	20210901
005801FF0001005005D300692D38065A	其他	20210901
005801FF0001005005D300692D38068C	其他	20210901
005801FF0001005005D300692D380690	其他	20210901
005801FF0001005005D300692D3806D9	其他	20210901
005801FF0001005005D300692D3806F5	其他	20210901
005801FF0001005005D300692D380733	其他	20210901
005801FF0001005005D300692D380735	其他	20210901
005801FF0001005005D300692D38074F	其他	20210901
005801FF0001005005D300692D380767	其他	20210901
005801FF0001005005D300692D38076D	其他	20210901
005801FF0001005005D300692D380775	郑保瑞	20210901
005801FF0001005005D300692D380775	陈思诚	20210901
005801FF0001005005D300692D380779	其他	20210901
005801FF0001005005D300692D380779	邓超	20210901
005801FF0001005005D300692D38077B	其他	20210901
005801FF0001005005D300692D38077F	其他	20210901
005801FF0001005005D300692D38078E	其他	20210901
005801FF0001005005D300692D380793	其他	20210901
005801FF0001005005D300692D3807AB	其他	20210901
005801FF0001005005D300692D3807AD	其他	20210901
005801FF0001005005D300692D3807CC	其他	20210901
005801FF0001005005D300692D3807F4	其他	20210901
005801FF0001005005D300692D3807F9	其他	20210901
005801FF0001005005D300692D3807FE	其他	20210901
005801FF0001005005D300692D380806	其他	20210901
005801FF0001005005D300692D380807	陈思诚	20210901
005801FF0001005005D300692D380811	其他	20210901
005801FF0001005005D300692D380835	其他	20210901
005801FF0001005005D300692D380845	其他	20210901
005801FF0001005005D300692D38085F	其他	20210901
005801FF0001005005D300692D380868	其他	20210901
005801FF0001005005D300692D38086A	其他	20210901
005801FF0001005005D300692D380870	其他	20210901
005801FF0001005005D300692D380877	其他	20210901
005801FF0001005005D300692D3808A5	其他	20210901
005801FF0001005005D300692D3808DD	其他	20210901
005801FF0001005005D300692D3808E6	其他	20210901
005801FF0001005005D300692D3808EB	其他	20210901
005801FF0001005005D300692D38090B	其他	20210901
005801FF0001005005D300692D38093D	其他	20210901
005801FF0001005005D300692D380946	其他	20210901
005801FF0001005005D300692D38099D	其他	20210901
005801FF0001005005D300692D3809A2	其他	20210901
005801FF0001005005D300692D3809E3	其他	20210901
005801FF0001005005D300692D380A0B	其他	20210901
005801FF0001005005D300692D380A0B	邓超	20210901
005801FF0001005005D300692D380A0C	其他	20210901
005801FF0001005005D300692D380A60	其他	20210901
005801FF0001005005D300692D380A91	其他	20210901
005801FF0001005005D300692D380ABF	张一白	20210901
005801FF0001005005D300692D380AD3	其他	20210901
005801FF0001005005D300692D380AEA	其他	20210901
005801FF0001005005D300692D380AFB	其他	20210901
005801FF0001005005D300692D380B0B	其他	20210901
005801FF0001005005D300692D380B2D	其他	20210901
005801FF0001005005D300692D380B42	其他	20210901
005801FF0001005005D300692D380B4B	其他	20210901
005801FF0001005005D300692D380B4F	其他	20210901
005801FF0001005005D300692D380B5E	其他	20210901
005801FF0001005005D300692D380BA3	其他	20210901
005801FF0001005005D300692D380BB8	其他	20210901
005801FF0001005005D300692D380BC7	其他	20210901
005801FF0001005005D300692D380BDD	其他	20210901
005801FF0001005005D300692D380C06	其他	20210901
005801FF0001005005D300692D380C0E	其他	20210901
005801FF0001005005D300692D380C68	其他	20210901
005801FF0001005005D300692D380CA1	邱礼涛	20210901
005801FF0001005005D300692D380CDE	其他	20210901
005801FF0001005005D300692D380CE5	其他	20210901
005801FF0001005005D300692D380CFE	其他	20210901
005801FF0001005005D300692D380D34	其他	20210901
005801FF0001005005D300692D380D4F	其他	20210901
005801FF0001005005D300692D380D6E	其他	20210901
005801FF0001005005D300692D380D7C	其他	20210901
005801FF0001005005D300692D380D8E	其他	20210901
005801FF0001005005D300692D380DDC	其他	20210901
005801FF0001005005D300692D380DDC	陈思诚	20210901
005801FF0001005005D300692D380DEA	其他	20210901
005801FF0001005005D300692D380E03	其他	20210901
005801FF0001005005D300692D380E0B	其他	20210901
005801FF0001005005D300692D380E23	其他	20210901
005801FF0001005005D300692D380E27	陈思诚	20210901
005801FF0001005005D300692D380E28	其他	20210901
005801FF0001005005D300692D380E2E	其他	20210901
005801FF0001005005D300692D380E69	其他	20210901
005801FF0001005005D300692D380E93	其他	20210901
005801FF0001005005D300692D380E9E	其他	20210901
005801FF0001005005D300692D380E9F	其他	20210901
005801FF0001005005D300692D380EF2	其他	20210901
005801FF0001005005D300692D380F0E	其他	20210901
005801FF0001005005D300692D380F29	其他	20210901
005801FF0001005005D300692D380F48	其他	20210901
005801FF0001005005D300692D380F49	其他	20210901
005801FF0001005005D300692D380F4E	其他	20210901
005801FF0001005005D300692D380F51	其他	20210901
005801FF0001005005D300692D380F62	其他	20210901
005801FF0001005005D300692D380F67	张扬	20210901
005801FF0001005005D300692D380F87	洪金宝	20210901
005801FF0001005005D300692D380F8D	周星驰	20210901
005801FF0001005005D300692D380F8E	其他	20210901
005801FF0001005005D300692D380F99	其他	20210901
005801FF0001005005D300692D380FBC	其他	20210901
005801FF0001005005D300692D380FD2	徐克	20210901
005801FF0001005005D300692D380FD2	邱礼涛	20210901
005801FF0001005005D300692D380FD8	其他	20210901
005801FF0001005005D300692D380FE7	其他	20210901
005801FF0001005005D300692D380FF3	其他	20210901
005801FF0001005005D300692D381002	其他	20210901
005801FF0001005005D300692D381006	其他	20210901
005801FF0001005005D300692D381029	其他	20210901
005801FF0001005005D300692D381047	其他	20210901
005801FF0001005005D300692D381059	其他	20210901
005801FF0001005005D300692D38105A	王晶	20210901
005801FF0001005005D300692D38105E	其他	20210901
005801FF0001005005D300692D381087	其他	20210901
005801FF0001005005D300692D381092	其他	20210901
005801FF0001005005D300692D3810AB	其他	20210901
005801FF0001005005D300692D3810B7	其他	20210901
005801FF0001005005D300692D3810E3	其他	20210901
005801FF0001005005D300692D3810E4	其他	20210901
005801FF0001005005D300692D3810F3	其他	20210901
005801FF0001005005D300692D3810F6	其他	20210901
005801FF0001005005D300692D381122	其他	20210901
005801FF0001005005D300692D381129	其他	20210901
005801FF0001005005D300692D38112E	其他	20210901
005801FF0001005005D300692D381132	其他	20210901
005801FF0001005005D300692D381161	其他	20210901
005801FF0001005005D300692D381181	其他	20210901
005801FF0001005005D300692D38118A	其他	20210901
005801FF0001005005D300692D3811A6	其他	20210901
005801FF0001005005D300692D3811AE	其他	20210901
005801FF0001005005D300692D3811B5	其他	20210901
005801FF0001005005D300692D3811BF	其他	20210901
005801FF0001005005D300692D381207	其他	20210901
005801FF0001005005D300692D38120B	其他	20210901
005801FF0001005005D300692D38122A	其他	20210901
005801FF0001005005D300692D381240	其他	20210901
005801FF0001005005D300692D381252	其他	20210901
005801FF0001005005D300692D38126F	其他	20210901
005801FF0001005005D300692D381282	其他	20210901
005801FF0001005005D300692D381297	其他	20210901
005801FF0001005005D300692D3812AB	周星驰	20210901
005801FF0001005005D300692D3812C3	其他	20210901
005801FF0001005005D300692D3812CC	其他	20210901
005801FF0001005005D300692D3812CD	其他	20210901
005801FF0001005005D300692D3812CE	其他	20210901
005801FF0001005005D300692D38133A	洪金宝	20210901
005801FF0001005005D300692D381376	其他	20210901
005801FF0001005005D300692D381379	其他	20210901
005801FF0001005005D300692D3813A9	宁浩	20210901
005801FF0001005005D300692D3813EB	其他	20210901
005801FF0001005005D300692D381419	其他	20210901
005801FF0001005005D300692D38141D	其他	20210901
005801FF0001005005D300692D381424	其他	20210901
005801FF0001005005D300692D381426	其他	20210901
005801FF0001005005D300692D381443	其他	20210901
005801FF0001005005D300692D38144C	其他	20210901
005801FF0001005005D300692D381456	其他	20210901
005801FF0001005005D300692D381489	其他	20210901
005801FF0001005005D300692D381492	其他	20210901
005801FF0001005005D300692D3814CC	其他	20210901
005801FF0001005005D300692D3814D2	其他	20210901
005801FF0001005005D300692D3814DD	其他	20210901
005801FF0001005005D300692D3814FE	其他	20210901
005801FF0001005005D300692D381511	其他	20210901
005801FF0001005005D300692D381535	其他	20210901
005801FF0001005005D300692D381535	张扬	20210901
005801FF0001005005D300692D381565	其他	20210901
005801FF0001005005D300692D381572	其他	20210901
005801FF0001005005D300692D381580	其他	20210901
005801FF0001005005D300692D38158B	其他	20210901
005801FF0001005005D300692D38158D	其他	20210901
005801FF0001005005D300692D381591	其他	20210901
005801FF0001005005D300692D381598	其他	20210901
005801FF0001005005D300692D381599	其他	20210901
005801FF0001005005D300692D3815A0	其他	20210901
005801FF0001005005D300692D3815D0	其他	20210901
005801FF0001005005D300692D3815D6	其他	20210901
005801FF0001005005D300692D3815E8	其他	20210901
005801FF0001005005D300692D3815FC	其他	20210901
005801FF0001005005D300692D381611	其他	20210901
005801FF0001005005D300692D381654	其他	20210901
005801FF0001005005D300692D38165B	其他	20210901
005801FF0001005005D300692D38169F	其他	20210901
005801FF0001005005D300692D3816CA	其他	20210901
005801FF0001005005D300692D3816FE	其他	20210901
005801FF0001005005D300692D381731	其他	20210901
005801FF0001005005D300692D38174B	其他	20210901
005801FF0001005005D300692D38175D	其他	20210901
005801FF0001005005D300692D381792	其他	20210901
005801FF0001005005D300692D381794	其他	20210901
005801FF0001005005D300692D38179C	其他	20210901
005801FF0001005005D300692D3817D4	陈思诚	20210901
005801FF0001005005D300692D3817E3	其他	20210901
005801FF0001005005D300692D381802	其他	20210901
005801FF0001005005D300692D38181A	其他	20210901
005801FF0001005005D300692D38182F	其他	20210901
005801FF0001005005D300692D381844	其他	20210901
005801FF0001005005D300692D381855	其他	20210901
005801FF0001005005D300692D381871	其他	20210901
005801FF0001005005D300692D3818E2	其他	20210901
005801FF0001005005D300692D38190F	其他	20210901
005801FF0001005005D300692D38193C	其他	20210901
005801FF0001005005D300692D381974	其他	20210901
005801FF0001005005D300692D38197B	其他	20210901
005801FF0001005005D300692D381991	其他	20210901
005801FF0001005005D300692D381996	其他	20210901
005801FF0001005005D300692D3819DB	其他	20210901
005801FF0001005005D300692D3819DC	其他	20210901
005801FF0001005005D300692D381A13	其他	20210901
005801FF0001005005D300692D381A26	其他	20210901
005801FF0001005005D300692D381A4A	其他	20210901
005801FF0001005005D300692D381AAB	其他	20210901
005801FF0001005005D300692D381AD5	其他	20210901
005801FF0001005005D300692D381B12	其他	20210901
005801FF0001005005D300692D381B14	其他	20210901
005801FF0001005005D300692D381B21	其他	20210901
005801FF0001005005D300692D381B53	其他	20210901
005801FF0001005005D300692D381B85	其他	20210901
005801FF0001005005D300692D381BEA	其他	20210901
005801FF0001005005D300692D381BFB	其他	20210901
005801FF0001005005D300692D381C15	其他	20210901
005801FF0001005005D300692D381C56	其他	20210901
005801FF0001005005D300692D381C59	其他	20210901
005801FF0001005005D300692D381C5C	其他	20210901
005801FF0001005005D300692D381C62	其他	20210901
005801FF0001005005D300692D381C84	其他	20210901
005801FF0001005005D300692D381CD9	其他	20210901
005801FF0001005005D300692D381D2F	其他	20210901
005801FF0001005005D300692D381D31	陈思诚	20210901
005801FF0001005005D300692D381D38	其他	20210901
005801FF0001005005D300692D381D6C	其他	20210901
005801FF0001005005D300692D381D6C	张扬	20210901
005801FF0001005005D300692D381D76	其他	20210901
005801FF0001005005D300692D381D8F	其他	20210901
005801FF0001005005D300692D381D97	其他	20210901
005801FF0001005005D300692D381D9B	张一白	20210901
005801FF0001005005D300692D381D9B	陈凯歌	20210901
005801FF0001005005D300692D381DB9	其他	20210901
005801FF0001005005D300692D381DC0	其他	20210901
005801FF0001005005D300692D381DDC	其他	20210901
005801FF0001005005D300692D381DDD	其他	20210901
005801FF0001005005D300692D381DE6	其他	20210901
005801FF0001005005D300692D381DFC	其他	20210901
005801FF0001005005D300692D381E00	刘伟强	20210901
005801FF0001005005D300692D381E22	其他	20210901
005801FF0001005005D300692D381E3E	其他	20210901
005801FF0001005005D300692D381E46	其他	20210901
005801FF0001005005D300692D381E5A	其他	20210901
005801FF0001005005D300692D381E6F	其他	20210901
005801FF0001005005D300692D381E77	其他	20210901
005801FF0001005005D300692D381E7D	其他	20210901
005801FF0001005005D300692D381E82	其他	20210901
005801FF0001005005D300692D381E95	其他	20210901
005801FF0001005005D300692D381E96	其他	20210901
005801FF0001005005D300692D381EC5	其他	20210901
005801FF0001005005D300692D381EC9	其他	20210901
005801FF0001005005D300692D381ED2	其他	20210901
005801FF0001005005D300692D381ED3	其他	20210901
005801FF0001005005D300692D381EDA	其他	20210901
005801FF0001005005D300692D381EE0	其他	20210901
005801FF0001005005D300692D381EF2	其他	20210901
005801FF0001005005D300692D381EF4	其他	20210901
005801FF0001005005D300692D381F13	其他	20210901
005801FF0001005005D300692D381F1A	其他	20210901
005801FF0001005005D300692D381F67	其他	20210901
005801FF0001005005D300692D381F6A	王家卫	20210901
005801FF0001005005D300692D381F7B	其他	20210901
005801FF0001005005D300692D381F8E	其他	20210901
005801FF0001005005D300692D381FA3	其他	20210901
005801FF0001005005D300692D381FAD	其他	20210901
005801FF0001005005D300692D381FD5	其他	20210901
005801FF0001005005D300692D381FDB	其他	20210901
005801FF0001005005D300692D381FF5	其他	20210901
005801FF0001005005D300692D382007	其他	20210901
005801FF0001005005D300692D38200A	其他	20210901
005801FF0001005005D300692D382011	其他	20210901
005801FF0001005005D300692D382018	其他	20210901
005801FF0001005005D300692D38202E	其他	20210901
005801FF0001005006D400692D3D9C52	其他	20210901
005801FF0001005006D400692D3D9C70	其他	20210901
005801FF0001005006D400692D3D9C7D	林超贤	20210901
005801FF0001005006D400692D3D9C96	其他	20210901
005801FF0001005006D400692D3D9D24	其他	20210901
005801FF0001005006D400692D3D9D36	其他	20210901
005801FF0001005006D400692D3D9D67	其他	20210901
005801FF0001005006D400692D3D9D7B	其他	20210901
005801FF0001005006D400692D3D9D80	其他	20210901
005801FF0001005006D400692D3D9DCE	其他	20210901
005801FF0001005006D400692D3D9DCF	其他	20210901
005801FF0001005006D400692D3D9DF1	其他	20210901
005801FF0001005006D400692D3D9E52	其他	20210901
005801FF0001005006D400692D3D9E6B	其他	20210901
005801FF0001005006D400692D3D9E6E	其他	20210901
005801FF0001005006D400692D3D9E70	其他	20210901
005801FF0001005006D400692D3D9E86	其他	20210901
005801FF0001005006D400692D3D9E90	邓超	20210901
005801FF0001005006D400692D3D9EF5	其他	20210901
005801FF0001005006D400692D3D9F84	其他	20210901
005801FF0001005006D400692D3D9F9E	其他	20210901
005801FF0001005006D400692D3D9FCA	其他	20210901
005801FF0001005006D400692D3D9FE6	其他	20210901
005801FF0001005006D400692D3D9FEB	其他	20210901
005801FF0001005006D400692D3D9FF2	其他	20210901
005801FF0001005006D400692D3DA038	唐季礼	20210901
005801FF0001005006D400692D3DA038	林超贤	20210901
005801FF0001005006D400692D3DA076	其他	20210901
005801FF0001005006D400692D3DA076	陈思诚	20210901
005801FF0001005006D400692D3DA0C5	其他	20210901
005801FF0001005006D400692D3DA0D4	其他	20210901
005801FF0001005006D400692D3DA0FF	其他	20210901
005801FF0001005006D400692D3DA175	陈思诚	20210901
005801FF0001005006D400692D3DA1A1	李安	20210901
005801FF0001005006D400692D3DA1A4	其他	20210901
005801FF0001005006D400692D3DA1C6	其他	20210901
005801FF0001005006D400692D3DA21A	其他	20210901
005801FF0001005006D400692D3DA241	其他	20210901
005801FF0001005006D400692D3DA281	其他	20210901
005801FF0001005006D400692D3DA28C	其他	20210901
005801FF0001005006D400692D3DA28F	温子仁	20210901
005801FF0001005006D400692D3DA292	其他	20210901
005801FF0001005006D400692D3DA303	陈思诚	20210901
005801FF0001005006D400692D3DA360	其他	20210901
005801FF0001005006D400692D3DA388	其他	20210901
005801FF0001005006D400692D3DA393	其他	20210901
005801FF0001005006D400692D3DA3D4	其他	20210901
005801FF0001005006D400692D3DA419	其他	20210901
005801FF0001005006D400692D3DA4A0	其他	20210901
005801FF0001005006D400692D3DA4A4	其他	20210901
005801FF0001005006D400692D3DA594	其他	20210901
005801FF0001005006D400692D3DA61E	其他	20210901
005801FF0001005006D400692D3DA61E	杜琪峰	20210901
005801FF0001005006D400692D3DA648	其他	20210901
005801FF0001005006D400692D3DA655	其他	20210901
005801FF0001005006D400692D3DA65D	其他	20210901
005801FF0001005006D400692D3DA6A5	其他	20210901
005801FF0001005006D400692D3DA6B3	其他	20210901
005801FF0001005006D400692D3DA6D9	其他	20210901
005801FF0001005006D400692D3DA6EC	其他	20210901
005801FF0001005006D400692D3DA70C	其他	20210901
005801FF0001005006D400692D3DA70F	其他	20210901
005801FF0001005006D400692D3DA719	其他	20210901
005801FF0001005006D400692D3DA77D	其他	20210901
005801FF0001005006D400692D3DA783	其他	20210901
005801FF0001005006D400692D3DA784	其他	20210901
005801FF0001005006D400692D3DA796	其他	20210901
005801FF0001005006D400692D3DA797	其他	20210901
005801FF0001005006D400692D3DA79F	其他	20210901
005801FF0001005006D400692D3DA7A4	其他	20210901
005801FF0001005006D400692D3DA7A4	陈思诚	20210901
005801FF0001005006D400692D3DA7C6	其他	20210901
005801FF0001005006D400692D3DA7C9	其他	20210901
005801FF0001005006D400692D3DA80E	其他	20210901
005801FF0001005006D400692D3DA81A	其他	20210901
005801FF0001005006D400692D3DA82E	其他	20210901
005801FF0001005006D400692D3DA838	其他	20210901
005801FF0001005006D400692D3DA83D	其他	20210901
005801FF0001005006D400692D3DA840	其他	20210901
005801FF0001005006D400692D3DA858	其他	20210901
005801FF0001005006D400692D3DA868	张一白	20210901
005801FF0001005006D400692D3DA8A0	其他	20210901
005801FF0001005006D400692D3DA8C1	其他	20210901
005801FF0001005006D400692D3DA8D1	其他	20210901
005801FF0001005006D400692D3DA904	其他	20210901
005801FF0001005006D400692D3DA91C	其他	20210901
005801FF0001005006D400692D3DA91D	其他	20210901
005801FF0001005006D400692D3DA93C	其他	20210901
005801FF0001005006D400692D3DA951	其他	20210901
005801FF0001005006D400692D3DA95D	其他	20210901
005801FF0001005006D400692D3DA987	其他	20210901
005801FF0001005006D400692D3DA9AF	陈思诚	20210901
005801FF0001005006D400692D3DA9CE	其他	20210901
005801FF0001005006D400692D3DA9D0	其他	20210901
005801FF0001005006D400692D3DA9D7	其他	20210901
005801FF0001005006D400692D3DA9DE	其他	20210901
005801FF0001005006D400692D3DA9E4	其他	20210901
005801FF0001005006D400692D3DA9F4	其他	20210901
005801FF0001005006D400692D3DAA10	其他	20210901
005801FF0001005006D400692D3DAA10	李玉	20210901
005801FF0001005006D400692D3DAA2A	其他	20210901
005801FF0001005006D400692D3DAA2D	其他	20210901
005801FF0001005006D400692D3DAA44	其他	20210901
005801FF0001005006D400692D3DAA85	其他	20210901
005801FF0001005006D400692D3DAA9D	其他	20210901
005801FF0001005006D400692D3DAB0B	其他	20210901
005801FF0001005006D400692D3DAB53	邱礼涛	20210901
005801FF0001005006D400692D3DAB7F	其他	20210901
005801FF0001005006D400692D3DABE8	其他	20210901
005801FF0001005006D400692D3DAC18	其他	20210901
005801FF0001005006D400692D3DAC77	其他	20210901
005801FF0001005006D400692D3DAC8A	其他	20210901
005801FF0001005006D400692D3DAD1B	其他	20210901
005801FF0001005006D400692D3DAD42	其他	20210901
005801FF0001005006D400692D3DAD67	其他	20210901
005801FF0001005006D400692D3DAD73	其他	20210901
005801FF0001005006D400692D3DAD7E	其他	20210901
005801FF0001005006D400692D3DADB1	其他	20210901
005801FF0001005006D400692D3DADB4	其他	20210901
005801FF0001005006D400692D3DADF5	其他	20210901
005801FF0001005006D400692D3DAE15	其他	20210901
005801FF0001005006D400692D3DAE30	其他	20210901
005801FF0001005006D400692D3DAE47	其他	20210901
005801FF0001005006D400692D3DAE58	其他	20210901
005801FF0001005006D400692D3DAE70	其他	20210901
005801FF0001005006D400692D3DAEB3	其他	20210901
005801FF0001005006D400692D3DAEB6	张一白	20210901
005801FF0001005006D400692D3DAEB6	陈凯歌	20210901
005801FF0001005006D400692D3DAEDA	杜琪峰	20210901
005801FF0001005006D400692D3DAEEA	其他	20210901
005801FF0001005006D400692D3DAF99	其他	20210901
005801FF0001005006D400692D3DAFB1	其他	20210901
005801FF0001005006D400692D3DAFB1	张扬	20210901
005801FF0001005006D400692D3DAFD3	其他	20210901
005801FF0001005006D400692D3DB07E	其他	20210901
005801FF0001005006D400692D3DB0C1	其他	20210901
005801FF0001005006D400692D3DB109	其他	20210901
005801FF0001005006D400692D3DB156	刘伟强	20210901
005801FF0001005006D400692D3DB181	其他	20210901
005801FF0001005006D400692D3DB202	其他	20210901
005801FF0001005006D400692D3DB220	其他	20210901
005801FF0001005006D400692D3DB224	其他	20210901
005801FF0001005006D400692D3DB27E	其他	20210901
005801FF0001005006D400692D3DB28E	其他	20210901
005801FF0001005006D400692D3DB291	其他	20210901
005801FF0001005006D400692D3DB292	管虎	20210901
005801FF0001005006D400692D3DB2DC	其他	20210901
005801FF0001005006D400692D3DB2FC	其他	20210901
005801FF0001005006D400692D3DB30F	其他	20210901
005801FF0001005006D400692D3DB31F	其他	20210901
005801FF0001005006D400692D3DB370	其他	20210901
005801FF0001005006D400692D3DB3FB	其他	20210901
005801FF0001005006D400692D3DB3FC	其他	20210901
005801FF0001005006D400692D3DB43F	其他	20210901
005801FF0001005006D400692D3DB4CE	其他	20210901
005801FF0001005006D400692D3DB5F0	其他	20210901
005801FF0001005006D400692D3DB632	张一白	20210901
005801FF0001005006D400692D3DB632	陈凯歌	20210901
005801FF0001005006D400692D3DB664	其他	20210901
005801FF0001005006D400692D3DB6A5	其他	20210901
005801FF0001005006D400692D3DB761	其他	20210901
005801FF0001005006D400692D3DB82C	其他	20210901
005801FF0001005006D400692D3DB82C	徐克	20210901
005801FF0001005006D400692D3DB88C	其他	20210901
005801FF0001005006D400692D3DB893	其他	20210901
005801FF0001005006D400692D3DB8A5	其他	20210901
005801FF0001005006D400692D3DB8D5	其他	20210901
005801FF0001005006D400692D3DB8DE	其他	20210901
005801FF0001005006D400692D3DB96E	其他	20210901
005801FF0001005006D400692D3DB989	其他	20210901
005801FF0001005006D400692D3DB990	其他	20210901
005801FF0001005006D400692D3DB9EE	其他	20210901
005801FF0001005006D400692D3DB9EE	徐克	20210901
005801FF0001005006D400692D3DBA2B	其他	20210901
005801FF0001005006D400692D3DBA3C	其他	20210901
005801FF0001005006D400692D3DBB9A	其他	20210901
005801FF0001005006D400692D3DBBE5	其他	20210901
005801FF0001005006D400692D3DBC75	其他	20210901
005801FF0001005006D400692D3DBCB3	其他	20210901
005801FF0001005006D400692D3DBCB3	徐克	20210901
005801FF0001005006D400692D3DBD3C	其他	20210901
005801FF0001005006D400692D3DBD40	其他	20210901
005801FF0001005006D400692D3DBD65	其他	20210901
005801FF0001005006D400692D3DBD67	其他	20210901
005801FF0001005006D400692D3DBD6D	其他	20210901
005801FF0001005006D400692D3DBD97	其他	20210901
005801FF0001005006D400692D3DBD9F	其他	20210901
005801FF0001005006D400692D3DBDA5	其他	20210901
005801FF0001005006D400692D3DBDA5	林超贤	20210901
005801FF0001005006D400692D3DBE38	其他	20210901
005801FF0001005006D400692D3DBE4A	其他	20210901
005801FF0001005006D400692D3DBE4A	张一白	20210901
005801FF0001005006D400692D3DBE4A	陈凯歌	20210901
005801FF0001005006D400692D3DBE5D	其他	20210901
005801FF0001005006D400692D3DBE60	其他	20210901
005801FF0001005006D400692D3DBE7C	其他	20210901
005801FF0001005006D400692D3DBE8F	其他	20210901
005801FF0001005006D400692D3DBE8F	叶伟民	20210901
005801FF0001005006D400692D3DBE97	其他	20210901
005801FF0001005006D400692D3DBE9B	其他	20210901
005801FF0001005006D400692D3DBEBF	其他	20210901
005801FF0001005006D400692D3DBEEE	其他	20210901
005801FF0001005006D400692D3DBF2E	其他	20210901
005801FF0001005006D400692D3DBFB2	其他	20210901
005801FF0001005006D400692D3DBFBF	其他	20210901
005801FF0001005006D400692D3DBFD6	其他	20210901
005801FF0001005006D400692D3DBFFF	其他	20210901
005801FF0001005006D400692D3DC017	其他	20210901
005801FF0001005006D400692D3DC01E	其他	20210901
005801FF0001005006D400692D3DC01F	其他	20210901
005801FF0001005006D400692D3DC05A	其他	20210901
005801FF0001005006D400692D3DC05A	唐季礼	20210901
005801FF0001005006D400692D3DC0B5	其他	20210901
005801FF0001005006D400692D3DC0B5	陈思诚	20210901
005801FF0001005006D400692D3DC0D3	其他	20210901
005801FF0001005006D400692D3DC125	其他	20210901
005801FF0001005006D400692D3DC18D	其他	20210901
005801FF0001005006D400692D3DC1B0	其他	20210901
005801FF0001005006D400692D3DC1EB	其他	20210901
005801FF0001005006D400692D3DC1FE	其他	20210901
005801FF0001005006D400692D3DC2CE	其他	20210901
005801FF0001005006D400692D3DC2F1	其他	20210901
005801FF0001005006D400692D3DC325	其他	20210901
005801FF0001005006D400692D3DC399	其他	20210901
005801FF00010050F6E52C43BE5C9F43	其他	20210901
