htv_epg_prefer_dm.deviceid	htv_epg_prefer_dm.fivelevel	htv_epg_prefer_dm.hourtype	htv_epg_prefer_dm.ranks	htv_epg_prefer_dm.date_time
005101FF00011810111160D21CA9B1E5	探索发现	1	1	20210901
005801FF0001005005D300692D37D26F	真人秀	1	1	20210901
005801FF0001005005D300692D37D26F	全部	1	2	20210901
005801FF0001005005D300692D37D26F	最新上线	1	3	20210901
005801FF0001005005D300692D37D26F	热血	1	4	20210901
005801FF0001005005D300692D37D26F	大片限免	1	5	20210901
005801FF0001005005D300692D37D294	军旅抗战	1	1	20210901
005801FF0001005005D300692D37D2AA	青春偶像	1	1	20210901
005801FF0001005005D300692D37D2AA	古装奇幻	1	2	20210901
005801FF0001005005D300692D37D2AA	内地	1	3	20210901
005801FF0001005005D300692D37D2AA	同步跟播	1	4	20210901
005801FF0001005005D300692D37D2EE	全部	1	1	20210901
005801FF0001005005D300692D37D300	免费专区	1	1	20210901
005801FF0001005005D300692D37D300	电影排行	1	2	20210901
005801FF0001005005D300692D37D362	喜剧	1	1	20210901
005801FF0001005005D300692D37D362	悬疑罪案	1	2	20210901
005801FF0001005005D300692D37D362	古装奇幻	1	3	20210901
005801FF0001005005D300692D37D362	侦探解密	1	4	20210901
005801FF0001005005D300692D37D362	漫威系列	1	5	20210901
005801FF0001005005D300692D37D36E	都市爱情	1	1	20210901
005801FF0001005005D300692D37D39F	动画	1	1	20210901
005801FF0001005005D300692D37D3B0	青春偶像	1	1	20210901
005801FF0001005005D300692D37D3D5	推荐	1	1	20210901
005801FF0001005005D300692D37D437	军旅抗战	1	1	20210901
005801FF0001005005D300692D37D444	大片限免	1	1	20210901
005801FF0001005005D300692D37D444	动画	1	2	20210901
005801FF0001005005D300692D37D460	免费专区	1	1	20210901
005801FF0001005005D300692D37D465	军旅抗战	1	1	20210901
005801FF0001005005D300692D37D4AD	免费专区	1	1	20210901
005801FF0001005005D300692D37D4BE	青春偶像	1	1	20210901
005801FF0001005005D300692D37D4D7	影视限免	1	1	20210901
005801FF0001005005D300692D37D4DB	推荐	1	1	20210901
005801FF0001005005D300692D37D4DB	同步跟播	1	2	20210901
005801FF0001005005D300692D37D4E3	热剧限免	1	1	20210901
005801FF0001005005D300692D37D4EA	同步跟播	1	1	20210901
005801FF0001005005D300692D37D4EA	全部电影	1	2	20210901
005801FF0001005005D300692D37D4EA	大片限免	1	3	20210901
005801FF0001005005D300692D37D52C	悬疑罪案	1	1	20210901
005801FF0001005005D300692D37D580	青春偶像	1	1	20210901
005801FF0001005005D300692D37D580	惊悚	1	2	20210901
005801FF0001005005D300692D37D5E3	悬疑罪案	1	1	20210901
005801FF0001005005D300692D37D629	电视剧	1	1	20210901
005801FF0001005005D300692D37D643	电视剧	1	1	20210901
005801FF0001005005D300692D37D67D	全部电影	1	1	20210901
005801FF0001005005D300692D37D67E	爆笑	1	1	20210901
005801FF0001005005D300692D37D6B0	热剧排行	1	1	20210901
005801FF0001005005D300692D37D6B0	同步跟播	1	2	20210901
005801FF0001005005D300692D37D6F3	军旅抗战	1	1	20210901
005801FF0001005005D300692D37D733	家庭伦理	1	1	20210901
005801FF0001005005D300692D37D74E	推荐	1	1	20210901
005801FF0001005005D300692D37D75D	动画	1	1	20210901
005801FF0001005005D300692D37D79E	大片限免	1	1	20210901
005801FF0001005005D300692D37D7AE	全部电影	1	1	20210901
005801FF0001005005D300692D37D7AE	全部	1	2	20210901
005801FF0001005005D300692D37D7AE	青春偶像	1	3	20210901
005801FF0001005005D300692D37D7AE	名侦探柯南	1	4	20210901
005801FF0001005005D300692D37D7AE	怀旧经典	1	5	20210901
005801FF0001005005D300692D37D7BF	大片限免	1	1	20210901
005801FF0001005005D300692D37D7C5	全部电影	1	1	20210901
005801FF0001005005D300692D37D7D5	冒险	1	1	20210901
005801FF0001005005D300692D37D7D5	华语神作	1	2	20210901
005801FF0001005005D300692D37D7D5	4K电影	1	3	20210901
005801FF0001005005D300692D37D7D6	爆笑	1	1	20210901
005801FF0001005005D300692D37D7D6	免费专区	1	2	20210901
005801FF0001005005D300692D37D7D6	古装奇幻	1	3	20210901
005801FF0001005005D300692D37D7D6	动画	1	4	20210901
005801FF0001005005D300692D37D7E1	军旅抗战	1	1	20210901
005801FF0001005005D300692D37D81A	综艺排行	1	1	20210901
005801FF0001005005D300692D37D85F	免费专区	1	1	20210901
005801FF0001005005D300692D37D8A7	家庭伦理	1	1	20210901
005801FF0001005005D300692D37D8C7	都市爱情	1	1	20210901
005801FF0001005005D300692D37D8C7	青春偶像	1	2	20210901
005801FF0001005005D300692D37D8FF	励志	1	1	20210901
005801FF0001005005D300692D37D8FF	全部	1	2	20210901
005801FF0001005005D300692D37D915	校园	1	1	20210901
005801FF0001005005D300692D37D915	免费专区	1	2	20210901
005801FF0001005005D300692D37D94C	爆笑	1	1	20210901
005801FF0001005005D300692D37D962	豆瓣高分	1	1	20210901
005801FF0001005005D300692D37D962	最新上线	1	2	20210901
005801FF0001005005D300692D37D96B	电影排行	1	1	20210901
005801FF0001005005D300692D37D979	大片限免	1	1	20210901
005801FF0001005005D300692D37D979	最新上线	1	2	20210901
005801FF0001005005D300692D37D981	动作	1	1	20210901
005801FF0001005005D300692D37DA0C	惊悚	1	1	20210901
005801FF0001005005D300692D37DA62	电视剧	1	1	20210901
005801FF0001005005D300692D37DA69	同步跟播	1	1	20210901
005801FF0001005005D300692D37DA69	职场励志	1	2	20210901
005801FF0001005005D300692D37DA69	古装奇幻	1	3	20210901
005801FF0001005005D300692D37DA69	音乐现场	1	4	20210901
005801FF0001005005D300692D37DA69	大片限免	1	5	20210901
005801FF0001005005D300692D37DA6C	青春偶像	1	1	20210901
005801FF0001005005D300692D37DA6D	热剧限免	1	1	20210901
005801FF0001005005D300692D37DA6D	热播榜	1	2	20210901
005801FF0001005005D300692D37DA6D	悬疑罪案	1	3	20210901
005801FF0001005005D300692D37DA6D	电影	1	4	20210901
005801FF0001005005D300692D37DA82	大片限免	1	1	20210901
005801FF0001005005D300692D37DA95	电视剧	1	1	20210901
005801FF0001005005D300692D37DAAE	免费专区	1	1	20210901
005801FF0001005005D300692D37DAB3	全部	1	1	20210901
005801FF0001005005D300692D37DAB3	科幻	1	2	20210901
005801FF0001005005D300692D37DAC3	家庭伦理	1	1	20210901
005801FF0001005005D300692D37DACB	推荐	1	1	20210901
005801FF0001005005D300692D37DACC	喜剧	1	1	20210901
005801FF0001005005D300692D37DB62	全部电影	1	1	20210901
005801FF0001005005D300692D37DB62	最新上线	1	2	20210901
005801FF0001005005D300692D37DB62	4K电影	1	3	20210901
005801FF0001005005D300692D37DB84	免费专区	1	1	20210901
005801FF0001005005D300692D37DBE8	古装奇幻	1	1	20210901
005801FF0001005005D300692D37DC0B	军旅抗战	1	1	20210901
005801FF0001005005D300692D37DC0B	都市爱情	1	2	20210901
005801FF0001005005D300692D37DC27	军旅抗战	1	1	20210901
005801FF0001005005D300692D37DC95	热播榜	1	1	20210901
005801FF0001005005D300692D37DC95	全部电影	1	2	20210901
005801FF0001005005D300692D37DC95	推荐	1	3	20210901
005801FF0001005005D300692D37DC95	同步跟播	1	4	20210901
005801FF0001005005D300692D37DCA8	电视剧	1	1	20210901
005801FF0001005005D300692D37DCBE	悬疑罪案	1	1	20210901
005801FF0001005005D300692D37DCD7	免费专区	1	1	20210901
005801FF0001005005D300692D37DCEC	免费专区	1	1	20210901
005801FF0001005005D300692D37DCEC	大片限免	1	2	20210901
005801FF0001005005D300692D37DCEC	军旅抗战	1	3	20210901
005801FF0001005005D300692D37DD1B	大片限免	1	1	20210901
005801FF0001005005D300692D37DD4E	热播榜	1	1	20210901
005801FF0001005005D300692D37DD4E	古装奇幻	1	2	20210901
005801FF0001005005D300692D37DD59	军旅抗战	1	1	20210901
005801FF0001005005D300692D37DD59	家庭伦理	1	2	20210901
005801FF0001005005D300692D37DD6F	热播榜	1	1	20210901
005801FF0001005005D300692D37DD80	免费专区	1	1	20210901
005801FF0001005005D300692D37DD80	古装奇幻	1	2	20210901
005801FF0001005005D300692D37DD80	军旅抗战	1	3	20210901
005801FF0001005005D300692D37DDA6	热剧限免	1	1	20210901
005801FF0001005005D300692D37DDA6	古装奇幻	1	2	20210901
005801FF0001005005D300692D37DDA6	同步跟播	1	3	20210901
005801FF0001005005D300692D37DDDB	热剧限免	1	1	20210901
005801FF0001005005D300692D37DE1C	家庭伦理	1	1	20210901
005801FF0001005005D300692D37DE23	免费专区	1	1	20210901
005801FF0001005005D300692D37DE54	古装奇幻	1	1	20210901
005801FF0001005005D300692D37DE54	剧库	1	2	20210901
005801FF0001005005D300692D37DE69	全部	1	1	20210901
005801FF0001005005D300692D37DE9C	大片限免	1	1	20210901
005801FF0001005005D300692D37DEAC	同步跟播	1	1	20210901
005801FF0001005005D300692D37DEDE	热播榜	1	1	20210901
005801FF0001005005D300692D37DF18	热播榜	1	1	20210901
005801FF0001005005D300692D37DF18	同步跟播	1	2	20210901
005801FF0001005005D300692D37DF31	推荐	1	1	20210901
005801FF0001005005D300692D37DF32	电视剧	1	1	20210901
005801FF0001005005D300692D37DF32	免费专区	1	2	20210901
005801FF0001005005D300692D37DF32	爆笑	1	3	20210901
005801FF0001005005D300692D37DF32	青春偶像	1	4	20210901
005801FF0001005005D300692D37DF32	推荐	1	5	20210901
005801FF0001005005D300692D37DFCF	推荐	1	1	20210901
005801FF0001005005D300692D37DFE1	军旅抗战	1	1	20210901
005801FF0001005005D300692D37E01D	魔幻	1	1	20210901
005801FF0001005005D300692D37E04B	热剧排行	1	1	20210901
005801FF0001005005D300692D37E0AB	冒险	1	1	20210901
005801FF0001005005D300692D37E0C5	军旅抗战	1	1	20210901
005801FF0001005005D300692D37E117	古装奇幻	1	1	20210901
005801FF0001005005D300692D37E129	电视剧	1	1	20210901
005801FF0001005005D300692D37E12F	科幻	1	1	20210901
005801FF0001005005D300692D37E152	热剧限免	1	1	20210901
005801FF0001005005D300692D37E19B	全部综艺	1	1	20210901
005801FF0001005005D300692D37E1DE	军旅抗战	1	1	20210901
005801FF0001005005D300692D37E1E2	军旅抗战	1	1	20210901
005801FF0001005005D300692D37E223	免费专区	1	1	20210901
005801FF0001005005D300692D37E24F	全部电影	1	1	20210901
005801FF0001005005D300692D37E27D	家庭伦理	1	1	20210901
005801FF0001005005D300692D37E2A3	全部电影	1	1	20210901
005801FF0001005005D300692D37E2A3	推荐	1	2	20210901
005801FF0001005005D300692D37E2C3	侦探解密	1	1	20210901
005801FF0001005005D300692D37E2EA	军旅抗战	1	1	20210901
005801FF0001005005D300692D37E2F9	热剧限免	1	1	20210901
005801FF0001005005D300692D37E340	军旅抗战	1	1	20210901
005801FF0001005005D300692D37E355	华语神作	1	1	20210901
005801FF0001005005D300692D37E355	军旅抗战	1	2	20210901
005801FF0001005005D300692D37E386	侦探解密	1	1	20210901
005801FF0001005005D300692D37E3D0	同步跟播	1	1	20210901
005801FF0001005005D300692D37E401	军旅抗战	1	1	20210901
005801FF0001005005D300692D37E434	华语神作	1	1	20210901
005801FF0001005005D300692D37E478	军旅抗战	1	1	20210901
005801FF0001005005D300692D37E478	大片限免	1	2	20210901
005801FF0001005005D300692D37E492	家庭伦理	1	1	20210901
005801FF0001005005D300692D37E4BF	少儿排行	1	1	20210901
005801FF0001005005D300692D37E4DE	最新上线	1	1	20210901
005801FF0001005005D300692D37E4DE	大片限免	1	2	20210901
005801FF0001005005D300692D37E4DE	动画	1	3	20210901
005801FF0001005005D300692D37E523	军旅抗战	1	1	20210901
005801FF0001005005D300692D37E528	大片限免	1	1	20210901
005801FF0001005005D300692D37E560	免费专区	1	1	20210901
005801FF0001005005D300692D37E560	热剧限免	1	2	20210901
005801FF0001005005D300692D37E560	热血	1	3	20210901
005801FF0001005005D300692D37E560	古装奇幻	1	4	20210901
005801FF0001005005D300692D37E56D	军旅抗战	1	1	20210901
005801FF0001005005D300692D37E5B7	军旅抗战	1	1	20210901
005801FF0001005005D300692D37E5D5	免费专区	1	1	20210901
005801FF0001005005D300692D37E5D5	电影	1	2	20210901
005801FF0001005005D300692D37E5F4	同步跟播	1	1	20210901
005801FF0001005005D300692D37E5F4	青春偶像	1	2	20210901
005801FF0001005005D300692D37E5F8	古装奇幻	1	1	20210901
005801FF0001005005D300692D37E5F8	侦探解密	1	2	20210901
005801FF0001005005D300692D37E627	职场励志	1	1	20210901
005801FF0001005005D300692D37E627	剧情喜剧	1	2	20210901
005801FF0001005005D300692D37E627	都市爱情	1	3	20210901
005801FF0001005005D300692D37E649	免费专区	1	1	20210901
005801FF0001005005D300692D37E671	热剧限免	1	1	20210901
005801FF0001005005D300692D37E686	真人秀	1	1	20210901
005801FF0001005005D300692D37E68D	剧情喜剧	1	1	20210901
005801FF0001005005D300692D37E68D	都市爱情	1	2	20210901
005801FF0001005005D300692D37E6AE	同步跟播	1	1	20210901
005801FF0001005005D300692D37E6BE	机战	1	1	20210901
005801FF0001005005D300692D37E6C6	军旅抗战	1	1	20210901
005801FF0001005005D300692D37E6DE	全部电影	1	1	20210901
005801FF0001005005D300692D37E6F6	真人秀	1	1	20210901
005801FF0001005005D300692D37E702	军旅抗战	1	1	20210901
005801FF0001005005D300692D37E703	免费专区	1	1	20210901
005801FF0001005005D300692D37E704	电影	1	1	20210901
005801FF0001005005D300692D37E72F	免费专区	1	1	20210901
005801FF0001005005D300692D37E735	热播榜	1	1	20210901
005801FF0001005005D300692D37E735	推荐	1	2	20210901
005801FF0001005005D300692D37E739	剧库	1	1	20210901
005801FF0001005005D300692D37E739	剧情喜剧	1	2	20210901
005801FF0001005005D300692D37E74B	全部电影	1	1	20210901
005801FF0001005005D300692D37E750	同步跟播	1	1	20210901
005801FF0001005005D300692D37E767	爆笑	1	1	20210901
005801FF0001005005D300692D37E774	豆瓣高分	1	1	20210901
005801FF0001005005D300692D37E77C	综艺排行	1	1	20210901
005801FF0001005005D300692D37E783	电影	1	1	20210901
005801FF0001005005D300692D37E783	电视剧	1	2	20210901
005801FF0001005005D300692D37E7BA	军旅抗战	1	1	20210901
005801FF0001005005D300692D37E7EF	悬疑罪案	1	1	20210901
005801FF0001005005D300692D37E80B	综艺排行	1	1	20210901
005801FF0001005005D300692D37E82F	少儿	1	1	20210901
005801FF0001005005D300692D37E82F	免费专区	1	2	20210901
005801FF0001005005D300692D37E82F	推荐	1	3	20210901
005801FF0001005005D300692D37E82F	电影	1	4	20210901
005801FF0001005005D300692D37E843	家庭伦理	1	1	20210901
005801FF0001005005D300692D37E843	热播榜	1	2	20210901
005801FF0001005005D300692D37E84A	军旅抗战	1	1	20210901
005801FF0001005005D300692D37E892	内地	1	1	20210901
005801FF0001005005D300692D37E89D	全部电影	1	1	20210901
005801FF0001005005D300692D37E8AA	影视限免	1	1	20210901
005801FF0001005005D300692D37E8F3	推荐	1	1	20210901
005801FF0001005005D300692D37E918	古装奇幻	1	1	20210901
005801FF0001005005D300692D37E918	大片限免	1	2	20210901
005801FF0001005005D300692D37E919	古装奇幻	1	1	20210901
005801FF0001005005D300692D37E95B	推荐	1	1	20210901
005801FF0001005005D300692D37E95B	萌系	1	2	20210901
005801FF0001005005D300692D37E972	军旅抗战	1	1	20210901
005801FF0001005005D300692D37E99E	同步跟播	1	1	20210901
005801FF0001005005D300692D37E9BF	推荐	1	1	20210901
005801FF0001005005D300692D37E9BF	军旅抗战	1	2	20210901
005801FF0001005005D300692D37E9F3	家庭伦理	1	1	20210901
005801FF0001005005D300692D37EA0D	军旅抗战	1	1	20210901
005801FF0001005005D300692D37EA35	热播榜	1	1	20210901
005801FF0001005005D300692D37EAA9	热剧限免	1	1	20210901
005801FF0001005005D300692D37EAA9	同步跟播	1	2	20210901
005801FF0001005005D300692D37EAAB	同步跟播	1	1	20210901
005801FF0001005005D300692D37EABC	大片限免	1	1	20210901
005801FF0001005005D300692D37EABD	免费专区	1	1	20210901
005801FF0001005005D300692D37EACD	动作	1	1	20210901
005801FF0001005005D300692D37EAD8	免费专区	1	1	20210901
005801FF0001005005D300692D37EAD8	爆笑	1	2	20210901
005801FF0001005005D300692D37EB06	最新上线	1	1	20210901
005801FF0001005005D300692D37EB2A	古装奇幻	1	1	20210901
005801FF0001005005D300692D37EB2A	名侦探柯南	1	2	20210901
005801FF0001005005D300692D37EB2A	军旅抗战	1	3	20210901
005801FF0001005005D300692D37EB36	免费专区	1	1	20210901
005801FF0001005005D300692D37EB36	喜剧	1	2	20210901
005801FF0001005005D300692D37EB36	全部电影	1	3	20210901
005801FF0001005005D300692D37EB36	4K电影	1	4	20210901
005801FF0001005005D300692D37EB96	都市爱情	1	1	20210901
005801FF0001005005D300692D37EB99	古装奇幻	1	1	20210901
005801FF0001005005D300692D37EC1D	古装奇幻	1	1	20210901
005801FF0001005005D300692D37EC1D	电影	1	2	20210901
005801FF0001005005D300692D37EC1D	电影排行	1	3	20210901
005801FF0001005005D300692D37EC2B	古装奇幻	1	1	20210901
005801FF0001005005D300692D37EC3C	军旅抗战	1	1	20210901
005801FF0001005005D300692D37EC6E	热播榜	1	1	20210901
005801FF0001005005D300692D37EC9F	军旅抗战	1	1	20210901
005801FF0001005005D300692D37ECA2	全部	1	1	20210901
005801FF0001005005D300692D37ECC4	都市爱情	1	1	20210901
005801FF0001005005D300692D37ECC6	真人秀	1	1	20210901
005801FF0001005005D300692D37ECC6	都市爱情	1	2	20210901
005801FF0001005005D300692D37ECD4	少儿排行	1	1	20210901
005801FF0001005005D300692D37ECE1	青春偶像	1	1	20210901
005801FF0001005005D300692D37ED04	豆瓣高分	1	1	20210901
005801FF0001005005D300692D37ED04	推荐	1	2	20210901
005801FF0001005005D300692D37ED35	免费专区	1	1	20210901
005801FF0001005005D300692D37ED43	大片限免	1	1	20210901
005801FF0001005005D300692D37ED43	电影	1	2	20210901
005801FF0001005005D300692D37ED43	影视限免	1	3	20210901
005801FF0001005005D300692D37ED66	爆笑	1	1	20210901
005801FF0001005005D300692D37ED66	校园	1	2	20210901
005801FF0001005005D300692D37EDA2	华语神作	1	1	20210901
005801FF0001005005D300692D37EDA7	军旅抗战	1	1	20210901
005801FF0001005005D300692D37EDA7	同步跟播	1	2	20210901
005801FF0001005005D300692D37EDB2	同步跟播	1	1	20210901
005801FF0001005005D300692D37EDC7	综艺排行	1	1	20210901
005801FF0001005005D300692D37EDE1	热播榜	1	1	20210901
005801FF0001005005D300692D37EDE7	古装奇幻	1	1	20210901
005801FF0001005005D300692D37EDEA	萌系	1	1	20210901
005801FF0001005005D300692D37EDEA	惊悚	1	2	20210901
005801FF0001005005D300692D37EE09	冒险	1	1	20210901
005801FF0001005005D300692D37EE09	全部电影	1	2	20210901
005801FF0001005005D300692D37EE15	热剧限免	1	1	20210901
005801FF0001005005D300692D37EE15	推荐	1	2	20210901
005801FF0001005005D300692D37EE9A	冒险	1	1	20210901
005801FF0001005005D300692D37EEAF	军旅抗战	1	1	20210901
005801FF0001005005D300692D37EECA	热播榜	1	1	20210901
005801FF0001005005D300692D37EEF3	全部电影	1	1	20210901
005801FF0001005005D300692D37EEFC	热播榜	1	1	20210901
005801FF0001005005D300692D37EF17	军旅抗战	1	1	20210901
005801FF0001005005D300692D37EF17	都市爱情	1	2	20210901
005801FF0001005005D300692D37EF2E	古装奇幻	1	1	20210901
005801FF0001005005D300692D37EF2E	军旅抗战	1	2	20210901
005801FF0001005005D300692D37EF2F	古装奇幻	1	1	20210901
005801FF0001005005D300692D37EF3E	古装奇幻	1	1	20210901
005801FF0001005005D300692D37EFA8	军旅抗战	1	1	20210901
005801FF0001005005D300692D37EFD7	免费专区	1	1	20210901
005801FF0001005005D300692D37EFD7	侦探解密	1	2	20210901
005801FF0001005005D300692D37F01A	同步跟播	1	1	20210901
005801FF0001005005D300692D37F038	大片限免	1	1	20210901
005801FF0001005005D300692D37F064	电影	1	1	20210901
005801FF0001005005D300692D37F064	影视限免	1	2	20210901
005801FF0001005005D300692D37F064	热播榜	1	3	20210901
005801FF0001005005D300692D37F067	免费专区	1	1	20210901
005801FF0001005005D300692D37F09E	家庭伦理	1	1	20210901
005801FF0001005005D300692D37F0AC	免费专区	1	1	20210901
005801FF0001005005D300692D37F0CC	免费专区	1	1	20210901
005801FF0001005005D300692D37F0F7	军旅抗战	1	1	20210901
005801FF0001005005D300692D37F10F	家庭伦理	1	1	20210901
005801FF0001005005D300692D37F112	热播榜	1	1	20210901
005801FF0001005005D300692D37F112	全部电影	1	2	20210901
005801FF0001005005D300692D37F117	悬疑罪案	1	1	20210901
005801FF0001005005D300692D37F117	同步跟播	1	2	20210901
005801FF0001005005D300692D37F117	内地	1	3	20210901
005801FF0001005005D300692D37F14D	青春偶像	1	1	20210901
005801FF0001005005D300692D37F14D	古装奇幻	1	2	20210901
005801FF0001005005D300692D37F14F	古装奇幻	1	1	20210901
005801FF0001005005D300692D37F19A	最新上线	1	1	20210901
005801FF0001005005D300692D37F1C1	悬疑罪案	1	1	20210901
005801FF0001005005D300692D37F1E4	推荐	1	1	20210901
005801FF0001005005D300692D37F1F2	侦探解密	1	1	20210901
005801FF0001005005D300692D37F1F2	热剧限免	1	2	20210901
005801FF0001005005D300692D37F1F2	古装奇幻	1	3	20210901
005801FF0001005005D300692D37F1FB	全部电影	1	1	20210901
005801FF0001005005D300692D37F1FC	华语神作	1	1	20210901
005801FF0001005005D300692D37F1FC	大片限免	1	2	20210901
005801FF0001005005D300692D37F213	热剧限免	1	1	20210901
005801FF0001005005D300692D37F213	推荐	1	2	20210901
005801FF0001005005D300692D37F213	同步跟播	1	3	20210901
005801FF0001005005D300692D37F252	免费专区	1	1	20210901
005801FF0001005005D300692D37F25E	影视限免	1	1	20210901
005801FF0001005005D300692D37F26F	大片限免	1	1	20210901
005801FF0001005005D300692D37F28F	爆笑	1	1	20210901
005801FF0001005005D300692D37F28F	都市爱情	1	2	20210901
005801FF0001005005D300692D37F296	古装奇幻	1	1	20210901
005801FF0001005005D300692D37F2A5	热剧限免	1	1	20210901
005801FF0001005005D300692D37F2A5	同步跟播	1	2	20210901
005801FF0001005005D300692D37F2A5	电视剧	1	3	20210901
005801FF0001005005D300692D37F2A5	大片限免	1	4	20210901
005801FF0001005005D300692D37F2A5	影视限免	1	5	20210901
005801FF0001005005D300692D37F2CD	都市爱情	1	1	20210901
005801FF0001005005D300692D37F2D9	都市爱情	1	1	20210901
005801FF0001005005D300692D37F2D9	青春偶像	1	2	20210901
005801FF0001005005D300692D37F33D	热播榜	1	1	20210901
005801FF0001005005D300692D37F346	古装奇幻	1	1	20210901
005801FF0001005005D300692D37F377	动画	1	1	20210901
005801FF0001005005D300692D37F37B	热剧限免	1	1	20210901
005801FF0001005005D300692D37F37B	职场励志	1	2	20210901
005801FF0001005005D300692D37F37B	古装奇幻	1	3	20210901
005801FF0001005005D300692D37F39E	校园	1	1	20210901
005801FF0001005005D300692D37F39F	免费专区	1	1	20210901
005801FF0001005005D300692D37F3A2	影视限免	1	1	20210901
005801FF0001005005D300692D37F3AA	军旅抗战	1	1	20210901
005801FF0001005005D300692D37F3C2	家庭伦理	1	1	20210901
005801FF0001005005D300692D37F3C3	家庭伦理	1	1	20210901
005801FF0001005005D300692D37F3D0	同步跟播	1	1	20210901
005801FF0001005005D300692D37F3D0	军旅抗战	1	2	20210901
005801FF0001005005D300692D37F3D0	惊悚	1	3	20210901
005801FF0001005005D300692D37F3D0	推荐	1	4	20210901
005801FF0001005005D300692D37F3D1	热剧限免	1	1	20210901
005801FF0001005005D300692D37F3F1	家庭伦理	1	1	20210901
005801FF0001005005D300692D37F418	古装奇幻	1	1	20210901
005801FF0001005005D300692D37F41F	都市爱情	1	1	20210901
005801FF0001005005D300692D37F428	军旅抗战	1	1	20210901
005801FF0001005005D300692D37F428	全部综艺	1	2	20210901
005801FF0001005005D300692D37F42D	家庭伦理	1	1	20210901
005801FF0001005005D300692D37F42D	同步跟播	1	2	20210901
005801FF0001005005D300692D37F480	军旅抗战	1	1	20210901
005801FF0001005005D300692D37F4D8	古装奇幻	1	1	20210901
005801FF0001005005D300692D37F4DB	军旅抗战	1	1	20210901
005801FF0001005005D300692D37F4DB	家庭伦理	1	2	20210901
005801FF0001005005D300692D37F4DC	大片限免	1	1	20210901
005801FF0001005005D300692D37F587	青春偶像	1	1	20210901
005801FF0001005005D300692D37F5EF	免费专区	1	1	20210901
005801FF0001005005D300692D37F616	真人秀	1	1	20210901
005801FF0001005005D300692D37F6A1	推荐	1	1	20210901
005801FF0001005005D300692D37F6AF	军旅抗战	1	1	20210901
005801FF0001005005D300692D37F6B4	免费专区	1	1	20210901
005801FF0001005005D300692D37F6D3	大片限免	1	1	20210901
005801FF0001005005D300692D37F715	热播榜	1	1	20210901
005801FF0001005005D300692D37F715	侦探解密	1	2	20210901
005801FF0001005005D300692D37F776	热剧限免	1	1	20210901
005801FF0001005005D300692D37F7CD	军旅抗战	1	1	20210901
005801FF0001005005D300692D37F7E1	军旅抗战	1	1	20210901
005801FF0001005005D300692D37F7E6	热播榜	1	1	20210901
005801FF0001005005D300692D37F7E6	大片限免	1	2	20210901
005801FF0001005005D300692D37F7F1	热播榜	1	1	20210901
005801FF0001005005D300692D37F7F1	推荐	1	2	20210901
005801FF0001005005D300692D37F7F5	全部电影	1	1	20210901
005801FF0001005005D300692D37F7F5	少儿排行	1	2	20210901
005801FF0001005005D300692D37F7F5	电影排行	1	3	20210901
005801FF0001005005D300692D37F803	古装奇幻	1	1	20210901
005801FF0001005005D300692D37F816	爱情	1	1	20210901
005801FF0001005005D300692D37F816	动画	1	2	20210901
005801FF0001005005D300692D37F816	DC系列	1	3	20210901
005801FF0001005005D300692D37F816	漫威系列	1	4	20210901
005801FF0001005005D300692D37F821	海外	1	1	20210901
005801FF0001005005D300692D37F85E	科幻	1	1	20210901
005801FF0001005005D300692D37F8A7	电影	1	1	20210901
005801FF0001005005D300692D37F8BF	少儿	1	1	20210901
005801FF0001005005D300692D37F8BF	推荐	1	2	20210901
005801FF0001005005D300692D37F8CB	热播榜	1	1	20210901
005801FF0001005005D300692D37F8D0	免费专区	1	1	20210901
005801FF0001005005D300692D37F8D0	推荐	1	2	20210901
005801FF0001005005D300692D37F8D0	热播榜	1	3	20210901
005801FF0001005005D300692D37F8D3	古装奇幻	1	1	20210901
005801FF0001005005D300692D37F8E3	大片限免	1	1	20210901
005801FF0001005005D300692D37F8EF	科幻	1	1	20210901
005801FF0001005005D300692D37F8EF	校园	1	2	20210901
005801FF0001005005D300692D37F937	军旅抗战	1	1	20210901
005801FF0001005005D300692D37F94A	爆笑	1	1	20210901
005801FF0001005005D300692D37F94B	免费专区	1	1	20210901
005801FF0001005005D300692D37F968	青春偶像	1	1	20210901
005801FF0001005005D300692D37F9B7	悬疑罪案	1	1	20210901
005801FF0001005005D300692D37FA30	电影	1	1	20210901
005801FF0001005005D300692D37FA34	大片限免	1	1	20210901
005801FF0001005005D300692D37FA39	全部电影	1	1	20210901
005801FF0001005005D300692D37FA3E	军旅抗战	1	1	20210901
005801FF0001005005D300692D37FA46	大片限免	1	1	20210901
005801FF0001005005D300692D37FA5B	免费专区	1	1	20210901
005801FF0001005005D300692D37FA66	萌系	1	1	20210901
005801FF0001005005D300692D37FA66	免费专区	1	2	20210901
005801FF0001005005D300692D37FA66	魔幻	1	3	20210901
005801FF0001005005D300692D37FA66	爆笑	1	4	20210901
005801FF0001005005D300692D37FA66	自然	1	5	20210901
005801FF0001005005D300692D37FA8D	侦探解密	1	1	20210901
005801FF0001005005D300692D37FAA7	真人秀	1	1	20210901
005801FF0001005005D300692D37FAA7	全部综艺	1	2	20210901
005801FF0001005005D300692D37FAD1	古装奇幻	1	1	20210901
005801FF0001005005D300692D37FAD1	都市爱情	1	2	20210901
005801FF0001005005D300692D37FAD1	青春偶像	1	3	20210901
005801FF0001005005D300692D37FADD	全部电影	1	1	20210901
005801FF0001005005D300692D37FB36	热剧排行	1	1	20210901
005801FF0001005005D300692D37FB3A	免费专区	1	1	20210901
005801FF0001005005D300692D37FB65	爱情	1	1	20210901
005801FF0001005005D300692D37FB72	电视剧	1	1	20210901
005801FF0001005005D300692D37FBDA	军旅抗战	1	1	20210901
005801FF0001005005D300692D37FC39	军旅抗战	1	1	20210901
005801FF0001005005D300692D37FC51	热剧限免	1	1	20210901
005801FF0001005005D300692D37FC51	悬疑罪案	1	2	20210901
005801FF0001005005D300692D37FC51	推荐	1	3	20210901
005801FF0001005005D300692D37FCA3	侦探解密	1	1	20210901
005801FF0001005005D300692D37FCA8	家庭伦理	1	1	20210901
005801FF0001005005D300692D37FCA8	热剧限免	1	2	20210901
005801FF0001005005D300692D37FCB5	全部电影	1	1	20210901
005801FF0001005005D300692D37FCB7	军旅抗战	1	1	20210901
005801FF0001005005D300692D37FCBD	军旅抗战	1	1	20210901
005801FF0001005005D300692D37FCC9	推荐	1	1	20210901
005801FF0001005005D300692D37FD28	动漫影院	1	1	20210901
005801FF0001005005D300692D37FD28	免费专区	1	2	20210901
005801FF0001005005D300692D37FD28	热血	1	3	20210901
005801FF0001005005D300692D37FD28	冒险	1	4	20210901
005801FF0001005005D300692D37FD4B	都市爱情	1	1	20210901
005801FF0001005005D300692D37FD4B	推荐	1	2	20210901
005801FF0001005005D300692D37FD4B	热播榜	1	3	20210901
005801FF0001005005D300692D37FD4B	婚恋甜综	1	4	20210901
005801FF0001005005D300692D37FD86	真人秀	1	1	20210901
005801FF0001005005D300692D37FD86	热播榜	1	2	20210901
005801FF0001005005D300692D37FD8C	动画	1	1	20210901
005801FF0001005005D300692D37FD8C	爱情	1	2	20210901
005801FF0001005005D300692D37FD8C	科幻	1	3	20210901
005801FF0001005005D300692D37FD90	推荐	1	1	20210901
005801FF0001005005D300692D37FDD3	电影排行	1	1	20210901
005801FF0001005005D300692D37FDD3	华语神作	1	2	20210901
005801FF0001005005D300692D37FE3A	真人秀	1	1	20210901
005801FF0001005005D300692D37FE3A	青春偶像	1	2	20210901
005801FF0001005005D300692D37FE4D	青春偶像	1	1	20210901
005801FF0001005005D300692D37FE69	真人秀	1	1	20210901
005801FF0001005005D300692D37FE69	免费专区	1	2	20210901
005801FF0001005005D300692D37FE69	漫威系列	1	3	20210901
005801FF0001005005D300692D37FE69	动作	1	4	20210901
005801FF0001005005D300692D37FE69	青春偶像	1	5	20210901
005801FF0001005005D300692D37FE6A	影视限免	1	1	20210901
005801FF0001005005D300692D37FE6A	电影	1	2	20210901
005801FF0001005005D300692D37FE6A	推荐	1	3	20210901
005801FF0001005005D300692D37FE6A	综艺	1	4	20210901
005801FF0001005005D300692D37FE6A	电视剧	1	5	20210901
005801FF0001005005D300692D37FE89	免费专区	1	1	20210901
005801FF0001005005D300692D37FE89	爆笑	1	2	20210901
005801FF0001005005D300692D37FE89	剧场/OVA	1	3	20210901
005801FF0001005005D300692D37FE90	古装奇幻	1	1	20210901
005801FF0001005005D300692D37FE90	同步跟播	1	2	20210901
005801FF0001005005D300692D37FE90	家庭伦理	1	3	20210901
005801FF0001005005D300692D37FEB5	军旅抗战	1	1	20210901
005801FF0001005005D300692D37FEC3	推荐	1	1	20210901
005801FF0001005005D300692D37FECC	电视剧	1	1	20210901
005801FF0001005005D300692D37FED7	电影	1	1	20210901
005801FF0001005005D300692D37FED7	电视剧	1	2	20210901
005801FF0001005005D300692D37FEF4	全部纪实	1	1	20210901
005801FF0001005005D300692D37FEF4	热剧限免	1	2	20210901
005801FF0001005005D300692D37FEF4	最新上线	1	3	20210901
005801FF0001005005D300692D37FEF4	大片限免	1	4	20210901
005801FF0001005005D300692D37FEF9	军旅抗战	1	1	20210901
005801FF0001005005D300692D37FEF9	全部电影	1	2	20210901
005801FF0001005005D300692D37FF0F	爆笑	1	1	20210901
005801FF0001005005D300692D37FF0F	热播榜	1	2	20210901
005801FF0001005005D300692D37FF0F	推荐	1	3	20210901
005801FF0001005005D300692D37FF0F	全部电影	1	4	20210901
005801FF0001005005D300692D37FF2E	古装奇幻	1	1	20210901
005801FF0001005005D300692D37FF2E	热剧限免	1	2	20210901
005801FF0001005005D300692D37FF51	动画	1	1	20210901
005801FF0001005005D300692D37FF51	青春偶像	1	2	20210901
005801FF0001005005D300692D37FF51	喜剧	1	3	20210901
005801FF0001005005D300692D37FF51	热剧限免	1	4	20210901
005801FF0001005005D300692D37FF51	真人秀	1	5	20210901
005801FF0001005005D300692D37FF5D	惊悚	1	1	20210901
005801FF0001005005D300692D37FF5D	真人秀	1	2	20210901
005801FF0001005005D300692D37FF5D	电影排行	1	3	20210901
005801FF0001005005D300692D37FF5D	大片限免	1	4	20210901
005801FF0001005005D300692D37FF87	军旅抗战	1	1	20210901
005801FF0001005005D300692D37FF87	热剧限免	1	2	20210901
005801FF0001005005D300692D37FF9D	全部综艺	1	1	20210901
005801FF0001005005D300692D37FFA0	少儿排行	1	1	20210901
005801FF0001005005D300692D37FFBA	家庭伦理	1	1	20210901
005801FF0001005005D300692D37FFBF	热剧排行	1	1	20210901
005801FF0001005005D300692D37FFDA	电影	1	1	20210901
005801FF0001005005D300692D37FFFB	魔幻	1	1	20210901
005801FF0001005005D300692D37FFFB	全部	1	2	20210901
005801FF0001005005D300692D380022	免费专区	1	1	20210901
005801FF0001005005D300692D380022	爆笑	1	2	20210901
005801FF0001005005D300692D380022	动漫影院	1	3	20210901
005801FF0001005005D300692D380061	免费专区	1	1	20210901
005801FF0001005005D300692D380061	青春偶像	1	2	20210901
005801FF0001005005D300692D380061	电影	1	3	20210901
005801FF0001005005D300692D380061	同步跟播	1	4	20210901
005801FF0001005005D300692D380061	推荐	1	5	20210901
005801FF0001005005D300692D38006D	古装奇幻	1	1	20210901
005801FF0001005005D300692D38008F	大片限免	1	1	20210901
005801FF0001005005D300692D380091	热播榜	1	1	20210901
005801FF0001005005D300692D3800FC	军旅抗战	1	1	20210901
005801FF0001005005D300692D380133	军旅抗战	1	1	20210901
005801FF0001005005D300692D38013D	都市爱情	1	1	20210901
005801FF0001005005D300692D38013D	推荐	1	2	20210901
005801FF0001005005D300692D380192	大片限免	1	1	20210901
005801FF0001005005D300692D38019F	悬疑	1	1	20210901
005801FF0001005005D300692D3801CA	军旅抗战	1	1	20210901
005801FF0001005005D300692D3801FC	军旅抗战	1	1	20210901
005801FF0001005005D300692D3801FC	电视剧	1	2	20210901
005801FF0001005005D300692D3801FC	都市爱情	1	3	20210901
005801FF0001005005D300692D380220	音乐现场	1	1	20210901
005801FF0001005005D300692D380220	热播榜	1	2	20210901
005801FF0001005005D300692D380220	热剧排行	1	3	20210901
005801FF0001005005D300692D38023A	大片限免	1	1	20210901
005801FF0001005005D300692D380262	全部	1	1	20210901
005801FF0001005005D300692D38026E	少儿排行	1	1	20210901
005801FF0001005005D300692D380271	热播榜	1	1	20210901
005801FF0001005005D300692D380297	萌系	1	1	20210901
005801FF0001005005D300692D3802FE	悬疑罪案	1	1	20210901
005801FF0001005005D300692D380325	最新上线	1	1	20210901
005801FF0001005005D300692D380345	青春偶像	1	1	20210901
005801FF0001005005D300692D380345	军旅抗战	1	2	20210901
005801FF0001005005D300692D380366	八声甘州	1	1	20210901
005801FF0001005005D300692D3803C0	热播榜	1	1	20210901
005801FF0001005005D300692D3803C0	军旅抗战	1	2	20210901
005801FF0001005005D300692D3803E0	冒险	1	1	20210901
005801FF0001005005D300692D380413	军旅抗战	1	1	20210901
005801FF0001005005D300692D380439	热血	1	1	20210901
005801FF0001005005D300692D380439	军旅抗战	1	2	20210901
005801FF0001005005D300692D380439	都市爱情	1	3	20210901
005801FF0001005005D300692D380442	真人秀	1	1	20210901
005801FF0001005005D300692D380442	综艺排行	1	2	20210901
005801FF0001005005D300692D38045E	推荐	1	1	20210901
005801FF0001005005D300692D38048F	军旅抗战	1	1	20210901
005801FF0001005005D300692D3804B6	热播榜	1	1	20210901
005801FF0001005005D300692D3804B6	最新上线	1	2	20210901
005801FF0001005005D300692D3804B6	大片限免	1	3	20210901
005801FF0001005005D300692D3804B6	全部电影	1	4	20210901
005801FF0001005005D300692D3804BA	真人秀	1	1	20210901
005801FF0001005005D300692D3804D0	军旅抗战	1	1	20210901
005801FF0001005005D300692D3804DB	推荐	1	1	20210901
005801FF0001005005D300692D3804DB	爆笑	1	2	20210901
005801FF0001005005D300692D3804DB	家庭伦理	1	3	20210901
005801FF0001005005D300692D38052A	大片限免	1	1	20210901
005801FF0001005005D300692D38052A	热剧限免	1	2	20210901
005801FF0001005005D300692D380530	推荐	1	1	20210901
005801FF0001005005D300692D38054F	热剧限免	1	1	20210901
005801FF0001005005D300692D38058B	军旅抗战	1	1	20210901
005801FF0001005005D300692D3805B2	青春偶像	1	1	20210901
005801FF0001005005D300692D3805B2	同步跟播	1	2	20210901
005801FF0001005005D300692D3805D0	大片限免	1	1	20210901
005801FF0001005005D300692D3805D0	惊悚	1	2	20210901
005801FF0001005005D300692D380626	热剧限免	1	1	20210901
005801FF0001005005D300692D380633	古装奇幻	1	1	20210901
005801FF0001005005D300692D38063D	古装奇幻	1	1	20210901
005801FF0001005005D300692D380659	动画	1	1	20210901
005801FF0001005005D300692D380659	华语神作	1	2	20210901
005801FF0001005005D300692D38065A	青春偶像	1	1	20210901
005801FF0001005005D300692D3806DE	爆笑	1	1	20210901
005801FF0001005005D300692D380732	全部综艺	1	1	20210901
005801FF0001005005D300692D380732	真人秀	1	2	20210901
005801FF0001005005D300692D380732	全部电影	1	3	20210901
005801FF0001005005D300692D380732	悬疑罪案	1	4	20210901
005801FF0001005005D300692D380732	热播榜	1	5	20210901
005801FF0001005005D300692D380733	悬疑罪案	1	1	20210901
005801FF0001005005D300692D380735	家庭伦理	1	1	20210901
005801FF0001005005D300692D38074F	全部电影	1	1	20210901
005801FF0001005005D300692D38074F	4K电影	1	2	20210901
005801FF0001005005D300692D38074F	推荐	1	3	20210901
005801FF0001005005D300692D38076D	推荐	1	1	20210901
005801FF0001005005D300692D380775	惊悚	1	1	20210901
005801FF0001005005D300692D380775	大片限免	1	2	20210901
005801FF0001005005D300692D380775	全部综艺	1	3	20210901
005801FF0001005005D300692D380775	热剧排行	1	4	20210901
005801FF0001005005D300692D380775	电影	1	5	20210901
005801FF0001005005D300692D3807AD	大片限免	1	1	20210901
005801FF0001005005D300692D3807AE	军旅抗战	1	1	20210901
005801FF0001005005D300692D3807B0	热剧排行	1	1	20210901
005801FF0001005005D300692D3807BE	全部综艺	1	1	20210901
005801FF0001005005D300692D3807BE	推荐	1	2	20210901
005801FF0001005005D300692D3807BE	相声小品	1	3	20210901
005801FF0001005005D300692D3807F4	大片限免	1	1	20210901
005801FF0001005005D300692D3807F9	悬疑	1	1	20210901
005801FF0001005005D300692D3807F9	古装奇幻	1	2	20210901
005801FF0001005005D300692D3807F9	免费专区	1	3	20210901
005801FF0001005005D300692D3807F9	豆瓣高分	1	4	20210901
005801FF0001005005D300692D3807F9	全部电影	1	5	20210901
005801FF0001005005D300692D380806	全部综艺	1	1	20210901
005801FF0001005005D300692D380806	热播榜	1	2	20210901
005801FF0001005005D300692D380806	全部电影	1	3	20210901
005801FF0001005005D300692D380807	全部	1	1	20210901
005801FF0001005005D300692D380811	推荐	1	1	20210901
005801FF0001005005D300692D38085F	军旅抗战	1	1	20210901
005801FF0001005005D300692D38086A	古装奇幻	1	1	20210901
005801FF0001005005D300692D380877	热播榜	1	1	20210901
005801FF0001005005D300692D380877	推荐	1	2	20210901
005801FF0001005005D300692D380889	热剧排行	1	1	20210901
005801FF0001005005D300692D3808DD	真人秀	1	1	20210901
005801FF0001005005D300692D3808E6	军旅抗战	1	1	20210901
005801FF0001005005D300692D38090B	魔幻	1	1	20210901
005801FF0001005005D300692D38090B	机战	1	2	20210901
005801FF0001005005D300692D38090F	推荐	1	1	20210901
005801FF0001005005D300692D38090F	社会	1	2	20210901
005801FF0001005005D300692D38090F	自然	1	3	20210901
005801FF0001005005D300692D38091F	同步跟播	1	1	20210901
005801FF0001005005D300692D38091F	热剧限免	1	2	20210901
005801FF0001005005D300692D380948	大片限免	1	1	20210901
005801FF0001005005D300692D3809A2	热剧限免	1	1	20210901
005801FF0001005005D300692D3809A2	萌系	1	2	20210901
005801FF0001005005D300692D3809A2	古装奇幻	1	3	20210901
005801FF0001005005D300692D3809A2	热播榜	1	4	20210901
005801FF0001005005D300692D3809B0	电视剧	1	1	20210901
005801FF0001005005D300692D3809B3	家庭伦理	1	1	20210901
005801FF0001005005D300692D3809E3	热播榜	1	1	20210901
005801FF0001005005D300692D3809ED	军旅抗战	1	1	20210901
005801FF0001005005D300692D380A0B	综艺	1	1	20210901
005801FF0001005005D300692D380A0C	豆瓣高分	1	1	20210901
005801FF0001005005D300692D380A91	军旅抗战	1	1	20210901
005801FF0001005005D300692D380ABF	喜剧	1	1	20210901
005801FF0001005005D300692D380B0B	军旅抗战	1	1	20210901
005801FF0001005005D300692D380B4F	军旅抗战	1	1	20210901
005801FF0001005005D300692D380B5E	同步跟播	1	1	20210901
005801FF0001005005D300692D380BA3	少儿排行	1	1	20210901
005801FF0001005005D300692D380BA3	免费专区	1	2	20210901
005801FF0001005005D300692D380BB8	热剧限免	1	1	20210901
005801FF0001005005D300692D380BC7	军旅抗战	1	1	20210901
005801FF0001005005D300692D380BC7	悬疑罪案	1	2	20210901
005801FF0001005005D300692D380BC7	大片限免	1	3	20210901
005801FF0001005005D300692D380BDD	古装奇幻	1	1	20210901
005801FF0001005005D300692D380BE8	免费专区	1	1	20210901
005801FF0001005005D300692D380C06	军旅抗战	1	1	20210901
005801FF0001005005D300692D380C20	八声甘州	1	1	20210901
005801FF0001005005D300692D380C51	热剧限免	1	1	20210901
005801FF0001005005D300692D380C5D	推荐	1	1	20210901
005801FF0001005005D300692D380C5D	热播榜	1	2	20210901
005801FF0001005005D300692D380C63	古装奇幻	1	1	20210901
005801FF0001005005D300692D380C68	全部电影	1	1	20210901
005801FF0001005005D300692D380C6F	青春偶像	1	1	20210901
005801FF0001005005D300692D380C6F	军旅抗战	1	2	20210901
005801FF0001005005D300692D380CA1	古装奇幻	1	1	20210901
005801FF0001005005D300692D380CA1	军旅抗战	1	2	20210901
005801FF0001005005D300692D380CA1	惊悚	1	3	20210901
005801FF0001005005D300692D380CAA	热播榜	1	1	20210901
005801FF0001005005D300692D380CE5	侦探解密	1	1	20210901
005801FF0001005005D300692D380D14	军旅抗战	1	1	20210901
005801FF0001005005D300692D380D2F	悬疑罪案	1	1	20210901
005801FF0001005005D300692D380D34	大片限免	1	1	20210901
005801FF0001005005D300692D380D35	军旅抗战	1	1	20210901
005801FF0001005005D300692D380D4F	都市爱情	1	1	20210901
005801FF0001005005D300692D380D6E	军旅抗战	1	1	20210901
005801FF0001005005D300692D380D7C	都市爱情	1	1	20210901
005801FF0001005005D300692D380D7C	热剧限免	1	2	20210901
005801FF0001005005D300692D380DC3	全部综艺	1	1	20210901
005801FF0001005005D300692D380DD5	军旅抗战	1	1	20210901
005801FF0001005005D300692D380DDC	大片限免	1	1	20210901
005801FF0001005005D300692D380E03	家庭伦理	1	1	20210901
005801FF0001005005D300692D380E03	悬疑罪案	1	2	20210901
005801FF0001005005D300692D380E06	热剧排行	1	1	20210901
005801FF0001005005D300692D380E06	电影排行	1	2	20210901
005801FF0001005005D300692D380E0A	军旅抗战	1	1	20210901
005801FF0001005005D300692D380E1D	大片限免	1	1	20210901
005801FF0001005005D300692D380E23	古装奇幻	1	1	20210901
005801FF0001005005D300692D380E27	大片限免	1	1	20210901
005801FF0001005005D300692D380E28	大片限免	1	1	20210901
005801FF0001005005D300692D380E5F	免费专区	1	1	20210901
005801FF0001005005D300692D380E69	最新上线	1	1	20210901
005801FF0001005005D300692D380E9E	免费专区	1	1	20210901
005801FF0001005005D300692D380EB5	都市爱情	1	1	20210901
005801FF0001005005D300692D380EFE	免费专区	1	1	20210901
005801FF0001005005D300692D380F0E	军旅抗战	1	1	20210901
005801FF0001005005D300692D380F29	海外	1	1	20210901
005801FF0001005005D300692D380F29	古装奇幻	1	2	20210901
005801FF0001005005D300692D380F29	剧库	1	3	20210901
005801FF0001005005D300692D380F29	内地	1	4	20210901
005801FF0001005005D300692D380F36	热剧限免	1	1	20210901
005801FF0001005005D300692D380F49	热剧限免	1	1	20210901
005801FF0001005005D300692D380F4E	免费专区	1	1	20210901
005801FF0001005005D300692D380F4E	最新上线	1	2	20210901
005801FF0001005005D300692D380F4E	DC系列	1	3	20210901
005801FF0001005005D300692D380F4E	全部电影	1	4	20210901
005801FF0001005005D300692D380F51	全部综艺	1	1	20210901
005801FF0001005005D300692D380F62	推荐	1	1	20210901
005801FF0001005005D300692D380F62	全部综艺	1	2	20210901
005801FF0001005005D300692D380F67	最新上线	1	1	20210901
005801FF0001005005D300692D380F7C	综艺排行	1	1	20210901
005801FF0001005005D300692D380F87	电影	1	1	20210901
005801FF0001005005D300692D380F8D	喜剧	1	1	20210901
005801FF0001005005D300692D380F8D	推荐	1	2	20210901
005801FF0001005005D300692D380F8D	同步跟播	1	3	20210901
005801FF0001005005D300692D380F8D	大片限免	1	4	20210901
005801FF0001005005D300692D380F8D	电影	1	5	20210901
005801FF0001005005D300692D380F8E	军旅抗战	1	1	20210901
005801FF0001005005D300692D380FA6	家庭伦理	1	1	20210901
005801FF0001005005D300692D380FBB	真人秀	1	1	20210901
005801FF0001005005D300692D380FBC	综艺排行	1	1	20210901
005801FF0001005005D300692D380FD2	军旅抗战	1	1	20210901
005801FF0001005005D300692D380FD2	古装奇幻	1	2	20210901
005801FF0001005005D300692D380FD2	最新上线	1	3	20210901
005801FF0001005005D300692D380FD2	全部电影	1	4	20210901
005801FF0001005005D300692D380FD2	豆瓣高分	1	5	20210901
005801FF0001005005D300692D380FD8	军旅抗战	1	1	20210901
005801FF0001005005D300692D380FEC	古装奇幻	1	1	20210901
005801FF0001005005D300692D380FEC	同步跟播	1	2	20210901
005801FF0001005005D300692D381003	全部电影	1	1	20210901
005801FF0001005005D300692D381006	家庭伦理	1	1	20210901
005801FF0001005005D300692D381034	古装奇幻	1	1	20210901
005801FF0001005005D300692D381035	军旅抗战	1	1	20210901
005801FF0001005005D300692D381047	全部	1	1	20210901
005801FF0001005005D300692D381047	大片限免	1	2	20210901
005801FF0001005005D300692D381047	免费专区	1	3	20210901
005801FF0001005005D300692D381054	热剧排行	1	1	20210901
005801FF0001005005D300692D381054	同步跟播	1	2	20210901
005801FF0001005005D300692D381059	影视限免	1	1	20210901
005801FF0001005005D300692D38105E	大片限免	1	1	20210901
005801FF0001005005D300692D381092	推荐	1	1	20210901
005801FF0001005005D300692D381092	机战	1	2	20210901
005801FF0001005005D300692D3810AB	豆瓣高分	1	1	20210901
005801FF0001005005D300692D3810B7	热剧限免	1	1	20210901
005801FF0001005005D300692D3810E3	古装奇幻	1	1	20210901
005801FF0001005005D300692D3810E3	全部	1	2	20210901
005801FF0001005005D300692D3810E4	萌系	1	1	20210901
005801FF0001005005D300692D3810F6	科幻	1	1	20210901
005801FF0001005005D300692D381116	家庭伦理	1	1	20210901
005801FF0001005005D300692D381122	大片限免	1	1	20210901
005801FF0001005005D300692D381122	最新上线	1	2	20210901
005801FF0001005005D300692D381129	推荐	1	1	20210901
005801FF0001005005D300692D381129	最新上线	1	2	20210901
005801FF0001005005D300692D381130	全部电影	1	1	20210901
005801FF0001005005D300692D38113F	推荐	1	1	20210901
005801FF0001005005D300692D381161	动画	1	1	20210901
005801FF0001005005D300692D38117A	军旅抗战	1	1	20210901
005801FF0001005005D300692D3811BF	真人秀	1	1	20210901
005801FF0001005005D300692D3811BF	大片限免	1	2	20210901
005801FF0001005005D300692D3811CE	都市爱情	1	1	20210901
005801FF0001005005D300692D381202	免费专区	1	1	20210901
005801FF0001005005D300692D381207	热播榜	1	1	20210901
005801FF0001005005D300692D38120B	军旅抗战	1	1	20210901
005801FF0001005005D300692D38120B	悬疑罪案	1	2	20210901
005801FF0001005005D300692D381248	免费专区	1	1	20210901
005801FF0001005005D300692D381248	大片限免	1	2	20210901
005801FF0001005005D300692D381248	热剧限免	1	3	20210901
005801FF0001005005D300692D38125E	都市爱情	1	1	20210901
005801FF0001005005D300692D38126F	军旅抗战	1	1	20210901
005801FF0001005005D300692D3812AB	爱情	1	1	20210901
005801FF0001005005D300692D3812AB	推荐	1	2	20210901
005801FF0001005005D300692D3812B4	古装奇幻	1	1	20210901
005801FF0001005005D300692D3812B4	同步跟播	1	2	20210901
005801FF0001005005D300692D3812C3	少儿排行	1	1	20210901
005801FF0001005005D300692D3812C3	全部电影	1	2	20210901
005801FF0001005005D300692D3812CE	军旅抗战	1	1	20210901
005801FF0001005005D300692D38133A	推荐	1	1	20210901
005801FF0001005005D300692D38133A	免费专区	1	2	20210901
005801FF0001005005D300692D38133A	全部	1	3	20210901
005801FF0001005005D300692D381376	古装奇幻	1	1	20210901
005801FF0001005005D300692D381376	免费专区	1	2	20210901
005801FF0001005005D300692D381379	军旅抗战	1	1	20210901
005801FF0001005005D300692D3813A9	全部电影	1	1	20210901
005801FF0001005005D300692D3813EB	家庭伦理	1	1	20210901
005801FF0001005005D300692D38141D	剧库	1	1	20210901
005801FF0001005005D300692D381424	免费专区	1	1	20210901
005801FF0001005005D300692D381426	免费专区	1	1	20210901
005801FF0001005005D300692D381432	全部电影	1	1	20210901
005801FF0001005005D300692D381443	推荐	1	1	20210901
005801FF0001005005D300692D38144C	古装奇幻	1	1	20210901
005801FF0001005005D300692D381479	古装奇幻	1	1	20210901
005801FF0001005005D300692D381492	爆笑	1	1	20210901
005801FF0001005005D300692D381492	免费专区	1	2	20210901
005801FF0001005005D300692D3814A5	免费专区	1	1	20210901
005801FF0001005005D300692D3814CC	热播榜	1	1	20210901
005801FF0001005005D300692D3814CC	推荐	1	2	20210901
005801FF0001005005D300692D3814DD	电影	1	1	20210901
005801FF0001005005D300692D3814F1	免费专区	1	1	20210901
005801FF0001005005D300692D381509	综艺排行	1	1	20210901
005801FF0001005005D300692D381511	八声甘州	1	1	20210901
005801FF0001005005D300692D38151C	魔幻	1	1	20210901
005801FF0001005005D300692D381535	全部电影	1	1	20210901
005801FF0001005005D300692D381535	最新上线	1	2	20210901
005801FF0001005005D300692D381545	影视限免	1	1	20210901
005801FF0001005005D300692D381555	免费专区	1	1	20210901
005801FF0001005005D300692D381561	免费专区	1	1	20210901
005801FF0001005005D300692D381580	古装奇幻	1	1	20210901
005801FF0001005005D300692D381580	动画	1	2	20210901
005801FF0001005005D300692D38158B	免费专区	1	1	20210901
005801FF0001005005D300692D38158D	免费专区	1	1	20210901
005801FF0001005005D300692D38158D	综艺排行	1	2	20210901
005801FF0001005005D300692D381591	热播榜	1	1	20210901
005801FF0001005005D300692D381599	大片限免	1	1	20210901
005801FF0001005005D300692D3815A0	推荐	1	1	20210901
005801FF0001005005D300692D3815A0	全部	1	2	20210901
005801FF0001005005D300692D3815A0	电影	1	3	20210901
005801FF0001005005D300692D3815CC	动漫影院	1	1	20210901
005801FF0001005005D300692D3815D0	推荐	1	1	20210901
005801FF0001005005D300692D3815D0	热播榜	1	2	20210901
005801FF0001005005D300692D3815D6	爆笑	1	1	20210901
005801FF0001005005D300692D3815D6	热播榜	1	2	20210901
005801FF0001005005D300692D38160D	军旅抗战	1	1	20210901
005801FF0001005005D300692D381611	萌系	1	1	20210901
005801FF0001005005D300692D381611	免费专区	1	2	20210901
005801FF0001005005D300692D381645	热剧排行	1	1	20210901
005801FF0001005005D300692D38165B	青春偶像	1	1	20210901
005801FF0001005005D300692D38168D	剧情	1	1	20210901
005801FF0001005005D300692D38168D	冒险	1	2	20210901
005801FF0001005005D300692D3816CC	军旅抗战	1	1	20210901
005801FF0001005005D300692D3816DD	古装奇幻	1	1	20210901
005801FF0001005005D300692D3816FE	古装奇幻	1	1	20210901
005801FF0001005005D300692D381731	古装奇幻	1	1	20210901
005801FF0001005005D300692D38175A	悬疑罪案	1	1	20210901
005801FF0001005005D300692D381786	古装奇幻	1	1	20210901
005801FF0001005005D300692D38179C	古装奇幻	1	1	20210901
005801FF0001005005D300692D38179C	免费专区	1	2	20210901
005801FF0001005005D300692D38179C	全部	1	3	20210901
005801FF0001005005D300692D38179C	校园	1	4	20210901
005801FF0001005005D300692D3817D4	电影	1	1	20210901
005801FF0001005005D300692D3817D4	影视限免	1	2	20210901
005801FF0001005005D300692D38181A	免费专区	1	1	20210901
005801FF0001005005D300692D381855	动画	1	1	20210901
005801FF0001005005D300692D381855	大片限免	1	2	20210901
005801FF0001005005D300692D38187D	八声甘州	1	1	20210901
005801FF0001005005D300692D38188C	热播榜	1	1	20210901
005801FF0001005005D300692D38188C	推荐	1	2	20210901
005801FF0001005005D300692D38188C	华语神作	1	3	20210901
005801FF0001005005D300692D3818D7	军旅抗战	1	1	20210901
005801FF0001005005D300692D3818EE	免费专区	1	1	20210901
005801FF0001005005D300692D3818EE	悬疑	1	2	20210901
005801FF0001005005D300692D381904	全部综艺	1	1	20210901
005801FF0001005005D300692D381904	推荐	1	2	20210901
005801FF0001005005D300692D381904	影视限免	1	3	20210901
005801FF0001005005D300692D381991	免费专区	1	1	20210901
005801FF0001005005D300692D381996	全部	1	1	20210901
005801FF0001005005D300692D381996	全部综艺	1	2	20210901
005801FF0001005005D300692D381996	热播榜	1	3	20210901
005801FF0001005005D300692D381996	动画	1	4	20210901
005801FF0001005005D300692D38199A	军旅抗战	1	1	20210901
005801FF0001005005D300692D3819FE	同步跟播	1	1	20210901
005801FF0001005005D300692D381A13	青春偶像	1	1	20210901
005801FF0001005005D300692D381A29	古装奇幻	1	1	20210901
005801FF0001005005D300692D381A4D	古装奇幻	1	1	20210901
005801FF0001005005D300692D381A4D	动画	1	2	20210901
005801FF0001005005D300692D381A4D	全部电影	1	3	20210901
005801FF0001005005D300692D381A65	军旅抗战	1	1	20210901
005801FF0001005005D300692D381A6D	古装奇幻	1	1	20210901
005801FF0001005005D300692D381A7A	古装奇幻	1	1	20210901
005801FF0001005005D300692D381A7A	剧情喜剧	1	2	20210901
005801FF0001005005D300692D381AAB	爆笑	1	1	20210901
005801FF0001005005D300692D381AAB	免费专区	1	2	20210901
005801FF0001005005D300692D381ABA	推荐	1	1	20210901
005801FF0001005005D300692D381ABA	热播榜	1	2	20210901
005801FF0001005005D300692D381AD5	励志	1	1	20210901
005801FF0001005005D300692D381AD5	热剧排行	1	2	20210901
005801FF0001005005D300692D381B12	同步跟播	1	1	20210901
005801FF0001005005D300692D381B21	真人秀	1	1	20210901
005801FF0001005005D300692D381B2E	热播榜	1	1	20210901
005801FF0001005005D300692D381B2E	全部综艺	1	2	20210901
005801FF0001005005D300692D381B2E	同步跟播	1	3	20210901
005801FF0001005005D300692D381B57	同步跟播	1	1	20210901
005801FF0001005005D300692D381B6A	魔幻	1	1	20210901
005801FF0001005005D300692D381B6A	古装奇幻	1	2	20210901
005801FF0001005005D300692D381B6A	热剧限免	1	3	20210901
005801FF0001005005D300692D381B6A	免费专区	1	4	20210901
005801FF0001005005D300692D381B7E	大片限免	1	1	20210901
005801FF0001005005D300692D381B85	免费专区	1	1	20210901
005801FF0001005005D300692D381BC9	都市爱情	1	1	20210901
005801FF0001005005D300692D381BEA	热血	1	1	20210901
005801FF0001005005D300692D381BEA	全部	1	2	20210901
005801FF0001005005D300692D381BFB	免费专区	1	1	20210901
005801FF0001005005D300692D381C15	免费专区	1	1	20210901
005801FF0001005005D300692D381C15	古装奇幻	1	2	20210901
005801FF0001005005D300692D381C15	影视限免	1	3	20210901
005801FF0001005005D300692D381C1C	热剧限免	1	1	20210901
005801FF0001005005D300692D381C59	电影	1	1	20210901
005801FF0001005005D300692D381C62	全部	1	1	20210901
005801FF0001005005D300692D381C9A	动漫影院	1	1	20210901
005801FF0001005005D300692D381CB3	推荐	1	1	20210901
005801FF0001005005D300692D381CC4	励志	1	1	20210901
005801FF0001005005D300692D381CC4	惊悚	1	2	20210901
005801FF0001005005D300692D381CD9	热剧限免	1	1	20210901
005801FF0001005005D300692D381CF4	青春偶像	1	1	20210901
005801FF0001005005D300692D381CF4	家庭伦理	1	2	20210901
005801FF0001005005D300692D381D25	免费专区	1	1	20210901
005801FF0001005005D300692D381D31	电视剧	1	1	20210901
005801FF0001005005D300692D381D38	电影排行	1	1	20210901
005801FF0001005005D300692D381D42	音乐现场	1	1	20210901
005801FF0001005005D300692D381D42	推荐	1	2	20210901
005801FF0001005005D300692D381D4F	少儿排行	1	1	20210901
005801FF0001005005D300692D381D5A	家庭伦理	1	1	20210901
005801FF0001005005D300692D381D6C	热播榜	1	1	20210901
005801FF0001005005D300692D381D6C	全部电影	1	2	20210901
005801FF0001005005D300692D381D6C	军旅抗战	1	3	20210901
005801FF0001005005D300692D381D6C	推荐	1	4	20210901
005801FF0001005005D300692D381D6C	全部纪实	1	5	20210901
005801FF0001005005D300692D381D76	军旅抗战	1	1	20210901
005801FF0001005005D300692D381D9B	大片限免	1	1	20210901
005801FF0001005005D300692D381DC0	推荐	1	1	20210901
005801FF0001005005D300692D381DE6	全部	1	1	20210901
005801FF0001005005D300692D381DE6	热血	1	2	20210901
005801FF0001005005D300692D381DFC	全部	1	1	20210901
005801FF0001005005D300692D381DFC	爆笑	1	2	20210901
005801FF0001005005D300692D381DFC	萌系	1	3	20210901
005801FF0001005005D300692D381DFC	悬疑	1	4	20210901
005801FF0001005005D300692D381DFC	冒险	1	5	20210901
005801FF0001005005D300692D381E00	华语神作	1	1	20210901
005801FF0001005005D300692D381E0E	科幻	1	1	20210901
005801FF0001005005D300692D381E0E	魔幻	1	2	20210901
005801FF0001005005D300692D381E5A	全部	1	1	20210901
005801FF0001005005D300692D381E5A	军旅抗战	1	2	20210901
005801FF0001005005D300692D381E5A	冒险	1	3	20210901
005801FF0001005005D300692D381E77	免费专区	1	1	20210901
005801FF0001005005D300692D381E7A	热剧限免	1	1	20210901
005801FF0001005005D300692D381E7A	热播榜	1	2	20210901
005801FF0001005005D300692D381E7A	推荐	1	3	20210901
005801FF0001005005D300692D381E7D	家庭伦理	1	1	20210901
005801FF0001005005D300692D381E82	全部	1	1	20210901
005801FF0001005005D300692D381E8B	悬疑罪案	1	1	20210901
005801FF0001005005D300692D381EB3	热剧限免	1	1	20210901
005801FF0001005005D300692D381EC5	影视限免	1	1	20210901
005801FF0001005005D300692D381EC9	热剧限免	1	1	20210901
005801FF0001005005D300692D381ED3	军旅抗战	1	1	20210901
005801FF0001005005D300692D381EDA	古装奇幻	1	1	20210901
005801FF0001005005D300692D381EF4	免费专区	1	1	20210901
005801FF0001005005D300692D381F17	军旅抗战	1	1	20210901
005801FF0001005005D300692D381F17	悬疑罪案	1	2	20210901
005801FF0001005005D300692D381F41	全部电影	1	1	20210901
005801FF0001005005D300692D381F41	最新上线	1	2	20210901
005801FF0001005005D300692D381F41	推荐	1	3	20210901
005801FF0001005005D300692D381F44	免费专区	1	1	20210901
005801FF0001005005D300692D381F44	电视剧	1	2	20210901
005801FF0001005005D300692D381F44	热剧限免	1	3	20210901
005801FF0001005005D300692D381F44	电影	1	4	20210901
005801FF0001005005D300692D381F44	动漫影院	1	5	20210901
005801FF0001005005D300692D381F67	电视剧	1	1	20210901
005801FF0001005005D300692D381F6A	剧情	1	1	20210901
005801FF0001005005D300692D381F8E	古装奇幻	1	1	20210901
005801FF0001005005D300692D381FAD	热播榜	1	1	20210901
005801FF0001005005D300692D381FB4	综艺排行	1	1	20210901
005801FF0001005005D300692D381FD5	同步跟播	1	1	20210901
005801FF0001005005D300692D381FDB	军旅抗战	1	1	20210901
005801FF0001005005D300692D381FF5	军旅抗战	1	1	20210901
005801FF0001005005D300692D381FF8	热剧限免	1	1	20210901
005801FF0001005005D300692D382022	悬疑	1	1	20210901
005801FF0001005005D300692D382028	侦探解密	1	1	20210901
005801FF0001005005D300692D38202E	家庭伦理	1	1	20210901
005801FF0001005006D400692D3D9C52	同步跟播	1	1	20210901
005801FF0001005006D400692D3D9C7D	冒险	1	1	20210901
005801FF0001005006D400692D3D9C7D	电影	1	2	20210901
005801FF0001005006D400692D3D9C7D	免费专区	1	3	20210901
005801FF0001005006D400692D3D9C96	推荐	1	1	20210901
005801FF0001005006D400692D3D9C96	军旅抗战	1	2	20210901
005801FF0001005006D400692D3D9CAA	真人秀	1	1	20210901
005801FF0001005006D400692D3D9CAA	热播榜	1	2	20210901
005801FF0001005006D400692D3D9D24	免费专区	1	1	20210901
