htv_serv_basic.deviceid	htv_serv_basic.is_boot	htv_serv_basic.is_play	htv_serv_basic.play_duration	htv_serv_basic.play_num	htv_serv_basic.is_live	htv_serv_basic.live_play_num	htv_serv_basic.live_play_duration	htv_serv_basic.is_demand	htv_serv_basic.demand_play_num	htv_serv_basic.demand_play_duration	htv_serv_basic.is_replay	htv_serv_basic.replay_play_num	htv_serv_basic.replay_play_duration	htv_serv_basic.date_time
005801FF0001005006D400692D3D9F73	1	1	0.2	126	1	126	0.2	0	0	0.0	0	0	0.0	20210901
005801FF0001005006D400692D3DBEC9	1	1	1.0	4	1	4	1.0	0	0	0.0	0	0	0.0	20210901
005801FF00010050F6E52C43BE5CA6DB	0	0	0.0	0	0	0	0.0	0	0	0.0	0	0	0.0	20210901
005801FF00010050F6E52C43BE5CB629	1	1	0.1	8	1	8	0.1	0	0	0.0	0	0	0.0	20210901
005801FF00010050F6E52C43BE5CBF31	1	1	0.0	8	1	6	0.0	1	2	0.0	0	0	0.0	20210901
005801FF0001007005B860D21C304ABF	1	1	5.2	7	0	0	0.0	1	7	5.2	0	0	0.0	20210901
005801FF0001007005B860D21C305B7D	1	1	2.4	28	1	14	0.3	1	14	2.2	0	0	0.0	20210901
005801FF0001007005B860D21C305BD2	1	1	2.0	9	1	6	0.8	0	0	0.0	1	3	1.1	20210901
005801FF0001007005B860D21C308D7B	1	1	0.2	5	0	0	0.0	1	5	0.2	0	0	0.0	20210901
005801FF0001007005B860D21C309000	1	1	0.0	3	1	3	0.0	0	0	0.0	0	0	0.0	20210901
005801FF0001007005B860D21C30BAE4	1	1	0.0	1	1	1	0.0	0	0	0.0	0	0	0.0	20210901
005801FF0001007005B860D21C30BFA5	1	1	0.4	20	1	20	0.4	0	0	0.0	0	0	0.0	20210901
005801FF0001007005B860D21C30CA93	1	0	0.0	0	0	0	0.0	0	0	0.0	0	0	0.0	20210901
005801FF0001007005BA60D21C5CEE35	1	1	0.0	3	1	3	0.0	0	0	0.0	0	0	0.0	20210901
005801FF0001007005BA60D21C62731C	1	0	0.0	0	0	0	0.0	0	0	0.0	0	0	0.0	20210901
005801FF0001007005BA60D21C628E39	1	0	0.0	0	0	0	0.0	0	0	0.0	0	0	0.0	20210901
005801FF0001007005BA60D21C62B54B	1	1	0.8	49	1	49	0.8	0	0	0.0	0	0	0.0	20210901
005801FF0001007005BB60D21C697EC1	0	0	0.0	0	0	0	0.0	0	0	0.0	0	0	0.0	20210901
005801FF0001007005C360D21CA7D18B	1	1	0.0	1	1	1	0.0	0	0	0.0	0	0	0.0	20210901
005801FF0001007005C360D21CA82324	1	1	0.1	31	1	31	0.1	0	0	0.0	0	0	0.0	20210901
005801FF0001007005C360D21CA8644F	0	0	0.0	0	0	0	0.0	0	0	0.0	0	0	0.0	20210901
005801FF0001007005C360D21CA8AE97	1	0	0.0	0	0	0	0.0	0	0	0.0	0	0	0.0	20210901
005801FF0001007005C360D21CA8B56B	1	0	0.0	0	0	0	0.0	0	0	0.0	0	0	0.0	20210901
005801FF0001007006B960D21C4A0776	1	1	0.8	5	1	5	0.8	0	0	0.0	0	0	0.0	20210901
005801FF0001007006B960D21C4A4F01	1	1	0.5	90	1	90	0.5	0	0	0.0	0	0	0.0	20210901
005801FF0001007006BA60D21C650847	1	1	1.0	4	0	0	0.0	1	4	1.0	0	0	0.0	20210901
005801FF0001007006C360D21CAA75A8	0	0	0.0	0	0	0	0.0	0	0	0.0	0	0	0.0	20210901
005801FF0001061005B454C57AB1BB1A	1	1	0.0	1	1	1	0.0	0	0	0.0	0	0	0.0	20210901
005801FF0001090001C360D21CACCB51	1	1	5.9	26	0	0	0.0	0	0	0.0	1	26	5.9	20210901
005801FF0001090001C360D21CACDF39	1	1	0.0	1	1	1	0.0	0	0	0.0	0	0	0.0	20210901
005801FF0001090001C360D21CACFBEF	0	0	0.0	0	0	0	0.0	0	0	0.0	0	0	0.0	20210901
005801FF0001101001EC08A5C8160D5F	1	0	0.0	0	0	0	0.0	0	0	0.0	0	0	0.0	20210901
005801FF0001101001EC08A5C81677CD	1	0	0.0	0	0	0	0.0	0	0	0.0	0	0	0.0	20210901
005801FF0001101001EC08A5C81678BC	0	0	0.0	0	0	0	0.0	0	0	0.0	0	0	0.0	20210901
005801FF0001181001A208A5C8EA0379	1	1	0.2	36	1	36	0.2	0	0	0.0	0	0	0.0	20210901
005801FF0001181001A208A5C8EA045D	1	1	1.0	32	1	32	1.0	0	0	0.0	0	0	0.0	20210901
005801FF0001181001A208A5C8EA6213	1	1	0.4	14	1	14	0.4	0	0	0.0	0	0	0.0	20210901
005801FF0001181001A460313B39368E	1	1	0.5	1	1	1	0.5	0	0	0.0	0	0	0.0	20210901
005801FF0001181001A460313B396AEA	1	0	0.0	0	0	0	0.0	0	0	0.0	0	0	0.0	20210901
005801FF0001181001A460313B398ED2	0	0	0.0	0	0	0	0.0	0	0	0.0	0	0	0.0	20210901
005801FF0001181001A460313B39E72E	0	0	0.0	0	0	0	0.0	0	0	0.0	0	0	0.0	20210901
005801FF0001181001A460313B3A8570	1	1	2.0	3	0	0	0.0	0	0	0.0	1	3	2.0	20210901
005801FF0001181001A460313B3ADD7C	1	1	0.0	2	1	2	0.0	0	0	0.0	0	0	0.0	20210901
005801FF0001181001A460313B3B6AFC	1	1	0.0	1	1	1	0.0	0	0	0.0	0	0	0.0	20210901
005801FF0001181001A960313BBB0A19	1	1	0.1	6	1	5	0.1	1	1	0.0	0	0	0.0	20210901
005801FF0001181001AC54C57A201C33	1	1	1.3	37	1	37	1.3	0	0	0.0	0	0	0.0	20210901
005801FF0001181001AC54C57A201D29	1	0	0.0	0	0	0	0.0	0	0	0.0	0	0	0.0	20210901
005801FF0001181001AC54C57A20C709	1	0	0.0	0	0	0	0.0	0	0	0.0	0	0	0.0	20210901
005801FF0001181001FB08A5C8B1D3D2	1	0	0.0	0	0	0	0.0	0	0	0.0	0	0	0.0	20210901
005801FF0001181001FB08A5C8B21CD0	1	1	2.2	3	0	0	0.0	1	3	2.2	0	0	0.0	20210901
005801FF0001181003A460313B340D39	1	1	0.0	1	1	1	0.0	0	0	0.0	0	0	0.0	20210901
005801FF0001181003A460313B359A1F	1	1	0.0	1	1	1	0.0	0	0	0.0	0	0	0.0	20210901
005801FF0001181003A460313B35BE5B	1	0	0.0	0	0	0	0.0	0	0	0.0	0	0	0.0	20210901
005801FF0001181003A460313B35E91D	0	0	0.0	0	0	0	0.0	0	0	0.0	0	0	0.0	20210901
005801FF0001181003A460313B35F107	0	0	0.0	0	0	0	0.0	0	0	0.0	0	0	0.0	20210901
0058030000036020000188795B4A85BD	1	1	3.2	57	1	57	3.2	0	0	0.0	0	0	0.0	20210901
00580300001968000119C8F6C8B87987	1	1	3.5	201	1	201	3.5	0	0	0.0	0	0	0.0	20210901
00580300001968000219D4580046952D	1	1	0.9	91	1	90	0.9	1	1	0.0	0	0	0.0	20210901
005803000019680003215CA4A4370697	1	1	1.0	1	1	1	1.0	0	0	0.0	0	0	0.0	20210901
00580300001968001218A419089BAB8A	1	1	0.0	2	1	2	0.0	0	0	0.0	0	0	0.0	20210901
005803FF00010040190158B42DCC5BCE	1	1	0.7	26	1	26	0.7	0	0	0.0	0	0	0.0	20210901
005803FF00010040190158B42DCC5C5F	1	1	0.5	4	1	4	0.5	0	0	0.0	0	0	0.0	20210901
005803FF00010040190158B42DCC76DC	0	0	0.0	0	0	0	0.0	0	0	0.0	0	0	0.0	20210901
005803FF00010040190158B42DCD1CDF	1	1	1.0	51	1	51	1.0	0	0	0.0	0	0	0.0	20210901
005803FF00010040190158B42DCD1E39	1	0	0.0	0	0	0	0.0	0	0	0.0	0	0	0.0	20210901
005803FF00010040190158B42DCD261E	1	1	0.0	4	1	3	0.0	1	1	0.0	0	0	0.0	20210901
005803FF00010040190158B42DCDDE6F	0	0	0.0	0	0	0	0.0	0	0	0.0	0	0	0.0	20210901
005803FF00010040190158B42DCE202A	1	1	1.0	21	1	21	1.0	0	0	0.0	0	0	0.0	20210901
005803FF0003230000043C0CDBA5F91C	0	0	0.0	0	0	0	0.0	0	0	0.0	0	0	0.0	20210901
005803FF000323000012F09CD7352B1E	0	0	0.0	0	0	0	0.0	0	0	0.0	0	0	0.0	20210901
005803FF000323000012F09CD7352E8D	0	0	0.0	0	0	0	0.0	0	0	0.0	0	0	0.0	20210901
005803FF000323000013F09CD74846CC	0	0	0.0	0	0	0	0.0	0	0	0.0	0	0	0.0	20210901
005803FF000323100003A8BD3A92E2A1	1	1	0.1	5	0	0	0.0	1	5	0.1	0	0	0.0	20210901
005803FF000323100003A8BD3A930B58	1	1	0.1	5	1	5	0.1	0	0	0.0	0	0	0.0	20210901
005803FF000323100003A8BD3A930D05	1	0	0.0	0	0	0	0.0	0	0	0.0	0	0	0.0	20210901
005803FF000323100006A8BD3A9FA2D3	0	0	0.0	0	0	0	0.0	0	0	0.0	0	0	0.0	20210901
005803FF0003231000093C0CDB2608CF	1	1	0.4	5	1	5	0.4	0	0	0.0	0	0	0.0	20210901
005803FF0003231000153C0CDB616EAF	1	1	0.0	2	1	2	0.0	0	0	0.0	0	0	0.0	20210901
005803FF0003231000163C0CDB6F07C1	0	0	0.0	0	0	0	0.0	0	0	0.0	0	0	0.0	20210901
005803FF0003231000183C0CDB80D289	1	0	0.0	0	0	0	0.0	0	0	0.0	0	0	0.0	20210901
005803FF0003231000183C0CDB80D9F2	1	1	1.3	7	1	7	1.3	0	0	0.0	0	0	0.0	20210901
005803FF0003231000183C0CDB80F29D	1	1	2.1	3	0	0	0.0	1	3	2.1	0	0	0.0	20210901
005803FF0003231000213C0CDBAC16EF	1	1	0.0	2	1	2	0.0	0	0	0.0	0	0	0.0	20210901
005803FF0003231000213C0CDBAC1717	1	1	0.7	2	0	0	0.0	1	2	0.7	0	0	0.0	20210901
005803FF0003231000223C0CDBB241E4	1	0	0.0	0	0	0	0.0	0	0	0.0	0	0	0.0	20210901
005803FF0003231000233C0CDBB2DB32	0	0	0.0	0	0	0	0.0	0	0	0.0	0	0	0.0	20210901
005803FF0003922000018CBA25B52032	1	1	0.3	27	1	27	0.3	0	0	0.0	0	0	0.0	20210901
005803FF0015893000008421F148B5E0	1	0	0.0	0	0	0	0.0	0	0	0.0	0	0	0.0	20210901
005803FF0015893000008421F174778E	1	0	0.0	0	0	0	0.0	0	0	0.0	0	0	0.0	20210901
005803FF0015893000008421F191C82E	1	0	0.0	0	0	0	0.0	0	0	0.0	0	0	0.0	20210901
005803FF00158930163650016B3DB554	1	0	0.0	0	0	0	0.0	0	0	0.0	0	0	0.0	20210901
005803FF00158930163650016B3DC8F6	1	1	4.4	11	1	2	0.0	0	0	0.0	1	9	4.3	20210901
005803FF0015893017038421F1221048	1	1	1.9	18	1	18	1.9	0	0	0.0	0	0	0.0	20210901
005803FF0015893017038421F1221746	1	0	0.0	0	0	0	0.0	0	0	0.0	0	0	0.0	20210901
005803FF0015893017038421F122181E	0	0	0.0	0	0	0	0.0	0	0	0.0	0	0	0.0	20210901
005803FF0015893017098421F161091E	1	1	1.0	46	1	46	1.0	0	0	0.0	0	0	0.0	20210901
005803FF0015893017098421F1611542	0	0	0.0	0	0	0	0.0	0	0	0.0	0	0	0.0	20210901
005803FF0015893017098421F16117CE	1	1	0.0	23	1	23	0.0	0	0	0.0	0	0	0.0	20210901
005803FF0015893017118421F175CB0A	1	1	0.7	51	1	50	0.6	0	0	0.0	1	1	0.1	20210901
005803FF0015893017118421F175D424	1	1	0.5	35	1	35	0.5	0	0	0.0	0	0	0.0	20210901
005803FF00159100000018CF2466A320	1	1	2.0	25	1	25	2.0	0	0	0.0	0	0	0.0	20210901
005803FF00159100000018CF2466A96E	1	1	1.9	15	1	15	1.9	0	0	0.0	0	0	0.0	20210901
005803FF001591001848CCBBFE2C88DD	1	0	0.0	0	0	0	0.0	0	0	0.0	0	0	0.0	20210901
005803FF0015910018517CC385DA4713	0	0	0.0	0	0	0	0.0	0	0	0.0	0	0	0.0	20210901
005803FF001824600003A8BD3A5D6612	1	1	1.7	10	0	0	0.0	1	10	1.7	0	0	0.0	20210901
005803FF001824600003A8BD3A5D8F97	0	0	0.0	0	0	0	0.0	0	0	0.0	0	0	0.0	20210901
005803FF001824600004A8BD3A705C7F	1	1	0.0	1	1	1	0.0	0	0	0.0	0	0	0.0	20210901
005803FF001824600006A8BD3A755027	1	0	0.0	0	0	0	0.0	0	0	0.0	0	0	0.0	20210901
005803FF001824600006A8BD3A755FF0	1	1	0.0	12	1	12	0.0	0	0	0.0	0	0	0.0	20210901
005803FF001824600007A8BD3A766E73	1	0	0.0	0	0	0	0.0	0	0	0.0	0	0	0.0	20210901
005803FF001824600007A8BD3A76766D	1	1	1.0	41	1	41	1.0	0	0	0.0	0	0	0.0	20210901
005803FF001824600007A8BD3A76857A	1	1	0.0	1	1	1	0.0	0	0	0.0	0	0	0.0	20210901
005803FF0018246000123C0CDB438D02	0	0	0.0	0	0	0	0.0	0	0	0.0	0	0	0.0	20210901
005803FF0018246000123C0CDB43AD6A	0	0	0.0	0	0	0	0.0	0	0	0.0	0	0	0.0	20210901
005803FF001827800001748F1B17AC42	0	0	0.0	0	0	0	0.0	0	0	0.0	0	0	0.0	20210901
005803FF001827800002748F1B1A3720	1	0	0.0	0	0	0	0.0	0	0	0.0	0	0	0.0	20210901
005803FF001827800003748F1B1C1ADC	1	1	0.0	1	0	0	0.0	1	1	0.0	0	0	0.0	20210901
005803FF00182790000164E0AB108F16	1	1	1.4	68	1	64	0.5	0	0	0.0	1	4	1.0	20210901
005803FF00182850000164E0AB7A1EFF	1	1	2.3	21	1	17	0.3	1	4	1.9	0	0	0.0	20210901
005803FF00182850000164E0AB7A28DC	1	1	0.2	23	1	23	0.2	0	0	0.0	0	0	0.0	20210901
005803FF00182850000164E0AB7A43A1	1	1	0.4	3	1	2	0.4	0	0	0.0	1	1	0.0	20210901
005803FF00182850000164E0AB7A5189	1	1	0.4	2	1	2	0.4	0	0	0.0	0	0	0.0	20210901
005803FF00182850000264E0AB8B43F0	0	0	0.0	0	0	0	0.0	0	0	0.0	0	0	0.0	20210901
005803FF00182850000264E0AB8B48A6	1	1	2.5	95	1	95	2.5	0	0	0.0	0	0	0.0	20210901
005803FF00182850000264E0AB8B4DFC	1	1	0.1	10	1	10	0.1	0	0	0.0	0	0	0.0	20210901
005803FF00182850000264E0AB8B4ED8	1	1	0.2	24	1	24	0.2	0	0	0.0	0	0	0.0	20210901
005803FF00182850000264E0AB8B512D	1	0	0.0	0	0	0	0.0	0	0	0.0	0	0	0.0	20210901
005803FF00182850000264E0AB8B5BE4	1	1	0.2	10	1	4	0.1	1	2	0.2	1	4	0.0	20210901
005803FF00182850000264E0AB8B5E94	1	1	0.0	1	1	1	0.0	0	0	0.0	0	0	0.0	20210901
005803FF00182850000264E0AB8B690B	1	1	1.9	50	1	44	0.4	1	6	1.5	0	0	0.0	20210901
005803FF00182850000264E0AB8B6FA8	1	1	0.4	27	1	27	0.4	0	0	0.0	0	0	0.0	20210901
005803FF00182850000264E0AB8B786F	1	1	1.0	9	1	9	1.0	0	0	0.0	0	0	0.0	20210901
005803FF00182850000264E0AB8B7FC5	1	1	2.3	28	1	26	0.6	1	2	1.6	0	0	0.0	20210901
005803FF00182850000264E0AB8B81A5	1	1	0.4	5	1	4	0.4	0	0	0.0	1	1	0.0	20210901
005803FF00182850000264E0AB8B8698	1	1	0.3	8	1	7	0.3	1	1	0.0	0	0	0.0	20210901
005803FF00182850000264E0AB8B88B0	1	1	1.4	12	1	12	1.4	0	0	0.0	0	0	0.0	20210901
005803FF00182850000364E0AB8DAAC0	0	0	0.0	0	0	0	0.0	0	0	0.0	0	0	0.0	20210901
005803FF00182850000364E0AB8DACBE	1	1	0.8	47	1	47	0.8	0	0	0.0	0	0	0.0	20210901
005803FF00182850000364E0AB8DAF7A	1	1	0.4	6	0	0	0.0	1	6	0.4	0	0	0.0	20210901
005803FF00182850000364E0AB8DB0C4	1	1	0.6	1	0	0	0.0	1	1	0.6	0	0	0.0	20210901
005803FF00182850000364E0AB8DB0F7	1	1	0.6	2	0	0	0.0	1	2	0.6	0	0	0.0	20210901
005803FF00182850000364E0AB8DCECB	1	1	0.1	7	1	7	0.1	0	0	0.0	0	0	0.0	20210901
005803FF00182850000364E0AB8DD88B	1	1	1.0	8	0	0	0.0	1	8	1.0	0	0	0.0	20210901
005803FF00182850000364E0AB8DDB2F	1	1	0.2	2	1	2	0.2	0	0	0.0	0	0	0.0	20210901
005803FF00182850000464E0AB94CF24	1	1	1.8	46	1	46	1.8	0	0	0.0	0	0	0.0	20210901
005803FF00182850000464E0AB94E1AF	1	1	0.9	181	1	181	0.9	0	0	0.0	0	0	0.0	20210901
005803FF00182920000164E0ABC3A001	1	0	0.0	0	0	0	0.0	0	0	0.0	0	0	0.0	20210901
005803FF00182920000164E0ABC3A086	1	1	1.4	46	1	46	1.4	0	0	0.0	0	0	0.0	20210901
005803FF00182920000164E0ABC3C082	1	1	2.2	103	1	103	2.2	0	0	0.0	0	0	0.0	20210901
005803FF00182920000164E0ABC3C784	1	1	2.1	9	1	4	0.5	1	5	1.6	0	0	0.0	20210901
005803FF00182920000164E0ABC3C7E7	1	1	0.1	6	1	4	0.1	1	2	0.0	0	0	0.0	20210901
005803FF00182920000264E0ABCF5B9C	1	1	1.1	173	1	172	1.1	1	1	0.0	0	0	0.0	20210901
005803FF00182920000264E0ABCF5F0B	1	1	0.0	8	1	8	0.0	0	0	0.0	0	0	0.0	20210901
005803FF00182920000264E0ABCF5FE4	0	0	0.0	0	0	0	0.0	0	0	0.0	0	0	0.0	20210901
005803FF00182920000264E0ABCF66C0	1	0	0.0	0	0	0	0.0	0	0	0.0	0	0	0.0	20210901
005803FF00182920000264E0ABCF6741	0	0	0.0	0	0	0	0.0	0	0	0.0	0	0	0.0	20210901
005803FF00182920000264E0ABCF6C40	1	1	0.4	39	1	39	0.4	0	0	0.0	0	0	0.0	20210901
005803FF00182920000264E0ABCF7550	1	1	0.2	95	1	95	0.2	0	0	0.0	0	0	0.0	20210901
005803FF00182920000264E0ABCF89E5	1	1	0.0	1	1	1	0.0	0	0	0.0	0	0	0.0	20210901
005803FF00182920000264E0ABCF8FED	1	1	0.1	1	0	0	0.0	1	1	0.1	0	0	0.0	20210901
005803FF00189750000164E0AB44D7C9	1	1	1.6	13	1	10	1.5	0	0	0.0	1	3	0.0	20210901
005803FF00189750000264E0AB46FD40	1	1	2.2	40	1	38	2.1	1	2	0.0	0	0	0.0	20210901
005803FF00189750000264E0AB470155	1	1	0.0	23	1	23	0.0	0	0	0.0	0	0	0.0	20210901
005803FF00189750000264E0AB471574	1	1	4.1	217	1	216	4.1	0	0	0.0	1	1	0.0	20210901
005803FF00189750000264E0AB4739F2	1	1	3.5	101	1	94	3.4	1	6	0.1	1	1	0.0	20210901
005803FF00189750000364E0AB483F51	1	1	0.0	16	1	16	0.0	0	0	0.0	0	0	0.0	20210901
005803FF00189750000364E0AB4868DF	1	1	1.5	30	1	30	1.5	0	0	0.0	0	0	0.0	20210901
005803FF00189750000364E0AB4880D6	1	1	1.2	49	1	49	1.2	0	0	0.0	0	0	0.0	20210901
005803FF00189750000464E0AB6C8FD2	1	0	0.0	0	0	0	0.0	0	0	0.0	0	0	0.0	20210901
005803FF001897900002F4D9C6FD7A74	1	1	4.1	14	1	13	4.1	1	1	0.0	0	0	0.0	20210901
005803FF00189790000364E0AB02E8DD	1	1	1.1	27	1	27	1.1	0	0	0.0	0	0	0.0	20210901
005803FF00189790000464E0AB1BA5D1	1	1	0.6	5	1	5	0.6	0	0	0.0	0	0	0.0	20210901
005803FF00189790000464E0AB1BAB78	1	1	2.0	5	1	3	2.0	1	2	0.0	0	0	0.0	20210901
005803FF00189790000664E0AB1F253A	1	1	1.1	31	1	31	1.1	0	0	0.0	0	0	0.0	20210901
005803FF00189850000164E0AB8C5522	1	1	1.9	69	1	69	1.9	0	0	0.0	0	0	0.0	20210901
005803FF00189850000164E0AB8C666B	0	0	0.0	0	0	0	0.0	0	0	0.0	0	0	0.0	20210901
005803FF00189850000164E0AB8C6E33	1	1	0.0	1	1	1	0.0	0	0	0.0	0	0	0.0	20210901
005803FF00189850000164E0AB8C6ECE	1	1	0.3	33	1	33	0.3	0	0	0.0	0	0	0.0	20210901
005803FF00189850000164E0AB8C71E5	1	1	0.7	18	1	17	0.7	0	0	0.0	1	1	0.0	20210901
005803FF00189850000164E0AB8C7672	1	1	1.1	46	1	46	1.1	0	0	0.0	0	0	0.0	20210901
005803FF00189850000164E0AB8C7783	1	1	1.8	211	1	206	1.7	1	5	0.0	0	0	0.0	20210901
005803FF00189850000164E0AB8C8330	1	1	0.1	14	1	14	0.1	0	0	0.0	0	0	0.0	20210901
005803FF00189850000164E0AB8C97D6	1	1	1.0	1	1	1	1.0	0	0	0.0	0	0	0.0	20210901
005803FF00189920000164E0ABD4FA97	1	0	0.0	0	0	0	0.0	0	0	0.0	0	0	0.0	20210901
005803FF00189920000164E0ABD4FC62	1	1	5.8	96	1	88	0.4	1	8	5.3	0	0	0.0	20210901
005803FF00189920000164E0ABD4FCBE	1	1	0.2	9	1	9	0.2	0	0	0.0	0	0	0.0	20210901
005803FF00189920000164E0ABD4FDB3	1	1	1.2	4	1	4	1.2	0	0	0.0	0	0	0.0	20210901
005803FF00189920000164E0ABD50753	1	1	1.2	2	0	0	0.0	1	2	1.2	0	0	0.0	20210901
005803FF00189920000164E0ABD50E1A	1	1	0.5	25	1	25	0.5	0	0	0.0	0	0	0.0	20210901
005803FF00189920000164E0ABD513E6	1	1	1.0	26	1	26	1.0	0	0	0.0	0	0	0.0	20210901
005803FF00189920000164E0ABD52A14	1	1	2.9	41	1	41	2.9	0	0	0.0	0	0	0.0	20210901
005803FF00189920000264E0ABD93F55	1	1	0.1	8	1	8	0.1	0	0	0.0	0	0	0.0	20210901
005803FF00189920000364E0ABDE02E9	1	1	1.0	2	1	2	1.0	0	0	0.0	0	0	0.0	20210901
005803FF00189920000364E0ABDE030B	1	1	7.5	515	1	515	7.5	0	0	0.0	0	0	0.0	20210901
005803FF00189920000364E0ABDE0317	1	1	1.2	33	1	33	1.2	0	0	0.0	0	0	0.0	20210901
005803FF00189920000364E0ABDE0F78	1	1	0.3	20	1	20	0.3	0	0	0.0	0	0	0.0	20210901
005803FF00189920000364E0ABDE0F9C	0	0	0.0	0	0	0	0.0	0	0	0.0	0	0	0.0	20210901
005803FF00189920000364E0ABDE1133	1	1	1.8	146	1	145	1.8	0	0	0.0	1	1	0.0	20210901
005803FF00189920000364E0ABDE121E	1	1	0.1	6	1	6	0.1	0	0	0.0	0	0	0.0	20210901
005803FF00189920000364E0ABDE12C2	0	0	0.0	0	0	0	0.0	0	0	0.0	0	0	0.0	20210901
005803FF00189920000364E0ABDE130F	1	1	4.5	104	1	104	4.5	0	0	0.0	0	0	0.0	20210901
005803FF00189920000364E0ABDE1345	1	1	2.1	4	1	3	0.0	1	1	2.0	0	0	0.0	20210901
115803FF004735100000049573BA79BC	1	1	1.5	14	1	1	0.0	1	13	1.5	0	0	0.0	20210901
125803FF004735100000049573D9328C	1	1	0.0	1	1	1	0.0	0	0	0.0	0	0	0.0	20210901
1B5803FF004735900000E8ACADE33013	0	0	0.0	0	0	0	0.0	0	0	0.0	0	0	0.0	20210901
355803FF004735900000D4C1C89EA1BD	1	0	0.0	0	0	0	0.0	0	0	0.0	0	0	0.0	20210901
3A5803FF004735900000D4C1C8A29319	1	1	1.1	70	1	70	1.1	0	0	0.0	0	0	0.0	20210901
485803FF004735900000E8ACADEE8E66	1	1	2.0	4	1	4	2.0	0	0	0.0	0	0	0.0	20210901
4B5803FF004735900000E8ACADEF28A4	1	1	1.0	1	1	1	1.0	0	0	0.0	0	0	0.0	20210901
565803FF004735900000E8ACAD9E72CB	0	0	0.0	0	0	0	0.0	0	0	0.0	0	0	0.0	20210901
5C5803FF004735900000E8ACAD934974	0	0	0.0	0	0	0	0.0	0	0	0.0	0	0	0.0	20210901
635803FF004735900000D4C1C8AB4A03	1	0	0.0	0	0	0	0.0	0	0	0.0	0	0	0.0	20210901
695803FF004735100000049573B93238	1	1	0.3	4	0	0	0.0	1	4	0.3	0	0	0.0	20210901
725803FF004735900000D4C1C8A31B66	1	1	0.1	4	1	4	0.1	0	0	0.0	0	0	0.0	20210901
845803FF004735900000E8ACAD94C0DD	1	0	0.0	0	0	0	0.0	0	0	0.0	0	0	0.0	20210901
9A5803FF004735900000D4C1C8A359BE	1	0	0.0	0	0	0	0.0	0	0	0.0	0	0	0.0	20210901
BE5803FF004735900000E8ACAD969CCF	1	0	0.0	0	0	0	0.0	0	0	0.0	0	0	0.0	20210901
C35803FF004735900000E8ACAD9537DB	1	0	0.0	0	0	0	0.0	0	0	0.0	0	0	0.0	20210901
EB5803FF004735900000E8ACAD92A5E5	1	0	0.0	0	0	0	0.0	0	0	0.0	0	0	0.0	20210901
F55803FF004735900000E8ACAD93D8C3	0	0	0.0	0	0	0	0.0	0	0	0.0	0	0	0.0	20210901
FF5803FF004735900000E8ACADD67D85	1	1	0.2	25	1	25	0.2	0	0	0.0	0	0	0.0	20210901
FF5803FF004735900000E8ACADD6A8E7	1	1	0.1	8	1	7	0.1	1	1	0.0	0	0	0.0	20210901
005801FF0001005006D400692D3D9D86	1	0	0.0	0	0	0	0.0	0	0	0.0	0	0	0.0	20210901
005801FF0001005006D400692D3D9EEA	1	1	1.0	3	1	3	1.0	0	0	0.0	0	0	0.0	20210901
005801FF00010050F6E52C43BE5CA6E0	1	1	1.0	33	1	33	1.0	0	0	0.0	0	0	0.0	20210901
005801FF00010050F6E52C43BE5CB08C	1	1	5.0	225	1	225	5.0	0	0	0.0	0	0	0.0	20210901
005801FF00010050F6E52C43BE5CBA48	1	1	2.1	16	0	0	0.0	1	16	2.1	0	0	0.0	20210901
005801FF00010050F6E52C43BE5CBDBB	1	1	0.0	12	1	11	0.0	1	1	0.0	0	0	0.0	20210901
005801FF00010050F6E52C43BE5CC1E3	1	1	0.0	2	1	2	0.0	0	0	0.0	0	0	0.0	20210901
005801FF00010050F6E52C43BE5CC2E1	1	1	1.1	7	1	7	1.1	0	0	0.0	0	0	0.0	20210901
005801FF00010050F6E52C43BE5CC338	1	1	1.5	2	0	0	0.0	1	2	1.5	0	0	0.0	20210901
005801FF00010050F6E52C43BE5CCA40	1	1	1.0	1	1	1	1.0	0	0	0.0	0	0	0.0	20210901
005801FF00010050F6E52C43BE5CCD2A	1	1	0.0	6	1	6	0.0	0	0	0.0	0	0	0.0	20210901
005801FF0001007001B960D21C444059	0	0	0.0	0	0	0	0.0	0	0	0.0	0	0	0.0	20210901
005801FF0001007005B860D21C310390	0	0	0.0	0	0	0	0.0	0	0	0.0	0	0	0.0	20210901
005801FF0001007005BA60D21C5CD48B	1	0	0.0	0	0	0	0.0	0	0	0.0	0	0	0.0	20210901
005801FF0001007005BA60D21C5CD7AE	1	1	0.1	3	1	3	0.1	0	0	0.0	0	0	0.0	20210901
005801FF0001007005BA60D21C626CEE	1	1	0.0	1	1	1	0.0	0	0	0.0	0	0	0.0	20210901
005801FF0001007005BA60D21C62B635	1	0	0.0	0	0	0	0.0	0	0	0.0	0	0	0.0	20210901
005801FF0001007005C360D21CA7FAE2	0	0	0.0	0	0	0	0.0	0	0	0.0	0	0	0.0	20210901
005801FF0001007005C360D21CA83F91	1	1	0.8	3	1	3	0.8	0	0	0.0	0	0	0.0	20210901
005801FF0001007005C360D21CA864C9	1	1	1.9	33	1	33	1.9	0	0	0.0	0	0	0.0	20210901
005801FF0001007005C360D21CA8AA39	0	0	0.0	0	0	0	0.0	0	0	0.0	0	0	0.0	20210901
005801FF0001007006B960D21C49CEDA	1	0	0.0	0	0	0	0.0	0	0	0.0	0	0	0.0	20210901
005801FF0001007006B960D21C4A3412	1	1	1.2	9	1	6	0.9	1	3	0.3	0	0	0.0	20210901
005801FF0001007006B960D21C4A37AD	0	0	0.0	0	0	0	0.0	0	0	0.0	0	0	0.0	20210901
005801FF0001007006B960D21C4A5421	0	0	0.0	0	0	0	0.0	0	0	0.0	0	0	0.0	20210901
005801FF0001007006B960D21C4A5AD5	0	0	0.0	0	0	0	0.0	0	0	0.0	0	0	0.0	20210901
005801FF0001007006BA60D21C5FD8EA	1	1	0.4	66	1	66	0.4	0	0	0.0	0	0	0.0	20210901
005801FF0001007006BA60D21C611DFF	1	1	0.6	14	1	14	0.6	0	0	0.0	0	0	0.0	20210901
005801FF0001007006BA60D21C61340C	1	1	0.5	60	1	60	0.5	0	0	0.0	0	0	0.0	20210901
005801FF0001007006BA60D21C64FD6F	1	0	0.0	0	0	0	0.0	0	0	0.0	0	0	0.0	20210901
005801FF0001007006BA60D21C652B8F	0	0	0.0	0	0	0	0.0	0	0	0.0	0	0	0.0	20210901
005801FF0001007006BA60D21C653119	1	1	0.9	16	1	16	0.9	0	0	0.0	0	0	0.0	20210901
005801FF0001007006C360D21CAA8D2D	0	0	0.0	0	0	0	0.0	0	0	0.0	0	0	0.0	20210901
005801FF0001061005B454C57AB2155A	0	0	0.0	0	0	0	0.0	0	0	0.0	0	0	0.0	20210901
005801FF0001061005B454C57AB2577D	0	0	0.0	0	0	0	0.0	0	0	0.0	0	0	0.0	20210901
005801FF0001061005B454C57AB287C2	0	0	0.0	0	0	0	0.0	0	0	0.0	0	0	0.0	20210901
005801FF0001090001C360D21CACC25E	0	0	0.0	0	0	0	0.0	0	0	0.0	0	0	0.0	20210901
005801FF0001090001C360D21CACCB0C	0	0	0.0	0	0	0	0.0	0	0	0.0	0	0	0.0	20210901
005801FF0001090001C360D21CACD07B	1	0	0.0	0	0	0	0.0	0	0	0.0	0	0	0.0	20210901
005801FF0001090001C360D21CACE01A	1	1	0.3	18	1	18	0.3	0	0	0.0	0	0	0.0	20210901
005801FF0001090001C360D21CACF9D5	1	1	0.8	83	1	83	0.8	0	0	0.0	0	0	0.0	20210901
005801FF0001090005C360D21CAD88E9	0	0	0.0	0	0	0	0.0	0	0	0.0	0	0	0.0	20210901
005801FF0001181001A208A5C8EA34AD	1	1	0.9	2	0	0	0.0	1	2	0.9	0	0	0.0	20210901
005801FF0001181001A208A5C8EA3A15	0	0	0.0	0	0	0	0.0	0	0	0.0	0	0	0.0	20210901
005801FF0001181001A208A5C8EA4C5D	1	1	0.0	1	1	1	0.0	0	0	0.0	0	0	0.0	20210901
005801FF0001181001A308A5C8F4DDA1	1	0	0.0	0	0	0	0.0	0	0	0.0	0	0	0.0	20210901
005801FF0001181001A960313BBB70B3	1	1	1.8	1	0	0	0.0	1	1	1.8	0	0	0.0	20210901
005801FF0001181001AC54C57A1FF2B3	1	0	0.0	0	0	0	0.0	0	0	0.0	0	0	0.0	20210901
005801FF0001181001AC54C57A203985	1	1	3.3	76	1	76	3.3	0	0	0.0	0	0	0.0	20210901
005801FF0001181001AC54C57A2040C9	0	0	0.0	0	0	0	0.0	0	0	0.0	0	0	0.0	20210901
005801FF0001181001AC54C57A207F45	1	1	0.0	2	1	2	0.0	0	0	0.0	0	0	0.0	20210901
005801FF0001181001F608A5C84267F8	0	0	0.0	0	0	0	0.0	0	0	0.0	0	0	0.0	20210901
005801FF0001181001FB08A5C8B296DE	1	1	1.0	32	1	32	1.0	0	0	0.0	0	0	0.0	20210901
005801FF0001181001FB08A5C8B2A054	1	1	0.0	4	1	4	0.0	0	0	0.0	0	0	0.0	20210901
005801FF0001181001FB08A5C8B2D660	1	0	0.0	0	0	0	0.0	0	0	0.0	0	0	0.0	20210901
005801FF0001181003A460313B32FEEB	1	0	0.0	0	0	0	0.0	0	0	0.0	0	0	0.0	20210901
005801FF0001181003A460313B336D01	1	0	0.0	0	0	0	0.0	0	0	0.0	0	0	0.0	20210901
005801FF0001181003A460313B339855	1	1	2.3	11	1	1	0.0	1	10	2.3	0	0	0.0	20210901
005801FF0001181003A460313B34FDEB	1	1	1.0	40	1	40	1.0	0	0	0.0	0	0	0.0	20210901
005801FF0001181003A460313B353135	1	0	0.0	0	0	0	0.0	0	0	0.0	0	0	0.0	20210901
005801FF0001181003A460313B354B63	1	1	2.3	43	1	43	2.3	0	0	0.0	0	0	0.0	20210901
005801FF0001181003A460313B3580F3	1	0	0.0	0	0	0	0.0	0	0	0.0	0	0	0.0	20210901
005801FF0001181003A460313B359AE1	1	1	2.2	50	1	50	2.2	0	0	0.0	0	0	0.0	20210901
005801FF0001181003A460313B35DFDF	1	1	0.6	23	1	23	0.6	0	0	0.0	0	0	0.0	20210901
005801FF003182A003EB08A5C810B814	1	1	0.1	3	1	3	0.1	0	0	0.0	0	0	0.0	20210901
005801FF003182A003EB08A5C810EF2A	1	0	0.0	0	0	0	0.0	0	0	0.0	0	0	0.0	20210901
005801FF003182B001F408A5C82BF451	1	0	0.0	0	0	0	0.0	0	0	0.0	0	0	0.0	20210901
005801FF003182B001F408A5C82D0B3B	0	0	0.0	0	0	0	0.0	0	0	0.0	0	0	0.0	20210901
0058030000036020000188795B4A827A	1	1	0.2	11	1	10	0.2	1	1	0.0	0	0	0.0	20210901
0058030000036020000188795B4A91DE	1	1	0.0	7	1	6	0.0	1	1	0.0	0	0	0.0	20210901
00580300001968000119C8F6C8B8A279	1	1	0.0	10	1	10	0.0	0	0	0.0	0	0	0.0	20210901
00580300001968000219D4580046CBAE	1	1	0.8	7	0	0	0.0	1	7	0.8	0	0	0.0	20210901
00580300001968000219D45800479BF8	1	0	0.0	0	0	0	0.0	0	0	0.0	0	0	0.0	20210901
005803000019680003215CA4A4370549	0	0	0.0	0	0	0	0.0	0	0	0.0	0	0	0.0	20210901
005803000019680003215CA4A4370794	0	0	0.0	0	0	0	0.0	0	0	0.0	0	0	0.0	20210901
005803FF00010040190158B42DCC147F	1	1	0.1	2	0	0	0.0	1	2	0.1	0	0	0.0	20210901
005803FF00010040190158B42DCC359C	1	1	0.1	1	1	1	0.1	0	0	0.0	0	0	0.0	20210901
005803FF00010040190158B42DCC8947	0	0	0.0	0	0	0	0.0	0	0	0.0	0	0	0.0	20210901
005803FF00010040190158B42DCCBBCE	0	0	0.0	0	0	0	0.0	0	0	0.0	0	0	0.0	20210901
005803FF00010040190158B42DCD1D29	1	1	0.9	18	1	18	0.9	0	0	0.0	0	0	0.0	20210901
005803FF00010040190158B42DCD2AAC	0	0	0.0	0	0	0	0.0	0	0	0.0	0	0	0.0	20210901
005803FF00010040190158B42DCD39A6	1	0	0.0	0	0	0	0.0	0	0	0.0	0	0	0.0	20210901
005803FF00010040190158B42DCD3CB1	0	0	0.0	0	0	0	0.0	0	0	0.0	0	0	0.0	20210901
005803FF00010040190158B42DCDD315	1	0	0.0	0	0	0	0.0	0	0	0.0	0	0	0.0	20210901
005803FF000228800003F4D9C637E076	1	1	1.7	5	0	0	0.0	1	5	1.7	0	0	0.0	20210901
005803FF0002288000058CBA25A923AF	1	1	1.0	4	0	0	0.0	1	4	1.0	0	0	0.0	20210901
005803FF0003230000063C0CDBB6159C	0	0	0.0	0	0	0	0.0	0	0	0.0	0	0	0.0	20210901
005803FF000323000009F09CD71A3D92	0	0	0.0	0	0	0	0.0	0	0	0.0	0	0	0.0	20210901
005803FF000323000013F09CD74828C9	0	0	0.0	0	0	0	0.0	0	0	0.0	0	0	0.0	20210901
005803FF000323100005A8BD3A9BEBDC	1	1	0.0	4	1	4	0.0	0	0	0.0	0	0	0.0	20210901
005803FF000323100007A8BD3AF681F6	1	1	0.1	3	0	0	0.0	1	3	0.1	0	0	0.0	20210901
005803FF0003231000153C0CDB6142FD	1	0	0.0	0	0	0	0.0	0	0	0.0	0	0	0.0	20210901
005803FF0003231000153C0CDB614352	1	1	0.0	4	1	4	0.0	0	0	0.0	0	0	0.0	20210901
005803FF0003231000153C0CDB616386	1	1	0.4	41	1	41	0.4	0	0	0.0	0	0	0.0	20210901
005803FF0003231000153C0CDB616F2A	1	1	0.2	1	0	0	0.0	1	1	0.2	0	0	0.0	20210901
005803FF0003231000183C0CDB80D6CE	1	0	0.0	0	0	0	0.0	0	0	0.0	0	0	0.0	20210901
005803FF0003231000193C0CDB9E7A21	1	0	0.0	0	0	0	0.0	0	0	0.0	0	0	0.0	20210901
005803FF0003231000223C0CDBB22786	1	1	0.1	26	1	26	0.1	0	0	0.0	0	0	0.0	20210901
005803FF0003231000223C0CDBB23D3F	1	1	1.0	1	1	1	1.0	0	0	0.0	0	0	0.0	20210901
005803FF0003231000223C0CDBB2414C	1	1	0.6	60	1	60	0.6	0	0	0.0	0	0	0.0	20210901
005803FF0003231000223C0CDBB242D3	1	1	1.3	16	1	16	1.3	0	0	0.0	0	0	0.0	20210901
005803FF0003231000233C0CDBB2CC27	0	0	0.0	0	0	0	0.0	0	0	0.0	0	0	0.0	20210901
005803FF00036020000188795B4AFA81	0	0	0.0	0	0	0	0.0	0	0	0.0	0	0	0.0	20210901
005803FF000392200002F4D9C6F2DFB5	1	1	1.0	6	0	0	0.0	1	6	1.0	0	0	0.0	20210901
005803FF0015893000008421F148AC6E	1	1	1.5	16	1	16	1.5	0	0	0.0	0	0	0.0	20210901
005803FF0015893000008421F1AC29B4	1	0	0.0	0	0	0	0.0	0	0	0.0	0	0	0.0	20210901
005803FF0015893000008421F1AC3C30	1	0	0.0	0	0	0	0.0	0	0	0.0	0	0	0.0	20210901
005803FF0015893000008421F1AC944A	1	0	0.0	0	0	0	0.0	0	0	0.0	0	0	0.0	20210901
005803FF0015893000008421F1B707EE	1	0	0.0	0	0	0	0.0	0	0	0.0	0	0	0.0	20210901
005803FF00158930163650016B3DAC74	1	0	0.0	0	0	0	0.0	0	0	0.0	0	0	0.0	20210901
005803FF00158930163650016B3DAF34	0	0	0.0	0	0	0	0.0	0	0	0.0	0	0	0.0	20210901
005803FF00158930163650016B3DB9A2	1	1	0.1	10	1	10	0.1	0	0	0.0	0	0	0.0	20210901
005803FF00158930163650016B3DC73A	1	0	0.0	0	0	0	0.0	0	0	0.0	0	0	0.0	20210901
005803FF00158930164550016B8DDB80	1	1	2.0	8	1	5	0.1	1	1	0.1	1	2	1.8	20210901
005803FF0015893017038421F1221932	1	0	0.0	0	0	0	0.0	0	0	0.0	0	0	0.0	20210901
005803FF0015893017098421F16108DE	1	1	0.8	18	1	18	0.8	0	0	0.0	0	0	0.0	20210901
005803FF0015910000007CC385DB105C	1	1	0.0	1	1	1	0.0	0	0	0.0	0	0	0.0	20210901
005803FF0015910000007CC385DC3A3D	1	1	1.7	52	1	52	1.7	0	0	0.0	0	0	0.0	20210901
005803FF001591001848CCBBFE2CA70A	1	0	0.0	0	0	0	0.0	0	0	0.0	0	0	0.0	20210901
005803FF001824600002A8BD3A5A9C11	0	0	0.0	0	0	0	0.0	0	0	0.0	0	0	0.0	20210901
005803FF001824600003A8BD3A5D6672	0	0	0.0	0	0	0	0.0	0	0	0.0	0	0	0.0	20210901
005803FF001824600004A8BD3A70548B	1	1	3.0	4	0	0	0.0	1	4	3.0	0	0	0.0	20210901
005803FF001824600004A8BD3A706F73	0	0	0.0	0	0	0	0.0	0	0	0.0	0	0	0.0	20210901
005803FF001824600006A8BD3A755EF1	1	0	0.0	0	0	0	0.0	0	0	0.0	0	0	0.0	20210901
005803FF001824600006A8BD3A756232	0	0	0.0	0	0	0	0.0	0	0	0.0	0	0	0.0	20210901
005803FF001824600006A8BD3A756396	1	1	1.6	9	0	0	0.0	1	9	1.6	0	0	0.0	20210901
005803FF001824600007A8BD3A765444	1	0	0.0	0	0	0	0.0	0	0	0.0	0	0	0.0	20210901
005803FF001824600007A8BD3A767379	1	0	0.0	0	0	0	0.0	0	0	0.0	0	0	0.0	20210901
005803FF001824600007A8BD3A76806D	1	1	0.5	54	1	52	0.5	0	0	0.0	1	2	0.0	20210901
005803FF001827800001748F1B17BADF	1	0	0.0	0	0	0	0.0	0	0	0.0	0	0	0.0	20210901
005803FF001827800001748F1B17C0CA	1	0	0.0	0	0	0	0.0	0	0	0.0	0	0	0.0	20210901
005803FF001827800001748F1B17C1AF	1	1	2.1	31	1	21	0.4	1	10	1.8	0	0	0.0	20210901
005803FF001827800002748F1B1A247A	0	0	0.0	0	0	0	0.0	0	0	0.0	0	0	0.0	20210901
005803FF001827800002748F1B1A295A	1	1	1.2	11	1	3	0.0	1	8	1.2	0	0	0.0	20210901
005803FF001827800003748F1B1BE2C8	1	0	0.0	0	0	0	0.0	0	0	0.0	0	0	0.0	20210901
005803FF001827800003748F1B1BE4A8	1	1	0.3	2	0	0	0.0	0	0	0.0	1	2	0.3	20210901
005803FF001827800003748F1B1C0E22	0	0	0.0	0	0	0	0.0	0	0	0.0	0	0	0.0	20210901
005803FF00182790000164E0AB108A80	1	0	0.0	0	0	0	0.0	0	0	0.0	0	0	0.0	20210901
005803FF00182850000164E0AB7A1F72	1	1	1.0	18	1	3	0.1	1	15	0.9	0	0	0.0	20210901
005803FF00182850000164E0AB7A38FC	1	1	0.0	1	1	1	0.0	0	0	0.0	0	0	0.0	20210901
005803FF00182850000164E0AB7A3FAF	1	0	0.0	0	0	0	0.0	0	0	0.0	0	0	0.0	20210901
005803FF00182850000164E0AB7A50BA	1	1	0.4	23	1	23	0.4	0	0	0.0	0	0	0.0	20210901
005803FF00182850000164E0AB7A5602	1	1	0.7	2	1	2	0.7	0	0	0.0	0	0	0.0	20210901
005803FF00182850000164E0AB7A6817	1	1	2.1	103	1	103	2.1	0	0	0.0	0	0	0.0	20210901
005803FF00182850000264E0AB8B5E01	1	1	1.4	86	1	86	1.4	0	0	0.0	0	0	0.0	20210901
005803FF00182850000264E0AB8B69A3	0	0	0.0	0	0	0	0.0	0	0	0.0	0	0	0.0	20210901
005803FF00182850000264E0AB8B6C78	1	1	1.3	13	1	13	1.3	0	0	0.0	0	0	0.0	20210901
005803FF00182850000264E0AB8B71D9	1	1	4.4	94	0	0	0.0	1	94	4.4	0	0	0.0	20210901
005803FF00182850000264E0AB8B7982	1	1	0.1	11	1	10	0.0	1	1	0.1	0	0	0.0	20210901
005803FF00182850000264E0AB8B7F24	1	0	0.0	0	0	0	0.0	0	0	0.0	0	0	0.0	20210901
005803FF00182850000264E0AB8B7F83	1	1	6.2	16	1	7	0.0	1	9	6.2	0	0	0.0	20210901
005803FF00182850000264E0AB8B845A	1	1	0.0	2	1	1	0.0	1	1	0.0	0	0	0.0	20210901
005803FF00182850000264E0AB8B8612	1	1	3.2	5	1	4	1.2	1	1	2.0	0	0	0.0	20210901
005803FF00182850000264E0AB8B87B0	1	1	0.0	2	1	2	0.0	0	0	0.0	0	0	0.0	20210901
005803FF00182850000364E0AB8DCE8F	1	1	0.7	3	1	3	0.7	0	0	0.0	0	0	0.0	20210901
005803FF00182850000364E0AB8DD06A	0	0	0.0	0	0	0	0.0	0	0	0.0	0	0	0.0	20210901
005803FF00182850000364E0AB8DD127	1	0	0.0	0	0	0	0.0	0	0	0.0	0	0	0.0	20210901
005803FF00182850000464E0AB94B2A5	1	1	0.5	46	1	1	0.0	1	45	0.5	0	0	0.0	20210901
005803FF00182850000464E0AB94CC58	1	1	0.0	1	1	1	0.0	0	0	0.0	0	0	0.0	20210901
005803FF00182850000464E0AB94D97E	1	1	4.2	13	0	0	0.0	1	13	4.2	0	0	0.0	20210901
005803FF00182850000464E0AB94DFB2	1	1	0.1	2	1	2	0.1	0	0	0.0	0	0	0.0	20210901
005803FF00182850000464E0AB94E565	1	1	0.0	2	1	2	0.0	0	0	0.0	0	0	0.0	20210901
005803FF00182920000164E0ABC38EF5	1	1	0.4	4	1	3	0.0	1	1	0.4	0	0	0.0	20210901
005803FF00182920000164E0ABC39779	1	1	0.2	119	1	119	0.2	0	0	0.0	0	0	0.0	20210901
005803FF00182920000164E0ABC39E94	1	1	0.0	1	1	1	0.0	0	0	0.0	0	0	0.0	20210901
005803FF00182920000164E0ABC39FEC	1	1	0.0	17	1	17	0.0	0	0	0.0	0	0	0.0	20210901
005803FF00182920000164E0ABC3A000	0	0	0.0	0	0	0	0.0	0	0	0.0	0	0	0.0	20210901
005803FF00182920000164E0ABC3A019	1	1	0.1	6	1	6	0.1	0	0	0.0	0	0	0.0	20210901
005803FF00182920000164E0ABC3A082	1	1	0.6	7	1	7	0.6	0	0	0.0	0	0	0.0	20210901
005803FF00182920000164E0ABC3A9EB	1	1	1.3	48	1	46	0.8	1	2	0.6	0	0	0.0	20210901
005803FF00182920000164E0ABC3AEC9	1	1	1.0	15	1	7	0.7	1	8	0.3	0	0	0.0	20210901
005803FF00182920000164E0ABC3C090	1	1	0.8	11	1	10	0.8	0	0	0.0	0	0	0.0	20210901
005803FF00182920000164E0ABC3C616	1	1	0.2	9	1	8	0.1	1	1	0.2	0	0	0.0	20210901
005803FF00182920000164E0ABC3C7F0	1	1	0.4	32	1	32	0.4	0	0	0.0	0	0	0.0	20210901
005803FF00182920000264E0ABCF5DD7	1	1	1.9	47	1	46	1.7	1	1	0.2	0	0	0.0	20210901
005803FF00182920000264E0ABCF644A	1	1	1.8	9	0	0	0.0	1	9	1.8	0	0	0.0	20210901
005803FF00182920000264E0ABCF6525	1	1	1.1	14	1	10	0.2	0	0	0.0	1	4	0.9	20210901
005803FF00182920000264E0ABCF6579	1	1	0.3	10	1	10	0.3	0	0	0.0	0	0	0.0	20210901
005803FF00182920000264E0ABCF657A	1	1	2.7	120	1	120	2.7	0	0	0.0	0	0	0.0	20210901
005803FF00182920000264E0ABCF6665	1	1	0.1	13	1	13	0.1	0	0	0.0	0	0	0.0	20210901
005803FF00182920000264E0ABCF7E6F	1	1	0.2	126	1	126	0.2	0	0	0.0	0	0	0.0	20210901
005803FF00182920000264E0ABCF84A6	1	1	0.7	50	1	50	0.7	0	0	0.0	0	0	0.0	20210901
005803FF00182920000264E0ABCF99F2	1	0	0.0	0	0	0	0.0	0	0	0.0	0	0	0.0	20210901
005803FF00189750000264E0AB471E57	1	1	1.0	1	1	1	1.0	0	0	0.0	0	0	0.0	20210901
005803FF00189750000264E0AB472680	1	1	1.4	14	1	2	0.1	1	12	1.4	0	0	0.0	20210901
005803FF00189750000264E0AB473EDC	1	1	1.0	10	1	9	1.0	1	1	0.0	0	0	0.0	20210901
005803FF00189750000364E0AB487B62	1	1	5.7	232	1	225	3.3	1	7	2.4	0	0	0.0	20210901
005803FF00189750000464E0AB6DFCFB	1	1	0.0	1	1	1	0.0	0	0	0.0	0	0	0.0	20210901
005803FF00189750000464E0AB6E0707	1	1	2.6	5	0	0	0.0	1	5	2.6	0	0	0.0	20210901
005803FF00189790000364E0AB02B39F	0	0	0.0	0	0	0	0.0	0	0	0.0	0	0	0.0	20210901
005803FF00189790000564E0AB1D8CE1	1	0	0.0	0	0	0	0.0	0	0	0.0	0	0	0.0	20210901
005803FF00189790000664E0AB1F0AF0	1	1	1.0	2	1	2	1.0	0	0	0.0	0	0	0.0	20210901
005803FF00189790000664E0AB1F2B24	1	1	1.0	41	1	40	0.9	1	1	0.1	0	0	0.0	20210901
005803FF00189850000164E0AB8C5172	1	1	0.4	4	1	4	0.4	0	0	0.0	0	0	0.0	20210901
005803FF00189850000164E0AB8C532B	0	0	0.0	0	0	0	0.0	0	0	0.0	0	0	0.0	20210901
005803FF00189850000164E0AB8C6734	1	1	6.0	87	1	53	1.8	1	29	2.7	1	5	1.6	20210901
005803FF00189850000164E0AB8C68DC	1	1	2.7	19	1	15	1.5	1	4	1.2	0	0	0.0	20210901
005803FF00189850000164E0AB8C8FEB	1	1	1.1	4	1	4	1.1	0	0	0.0	0	0	0.0	20210901
005803FF00189920000164E0ABD4FB09	1	1	1.0	40	1	40	1.0	0	0	0.0	0	0	0.0	20210901
005803FF00189920000164E0ABD4FB38	1	1	1.6	4	1	1	0.0	1	3	1.6	0	0	0.0	20210901
005803FF00189920000164E0ABD4FC58	1	1	0.0	11	1	11	0.0	0	0	0.0	0	0	0.0	20210901
005803FF00189920000164E0ABD4FC7D	1	1	5.9	313	1	308	5.3	1	4	0.6	1	1	0.0	20210901
005803FF00189920000164E0ABD4FE13	1	1	1.5	7	0	0	0.0	1	5	1.1	1	1	0.5	20210901
005803FF00189920000164E0ABD50638	0	0	0.0	0	0	0	0.0	0	0	0.0	0	0	0.0	20210901
005803FF00189920000164E0ABD515BC	1	1	6.2	131	1	72	0.5	1	59	5.7	0	0	0.0	20210901
005803FF00189920000164E0ABD5170D	1	1	0.0	9	1	9	0.0	0	0	0.0	0	0	0.0	20210901
005803FF00189920000164E0ABD525DB	1	1	1.1	5	1	5	1.1	0	0	0.0	0	0	0.0	20210901
005803FF00189920000164E0ABD528A0	0	0	0.0	0	0	0	0.0	0	0	0.0	0	0	0.0	20210901
005803FF00189920000164E0ABD52946	1	1	1.2	33	1	33	1.2	0	0	0.0	0	0	0.0	20210901
005803FF00189920000264E0ABD93930	1	1	2.5	18	1	18	2.5	0	0	0.0	0	0	0.0	20210901
005803FF00189920000264E0ABD93EC1	1	1	1.1	98	1	98	1.1	0	0	0.0	0	0	0.0	20210901
005803FF00189920000364E0ABDE0331	1	1	3.9	172	1	169	3.7	1	1	0.0	1	2	0.3	20210901
005803FF00189920000364E0ABDE04AE	1	1	2.2	31	1	29	2.0	1	2	0.2	0	0	0.0	20210901
005803FF00189920000364E0ABDE04C5	1	1	2.6	36	1	36	2.6	0	0	0.0	0	0	0.0	20210901
005803FF00189920000364E0ABDE0846	1	1	2.1	381	1	381	2.1	0	0	0.0	0	0	0.0	20210901
005803FF00189920000364E0ABDE0E30	1	1	3.7	28	1	27	3.5	1	1	0.2	0	0	0.0	20210901
005803FF00189920000364E0ABDE0E5B	0	0	0.0	0	0	0	0.0	0	0	0.0	0	0	0.0	20210901
005803FF00189920000364E0ABDE0F6E	1	1	1.7	79	1	79	1.7	0	0	0.0	0	0	0.0	20210901
005803FF00189920000364E0ABDE10B0	0	0	0.0	0	0	0	0.0	0	0	0.0	0	0	0.0	20210901
005803FF00189920000364E0ABDE12C1	1	1	2.1	29	1	29	2.1	0	0	0.0	0	0	0.0	20210901
005803FF00189920000364E0ABDE132D	1	1	1.6	79	1	76	1.4	1	3	0.2	0	0	0.0	20210901
005804FF00029720000150558D1E35E5	1	1	0.0	1	1	1	0.0	0	0	0.0	0	0	0.0	20210901
1D5803FF004735900000D4C1C8AC4528	0	0	0.0	0	0	0	0.0	0	0	0.0	0	0	0.0	20210901
475803FF004735900000D4C1C89EB4CB	1	1	3.1	70	1	70	3.1	0	0	0.0	0	0	0.0	20210901
485803FF004735900000E8ACAD9490FB	1	0	0.0	0	0	0	0.0	0	0	0.0	0	0	0.0	20210901
905803FF004735900000E8ACADD68CB5	1	1	0.0	2	1	2	0.0	0	0	0.0	0	0	0.0	20210901
BD5803FF004735900000E8ACAD935208	0	0	0.0	0	0	0	0.0	0	0	0.0	0	0	0.0	20210901
CC5803FF004735900000D4C1C8A32ED7	1	1	0.0	1	1	1	0.0	0	0	0.0	0	0	0.0	20210901
D25803FF004735900000E8ACAD9638D9	1	1	2.7	4	0	0	0.0	1	4	2.7	0	0	0.0	20210901
F65803FF004735900000E8ACAD94197C	1	1	0.0	2	1	2	0.0	0	0	0.0	0	0	0.0	20210901
FC5803FF004735900000D4C1C8AAB26B	0	0	0.0	0	0	0	0.0	0	0	0.0	0	0	0.0	20210901
FC5803FF004735900000D4C1C8BD05D1	1	1	2.8	8	0	0	0.0	1	8	2.8	0	0	0.0	20210901
005801FF0001005006D400692D3D9D1D	1	1	0.2	1	0	0	0.0	1	1	0.2	0	0	0.0	20210901
005801FF0001005006D400692D3D9F10	1	1	0.7	11	1	8	0.5	1	3	0.2	0	0	0.0	20210901
005801FF0001005006D400692D3DA673	1	1	2.6	73	1	73	2.6	0	0	0.0	0	0	0.0	20210901
005801FF0001005006D400692D3DA92A	0	0	0.0	0	0	0	0.0	0	0	0.0	0	0	0.0	20210901
005801FF0001005006D400692D3DAD7E	1	1	3.8	317	1	315	3.8	1	1	0.0	1	1	0.0	20210901
005801FF0001005006D400692D3DADE3	1	1	1.4	32	1	32	1.4	0	0	0.0	0	0	0.0	20210901
005801FF0001005006D400692D3DB990	1	1	2.1	17	1	15	2.1	1	2	0.1	0	0	0.0	20210901
005801FF0001005006D400692D3DBF2E	1	1	0.0	1	1	1	0.0	0	0	0.0	0	0	0.0	20210901
005801FF0001005006D400692D3DC16E	1	1	1.0	1	1	1	1.0	0	0	0.0	0	0	0.0	20210901
005801FF0001005006D400692D3DC18D	1	1	0.0	1	0	0	0.0	1	1	0.0	0	0	0.0	20210901
005801FF00010050F6E52C43BE5CA591	1	1	1.0	4	1	4	1.0	0	0	0.0	0	0	0.0	20210901
005801FF00010050F6E52C43BE5CB08A	1	1	3.5	12	1	12	3.5	0	0	0.0	0	0	0.0	20210901
005801FF00010050F6E52C43BE5CB81F	1	1	1.0	5	1	4	1.0	1	1	0.0	0	0	0.0	20210901
005801FF00010050F6E52C43BE5CC2DA	1	1	2.4	9	1	8	0.0	1	1	2.4	0	0	0.0	20210901
005801FF00010050F6E52C43BE5CC850	1	1	0.1	143	1	143	0.1	0	0	0.0	0	0	0.0	20210901
005801FF00010050F6E52C43BE5CCA51	1	1	4.1	10	1	2	2.0	1	8	2.1	0	0	0.0	20210901
005801FF00010050F6E52C43BE5CCE42	1	1	1.1	11	1	11	1.1	0	0	0.0	0	0	0.0	20210901
005801FF0001007005B860D21C3053C8	1	0	0.0	0	0	0	0.0	0	0	0.0	0	0	0.0	20210901
005801FF0001007005B860D21C3054EF	1	1	0.0	4	1	4	0.0	0	0	0.0	0	0	0.0	20210901
005801FF0001007005B860D21C309BA5	0	0	0.0	0	0	0	0.0	0	0	0.0	0	0	0.0	20210901
005801FF0001007005B860D21C30BCAD	1	1	1.5	28	1	28	1.5	0	0	0.0	0	0	0.0	20210901
005801FF0001007005BA60D21C5CBEFA	0	0	0.0	0	0	0	0.0	0	0	0.0	0	0	0.0	20210901
005801FF0001007005BA60D21C627438	0	0	0.0	0	0	0	0.0	0	0	0.0	0	0	0.0	20210901
005801FF0001007005BA60D21C629014	1	1	0.8	2	0	0	0.0	1	2	0.8	0	0	0.0	20210901
005801FF0001007005C360D21CA85865	1	0	0.0	0	0	0	0.0	0	0	0.0	0	0	0.0	20210901
005801FF0001007005C360D21CA8A562	1	0	0.0	0	0	0	0.0	0	0	0.0	0	0	0.0	20210901
005801FF0001007005C360D21CA8C6CD	1	0	0.0	0	0	0	0.0	0	0	0.0	0	0	0.0	20210901
005801FF0001007006B960D21C49DC2A	0	0	0.0	0	0	0	0.0	0	0	0.0	0	0	0.0	20210901
005801FF0001007006B960D21C4A0439	1	1	0.8	40	1	40	0.8	0	0	0.0	0	0	0.0	20210901
005801FF0001007006B960D21C4A1DEF	1	1	0.1	1	1	1	0.1	0	0	0.0	0	0	0.0	20210901
005801FF0001007006B960D21C4A3A29	0	0	0.0	0	0	0	0.0	0	0	0.0	0	0	0.0	20210901
005801FF0001007006B960D21C4A46CA	1	1	3.0	15	1	12	2.2	0	0	0.0	1	3	0.7	20210901
005801FF0001007006B960D21C4A5506	1	1	0.1	2	1	2	0.1	0	0	0.0	0	0	0.0	20210901
005801FF0001007006B960D21C4A567C	1	1	0.0	29	1	29	0.0	0	0	0.0	0	0	0.0	20210901
005801FF0001007006BA60D21C5FDC01	0	0	0.0	0	0	0	0.0	0	0	0.0	0	0	0.0	20210901
005801FF0001007006BA60D21C611DE3	1	1	0.3	14	1	4	0.0	1	10	0.2	0	0	0.0	20210901
005801FF0001007006BA60D21C61567B	1	1	1.2	75	1	74	0.6	0	0	0.0	1	1	0.5	20210901
005801FF0001061005B454C57AB1617E	1	1	1.2	3	1	3	1.2	0	0	0.0	0	0	0.0	20210901
005801FF0001061005B454C57AB2AF1C	0	0	0.0	0	0	0	0.0	0	0	0.0	0	0	0.0	20210901
005801FF0001090001C360D21CACC20E	1	1	0.5	2	1	2	0.5	0	0	0.0	0	0	0.0	20210901
005801FF0001090001C360D21CACC5CE	1	1	3.7	112	1	112	3.7	0	0	0.0	0	0	0.0	20210901
005801FF0001090001C360D21CACC609	1	0	0.0	0	0	0	0.0	0	0	0.0	0	0	0.0	20210901
005801FF0001090001C360D21CACE05B	0	0	0.0	0	0	0	0.0	0	0	0.0	0	0	0.0	20210901
005801FF0001090001C360D21CACED92	1	1	0.0	1	1	1	0.0	0	0	0.0	0	0	0.0	20210901
005801FF0001101001EC08A5C81693AA	0	0	0.0	0	0	0	0.0	0	0	0.0	0	0	0.0	20210901
005801FF0001101001EC08A5C81695DE	1	0	0.0	0	0	0	0.0	0	0	0.0	0	0	0.0	20210901
005801FF0001181001A208A5C8EA04B9	1	1	3.7	6	0	0	0.0	1	6	3.7	0	0	0.0	20210901
005801FF0001181001A460313B38F9EA	1	1	0.1	17	1	17	0.1	0	0	0.0	0	0	0.0	20210901
005801FF0001181001A460313B39400A	1	1	0.0	1	1	1	0.0	0	0	0.0	0	0	0.0	20210901
005801FF0001181001A460313B39EF42	0	0	0.0	0	0	0	0.0	0	0	0.0	0	0	0.0	20210901
005801FF0001181001A460313B3A84EE	1	1	0.1	3	0	0	0.0	1	3	0.1	0	0	0.0	20210901
005801FF0001181001A460313B3AB502	1	1	1.1	7	1	5	0.0	0	0	0.0	1	2	1.1	20210901
005801FF0001181001A460313B3B0ADC	1	1	2.0	88	1	88	2.0	0	0	0.0	0	0	0.0	20210901
005801FF0001181001A460313B3BB258	1	1	5.4	22	1	1	0.0	1	21	5.4	0	0	0.0	20210901
005801FF0001181001A960313BB9D42F	0	0	0.0	0	0	0	0.0	0	0	0.0	0	0	0.0	20210901
005801FF0001181001A960313BBA5F9B	1	1	0.6	3	1	3	0.6	0	0	0.0	0	0	0.0	20210901
005801FF0001181001AC54C57A200681	1	0	0.0	0	0	0	0.0	0	0	0.0	0	0	0.0	20210901
005801FF0001181001AC54C57A203495	1	0	0.0	0	0	0	0.0	0	0	0.0	0	0	0.0	20210901
005801FF0001181001AC54C57A203D87	0	0	0.0	0	0	0	0.0	0	0	0.0	0	0	0.0	20210901
005801FF0001181001AC54C57A20E133	1	1	1.4	91	1	91	1.4	0	0	0.0	0	0	0.0	20210901
005801FF0001181001AC54C57A212165	1	1	0.0	1	1	1	0.0	0	0	0.0	0	0	0.0	20210901
005801FF0001181001FB08A5C8B2A0EA	1	0	0.0	0	0	0	0.0	0	0	0.0	0	0	0.0	20210901
005801FF0001181001FB08A5C8B2A77E	1	1	0.0	26	1	26	0.0	0	0	0.0	0	0	0.0	20210901
005801FF0001181003A460313B32F689	0	0	0.0	0	0	0	0.0	0	0	0.0	0	0	0.0	20210901
005801FF0001181003A460313B3332E3	0	0	0.0	0	0	0	0.0	0	0	0.0	0	0	0.0	20210901
005801FF0001181003A460313B334A23	0	0	0.0	0	0	0	0.0	0	0	0.0	0	0	0.0	20210901
005801FF0001181003A460313B339C31	0	0	0.0	0	0	0	0.0	0	0	0.0	0	0	0.0	20210901
005801FF0001181003A460313B33A4F9	1	1	2.0	35	1	14	0.9	1	17	0.8	1	4	0.3	20210901
005801FF0001181003A460313B348131	1	0	0.0	0	0	0	0.0	0	0	0.0	0	0	0.0	20210901
005801FF0001181003A460313B348BDB	1	0	0.0	0	0	0	0.0	0	0	0.0	0	0	0.0	20210901
005801FF0001181003A460313B34D9F3	0	0	0.0	0	0	0	0.0	0	0	0.0	0	0	0.0	20210901
005801FF0001181003A460313B34DA61	0	0	0.0	0	0	0	0.0	0	0	0.0	0	0	0.0	20210901
005801FF0001181003A460313B3517BF	1	1	1.0	14	1	8	0.0	1	6	1.0	0	0	0.0	20210901
005801FF0001181003A960313BBCCECB	1	1	0.0	5	1	5	0.0	0	0	0.0	0	0	0.0	20210901
005801FF0001181003A960313BBCDC63	1	1	0.0	1	1	1	0.0	0	0	0.0	0	0	0.0	20210901
005801FF0001181003A960313BBD2389	0	0	0.0	0	0	0	0.0	0	0	0.0	0	0	0.0	20210901
005801FF003182A003EB08A5C810B96D	1	1	0.1	12	1	12	0.1	0	0	0.0	0	0	0.0	20210901
005801FF003182B001F408A5C82BD8B9	1	1	0.1	2	1	2	0.1	0	0	0.0	0	0	0.0	20210901
005801FF003182B001F408A5C82BE535	1	1	0.0	1	1	1	0.0	0	0	0.0	0	0	0.0	20210901
005801FF003182B001F408A5C82C2151	1	1	0.7	1	1	1	0.7	0	0	0.0	0	0	0.0	20210901
005801FF003182B001F408A5C82CA2BD	0	0	0.0	0	0	0	0.0	0	0	0.0	0	0	0.0	20210901
005801FF003182B001F408A5C82D4DBB	1	0	0.0	0	0	0	0.0	0	0	0.0	0	0	0.0	20210901
00580300000395500003748F1B99001E	1	1	1.0	1	1	1	1.0	0	0	0.0	0	0	0.0	20210901
00580300000395500003748F1B991219	1	1	2.4	6	1	2	0.0	1	4	2.4	0	0	0.0	20210901
00580300001968000119C8F6C8B87C00	1	1	0.8	13	1	13	0.8	0	0	0.0	0	0	0.0	20210901
00580300001968001218A419089BA9E3	0	0	0.0	0	0	0	0.0	0	0	0.0	0	0	0.0	20210901
00580300001968001218A419089C367D	1	1	0.7	22	1	22	0.7	0	0	0.0	0	0	0.0	20210901
005803FF00010040190158B42DCC4EBD	1	1	0.9	6	0	0	0.0	1	6	0.9	0	0	0.0	20210901
005803FF00010040190158B42DCCC9EC	0	0	0.0	0	0	0	0.0	0	0	0.0	0	0	0.0	20210901
005803FF00010040190158B42DCD1603	0	0	0.0	0	0	0	0.0	0	0	0.0	0	0	0.0	20210901
005803FF00010040190158B42DCD1B3A	1	1	1.7	81	1	80	1.7	0	0	0.0	1	1	0.0	20210901
005803FF00010040190158B42DCD3004	1	1	1.8	16	1	14	1.1	1	2	0.7	0	0	0.0	20210901
005803FF00010040190158B42DCDD77C	1	1	0.5	66	1	55	0.5	0	0	0.0	1	11	0.0	20210901
005803FF00010040190158B42DCE43ED	0	0	0.0	0	0	0	0.0	0	0	0.0	0	0	0.0	20210901
005803FF000298800015F4D9C692F1AD	1	1	2.1	130	1	130	2.1	0	0	0.0	0	0	0.0	20210901
005803FF000323000012F09CD7351E99	0	0	0.0	0	0	0	0.0	0	0	0.0	0	0	0.0	20210901
005803FF000323000014F09CD72A7BCA	0	0	0.0	0	0	0	0.0	0	0	0.0	0	0	0.0	20210901
005803FF000323100002A8BD3A7F9EB2	1	1	0.1	1	0	0	0.0	1	1	0.1	0	0	0.0	20210901
005803FF000323100003A8BD3A92E110	0	0	0.0	0	0	0	0.0	0	0	0.0	0	0	0.0	20210901
005803FF000323100003A8BD3A92E363	0	0	0.0	0	0	0	0.0	0	0	0.0	0	0	0.0	20210901
005803FF000323100003A8BD3A92E970	1	1	0.0	1	1	1	0.0	0	0	0.0	0	0	0.0	20210901
005803FF000323100003A8BD3A930B50	1	1	0.5	18	1	18	0.5	0	0	0.0	0	0	0.0	20210901
005803FF000323100007A8BD3AF690BF	1	1	0.8	123	1	123	0.8	0	0	0.0	0	0	0.0	20210901
005803FF0003231000153C0CDB616C95	1	1	0.7	21	1	21	0.7	0	0	0.0	0	0	0.0	20210901
005803FF0003231000183C0CDB80D040	1	1	0.9	50	1	50	0.9	0	0	0.0	0	0	0.0	20210901
005803FF0003231000213C0CDBAC3177	1	1	6.4	11	1	3	0.1	1	8	6.3	0	0	0.0	20210901
005803FF0003231000213C0CDBAC350F	1	1	0.6	56	1	56	0.6	0	0	0.0	0	0	0.0	20210901
005803FF0003231000213C0CDBAC3A37	1	1	1.6	3	1	3	1.6	0	0	0.0	0	0	0.0	20210901
005803FF0003231000223C0CDBB24234	0	0	0.0	0	0	0	0.0	0	0	0.0	0	0	0.0	20210901
005803FF0003231000243C0CDBB5EFF4	1	1	0.4	84	1	84	0.4	0	0	0.0	0	0	0.0	20210901
005803FF00036020000188795B4AF6D4	1	1	0.0	4	1	4	0.0	0	0	0.0	0	0	0.0	20210901
005803FF0015893000008421F148B384	1	1	0.0	1	1	1	0.0	0	0	0.0	0	0	0.0	20210901
005803FF0015893000008421F148C972	1	1	1.0	15	1	15	1.0	0	0	0.0	0	0	0.0	20210901
005803FF0015893000008421F18B5024	1	0	0.0	0	0	0	0.0	0	0	0.0	0	0	0.0	20210901
005803FF0015893000008421F191D862	1	0	0.0	0	0	0	0.0	0	0	0.0	0	0	0.0	20210901
005803FF0015893000008421F191D8BE	1	1	0.0	5	1	5	0.0	0	0	0.0	0	0	0.0	20210901
005803FF0015893000008421F1AC6CC6	0	0	0.0	0	0	0	0.0	0	0	0.0	0	0	0.0	20210901
005803FF00158930163650016B3DB8DA	1	1	1.4	41	1	41	1.4	0	0	0.0	0	0	0.0	20210901
005803FF00158930163650016B3DC320	1	1	0.5	25	1	25	0.5	0	0	0.0	0	0	0.0	20210901
005803FF0015893017078421F14A83DA	1	1	0.0	2	1	2	0.0	0	0	0.0	0	0	0.0	20210901
005803FF0015893017118421F16FE2E8	1	1	1.4	32	1	27	0.8	1	2	0.0	1	3	0.6	20210901
005803FF0015893017138421F18BD202	1	1	0.0	3	1	3	0.0	0	0	0.0	0	0	0.0	20210901
005803FF00159100000018CF24668A04	1	1	0.2	1	1	1	0.2	0	0	0.0	0	0	0.0	20210901
005803FF00159100000018CF2466AA43	1	1	0.0	19	1	19	0.0	0	0	0.0	0	0	0.0	20210901
005803FF001591000000CCBBFE34DF1D	0	0	0.0	0	0	0	0.0	0	0	0.0	0	0	0.0	20210901
005803FF001591001848CCBBFE2C9C54	1	1	0.0	1	1	1	0.0	0	0	0.0	0	0	0.0	20210901
005803FF0015910019381C20DBF37A1C	1	0	0.0	0	0	0	0.0	0	0	0.0	0	0	0.0	20210901
005803FF001824600003A8BD3A5D56E1	1	1	0.0	3	1	3	0.0	0	0	0.0	0	0	0.0	20210901
005803FF001824600006A8BD3A754194	1	1	0.4	2	1	2	0.4	0	0	0.0	0	0	0.0	20210901
005803FF001824600006A8BD3A7561D4	1	0	0.0	0	0	0	0.0	0	0	0.0	0	0	0.0	20210901
005803FF001824600007A8BD3A765197	0	0	0.0	0	0	0	0.0	0	0	0.0	0	0	0.0	20210901
005803FF001824600007A8BD3A765AC6	0	0	0.0	0	0	0	0.0	0	0	0.0	0	0	0.0	20210901
005803FF001824600007A8BD3A766D73	1	1	1.0	82	1	76	0.5	1	6	0.4	0	0	0.0	20210901
005803FF001824600007A8BD3A767447	1	1	2.1	172	1	172	2.1	0	0	0.0	0	0	0.0	20210901
005803FF001824600007A8BD3A767A91	1	1	3.8	5	0	0	0.0	1	5	3.8	0	0	0.0	20210901
005803FF001824600007A8BD3A76853D	1	1	4.5	2	0	0	0.0	1	2	4.5	0	0	0.0	20210901
005803FF001827800001748F1B178C78	1	0	0.0	0	0	0	0.0	0	0	0.0	0	0	0.0	20210901
005803FF001827800001748F1B17A53A	1	1	4.4	8	0	0	0.0	1	8	4.4	0	0	0.0	20210901
005803FF001827800002748F1B19FD27	1	0	0.0	0	0	0	0.0	0	0	0.0	0	0	0.0	20210901
005803FF001827800002748F1B1A290A	1	1	0.0	1	1	1	0.0	0	0	0.0	0	0	0.0	20210901
005803FF001827800002748F1B1A3192	1	1	0.6	4	1	4	0.6	0	0	0.0	0	0	0.0	20210901
005803FF001827800003748F1B1BE36B	1	1	0.2	3	1	3	0.2	0	0	0.0	0	0	0.0	20210901
005803FF001827800003748F1B1C123C	0	0	0.0	0	0	0	0.0	0	0	0.0	0	0	0.0	20210901
005803FF00182790000164E0AB1096C8	1	0	0.0	0	0	0	0.0	0	0	0.0	0	0	0.0	20210901
005803FF00182850000164E0AB7A3507	0	0	0.0	0	0	0	0.0	0	0	0.0	0	0	0.0	20210901
005803FF00182850000164E0AB7A5B74	1	1	0.1	3	1	2	0.1	1	1	0.0	0	0	0.0	20210901
005803FF00182850000264E0AB8B4062	1	1	0.1	1	1	1	0.1	0	0	0.0	0	0	0.0	20210901
005803FF00182850000264E0AB8B456D	1	1	0.1	35	1	35	0.1	0	0	0.0	0	0	0.0	20210901
005803FF00182850000264E0AB8B50EF	1	1	0.1	3	0	0	0.0	1	3	0.1	0	0	0.0	20210901
005803FF00182850000264E0AB8B5F9C	1	1	2.0	133	1	133	2.0	0	0	0.0	0	0	0.0	20210901
005803FF00182850000264E0AB8B5FA6	1	1	0.9	9	1	6	0.3	0	0	0.0	1	3	0.6	20210901
005803FF00182850000264E0AB8B6C7E	1	1	2.2	8	1	2	0.0	1	2	0.7	1	4	1.5	20210901
005803FF00182850000264E0AB8B7023	1	1	1.1	101	1	101	1.1	0	0	0.0	0	0	0.0	20210901
005803FF00182850000264E0AB8B7238	1	1	0.9	3	1	1	0.0	1	2	0.9	0	0	0.0	20210901
005803FF00182850000264E0AB8B7275	1	1	1.0	1	0	0	0.0	1	1	1.0	0	0	0.0	20210901
005803FF00182850000264E0AB8B74BC	1	0	0.0	0	0	0	0.0	0	0	0.0	0	0	0.0	20210901
005803FF00182850000264E0AB8B7A38	1	1	0.0	1	1	1	0.0	0	0	0.0	0	0	0.0	20210901
005803FF00182850000264E0AB8B7A49	1	1	0.3	3	0	0	0.0	1	3	0.3	0	0	0.0	20210901
005803FF00182850000264E0AB8B88D8	0	0	0.0	0	0	0	0.0	0	0	0.0	0	0	0.0	20210901
005803FF00182850000364E0AB8DAC6B	1	1	2.2	5	0	0	0.0	1	5	2.2	0	0	0.0	20210901
005803FF00182850000364E0AB8DD065	1	1	0.1	2	1	2	0.1	0	0	0.0	0	0	0.0	20210901
005803FF00182850000364E0AB8DD069	1	1	0.1	18	1	18	0.1	0	0	0.0	0	0	0.0	20210901
005803FF00182850000364E0AB8DD665	0	0	0.0	0	0	0	0.0	0	0	0.0	0	0	0.0	20210901
005803FF00182850000364E0AB8DE820	1	1	0.9	6	1	6	0.9	0	0	0.0	0	0	0.0	20210901
005803FF00182850000464E0AB94B465	1	1	0.0	1	1	1	0.0	0	0	0.0	0	0	0.0	20210901
005803FF00182850000464E0AB94CB7B	1	1	0.1	8	1	8	0.1	0	0	0.0	0	0	0.0	20210901
005803FF00182850000464E0AB94CE81	1	1	1.3	20	1	12	1.0	1	8	0.3	0	0	0.0	20210901
005803FF00182850000464E0AB94CEB4	1	1	0.0	1	1	1	0.0	0	0	0.0	0	0	0.0	20210901
005803FF00182850000464E0AB94DA07	1	1	1.1	33	1	31	1.0	1	2	0.0	0	0	0.0	20210901
005803FF00182850000464E0AB94E563	1	1	0.0	9	1	8	0.0	1	1	0.0	0	0	0.0	20210901
005803FF00182920000164E0ABC39FA9	1	1	0.4	2	1	2	0.4	0	0	0.0	0	0	0.0	20210901
005803FF00182920000164E0ABC3A008	1	1	1.4	35	1	35	1.4	0	0	0.0	0	0	0.0	20210901
005803FF00182920000164E0ABC3A98B	1	0	0.0	0	0	0	0.0	0	0	0.0	0	0	0.0	20210901
005803FF00182920000164E0ABC3C097	0	0	0.0	0	0	0	0.0	0	0	0.0	0	0	0.0	20210901
005803FF00182920000164E0ABC3C5D9	1	1	0.4	9	1	8	0.4	0	0	0.0	0	0	0.0	20210901
005803FF00182920000164E0ABC3C613	1	0	0.0	0	0	0	0.0	0	0	0.0	0	0	0.0	20210901
005803FF00182920000164E0ABC3C710	1	1	1.7	29	1	20	0.1	0	0	0.0	1	9	1.6	20210901
005803FF00182920000164E0ABC3D064	1	1	1.1	13	1	11	1.1	0	0	0.0	1	2	0.0	20210901
005803FF00182920000264E0ABCF5D1C	1	1	0.6	28	0	0	0.0	1	28	0.6	0	0	0.0	20210901
005803FF00182920000264E0ABCF5F87	1	1	3.9	53	1	47	0.1	1	6	3.9	0	0	0.0	20210901
005803FF00182920000264E0ABCF8225	1	1	5.9	107	1	84	0.9	1	23	5.0	0	0	0.0	20210901
005803FF00182920000264E0ABCF8363	1	1	0.5	16	1	16	0.5	0	0	0.0	0	0	0.0	20210901
005803FF00182920000264E0ABCF836C	0	0	0.0	0	0	0	0.0	0	0	0.0	0	0	0.0	20210901
005803FF00182920000264E0ABCF8481	1	1	2.4	50	1	42	2.3	1	6	0.1	1	2	0.0	20210901
005803FF00182920000264E0ABCF9B59	0	0	0.0	0	0	0	0.0	0	0	0.0	0	0	0.0	20210901
005803FF00182920000264E0ABCF9BB0	1	1	0.5	9	0	0	0.0	1	9	0.5	0	0	0.0	20210901
005803FF00189750000264E0AB4713F6	1	1	1.8	34	1	34	1.8	0	0	0.0	0	0	0.0	20210901
005803FF00189750000264E0AB4714CD	1	1	0.0	16	1	16	0.0	0	0	0.0	0	0	0.0	20210901
005803FF00189750000264E0AB472274	1	1	1.1	6	1	6	1.1	0	0	0.0	0	0	0.0	20210901
005803FF00189750000264E0AB4727B7	1	1	5.5	163	1	163	5.5	0	0	0.0	0	0	0.0	20210901
005803FF00189750000264E0AB473BB9	1	1	1.0	2	1	2	1.0	0	0	0.0	0	0	0.0	20210901
005803FF00189750000464E0AB6C8F13	1	1	1.5	106	1	106	1.5	0	0	0.0	0	0	0.0	20210901
005803FF00189750000464E0AB6E03B7	0	0	0.0	0	0	0	0.0	0	0	0.0	0	0	0.0	20210901
005803FF00189790000664E0AB1F0E15	1	1	0.0	17	1	17	0.0	0	0	0.0	0	0	0.0	20210901
005803FF00189850000164E0AB8C54C9	1	1	2.6	152	1	149	2.4	1	3	0.3	0	0	0.0	20210901
005803FF00189850000164E0AB8C5CA4	1	1	3.2	99	1	99	3.2	0	0	0.0	0	0	0.0	20210901
005803FF00189850000164E0AB8C6A46	1	1	1.8	22	1	15	0.1	1	7	1.7	0	0	0.0	20210901
005803FF00189850000164E0AB8C6C36	0	0	0.0	0	0	0	0.0	0	0	0.0	0	0	0.0	20210901
005803FF00189850000164E0AB8C74E8	1	1	2.4	19	1	19	2.4	0	0	0.0	0	0	0.0	20210901
005803FF00189850000164E0AB8C8241	1	1	0.5	25	1	25	0.5	0	0	0.0	0	0	0.0	20210901
005803FF00189850000164E0AB8C8865	1	1	1.0	3	1	3	1.0	0	0	0.0	0	0	0.0	20210901
005803FF00189850000164E0AB8C927B	1	1	2.9	28	1	27	2.9	0	0	0.0	1	1	0.0	20210901
005803FF00189920000164E0ABD4F8B3	1	1	0.0	4	1	3	0.0	0	0	0.0	1	1	0.0	20210901
005803FF00189920000164E0ABD515A6	1	1	3.8	32	1	32	3.8	0	0	0.0	0	0	0.0	20210901
005803FF00189920000164E0ABD5170B	1	1	1.1	19	1	19	1.1	0	0	0.0	0	0	0.0	20210901
005803FF00189920000164E0ABD517D2	1	1	1.0	1	1	1	1.0	0	0	0.0	0	0	0.0	20210901
005803FF00189920000164E0ABD527BB	1	1	0.0	1	1	1	0.0	0	0	0.0	0	0	0.0	20210901
005803FF00189920000264E0ABD93051	0	0	0.0	0	0	0	0.0	0	0	0.0	0	0	0.0	20210901
005803FF00189920000264E0ABD93E61	1	1	2.6	76	1	76	2.6	0	0	0.0	0	0	0.0	20210901
005803FF00189920000264E0ABD9406B	0	0	0.0	0	0	0	0.0	0	0	0.0	0	0	0.0	20210901
005803FF00189920000264E0ABD94079	1	0	0.0	0	0	0	0.0	0	0	0.0	0	0	0.0	20210901
005803FF00189920000364E0ABDE0FE7	1	1	1.0	28	1	28	1.0	0	0	0.0	0	0	0.0	20210901
005803FF00189920000364E0ABDE10EC	1	1	0.5	27	1	27	0.5	0	0	0.0	0	0	0.0	20210901
005803FF00189920000364E0ABDE10F0	1	1	0.0	16	1	16	0.0	0	0	0.0	0	0	0.0	20210901
005803FF00189920000364E0ABDE120D	1	1	3.5	28	1	28	3.5	0	0	0.0	0	0	0.0	20210901
005803FF00189920000364E0ABDE133A	0	0	0.0	0	0	0	0.0	0	0	0.0	0	0	0.0	20210901
005803FF00189920000364E0ABDE149D	1	1	0.4	138	1	138	0.4	0	0	0.0	0	0	0.0	20210901
005803FF002890600000AC4AFED4A3D8	1	0	0.0	0	0	0	0.0	0	0	0.0	0	0	0.0	20210901
005803FF004735100000049573D92CFC	1	1	0.5	93	1	93	0.5	0	0	0.0	0	0	0.0	20210901
275803FF004735900000E8ACADA6F72F	0	0	0.0	0	0	0	0.0	0	0	0.0	0	0	0.0	20210901
2D5803FF004735900000D4C1C89E8DBF	1	1	4.1	54	0	0	0.0	1	54	4.1	0	0	0.0	20210901
395803FF004735100000049573D92A12	1	0	0.0	0	0	0	0.0	0	0	0.0	0	0	0.0	20210901
715803FF004735900000E8ACADE2D985	1	0	0.0	0	0	0	0.0	0	0	0.0	0	0	0.0	20210901
845803FF004735900000E8ACAD939BB2	0	0	0.0	0	0	0	0.0	0	0	0.0	0	0	0.0	20210901
955803FF004735900000585FF6875DA2	0	0	0.0	0	0	0	0.0	0	0	0.0	0	0	0.0	20210901
9A5803FF004735100000049573D92718	1	0	0.0	0	0	0	0.0	0	0	0.0	0	0	0.0	20210901
AA5803FF004735900000E8ACAD93D4E5	0	0	0.0	0	0	0	0.0	0	0	0.0	0	0	0.0	20210901
AA5803FF004735900000E8ACADA6FD71	0	0	0.0	0	0	0	0.0	0	0	0.0	0	0	0.0	20210901
B15803FF004735900000D4C1C8AAD39B	1	1	0.0	6	1	6	0.0	0	0	0.0	0	0	0.0	20210901
B15803FF004735900000D4C1C8BD4078	1	0	0.0	0	0	0	0.0	0	0	0.0	0	0	0.0	20210901
B85803FF004735900000E8ACADE2DF22	1	1	1.5	32	1	32	1.5	0	0	0.0	0	0	0.0	20210901
BD5803FF004735900000D4C1C8BD1342	1	1	0.7	35	1	35	0.7	0	0	0.0	0	0	0.0	20210901
CC5803FF004735900000E8ACADD6F1C8	1	1	0.0	2	1	1	0.0	0	0	0.0	1	1	0.0	20210901
D15803FF004735900000D4C1C89E7C28	1	1	0.2	10	1	10	0.2	0	0	0.0	0	0	0.0	20210901
E45803FF004735900000D4C1C8A294AE	0	0	0.0	0	0	0	0.0	0	0	0.0	0	0	0.0	20210901
005801FF0001005006D400692D3D9DA3	0	0	0.0	0	0	0	0.0	0	0	0.0	0	0	0.0	20210901
005801FF0001005006D400692D3D9F0E	1	1	1.3	13	1	11	1.0	1	1	0.3	1	1	0.0	20210901
005801FF0001005006D400692D3D9FD7	1	1	0.1	21	1	21	0.1	0	0	0.0	0	0	0.0	20210901
005801FF0001005006D400692D3DA3AB	1	1	1.0	43	1	43	1.0	0	0	0.0	0	0	0.0	20210901
005801FF0001005006D400692D3DA96D	0	0	0.0	0	0	0	0.0	0	0	0.0	0	0	0.0	20210901
005801FF0001005006D400692D3DADE2	0	0	0.0	0	0	0	0.0	0	0	0.0	0	0	0.0	20210901
005801FF0001005006D400692D3DBDDA	1	1	0.7	82	1	81	0.5	1	1	0.2	0	0	0.0	20210901
005801FF0001005006D400692D3DC2F9	1	1	0.0	13	1	12	0.0	1	1	0.0	0	0	0.0	20210901
005801FF00010050F6E52C43BE5CA413	1	0	0.0	0	0	0	0.0	0	0	0.0	0	0	0.0	20210901
005801FF00010050F6E52C43BE5CA6EA	1	1	1.1	3	1	3	1.1	0	0	0.0	0	0	0.0	20210901
005801FF00010050F6E52C43BE5CC31C	1	1	1.5	51	1	48	1.5	0	0	0.0	1	3	0.0	20210901
005801FF00010050F6E52C43BE5CC790	1	1	9.9	33	1	16	0.1	1	17	9.8	0	0	0.0	20210901
005801FF00010050F6E52C43BE5CC82B	1	1	1.3	51	1	51	1.3	0	0	0.0	0	0	0.0	20210901
005801FF00010050F6E52C43BE5CCAEF	1	1	0.0	1	1	1	0.0	0	0	0.0	0	0	0.0	20210901
005801FF00010050F6E52C43BE5CCB6E	1	0	0.0	0	0	0	0.0	0	0	0.0	0	0	0.0	20210901
005801FF00010050F6E52C43BE5CD1A1	1	1	3.0	2	0	0	0.0	1	2	3.0	0	0	0.0	20210901
005801FF0001007003B860D21C3E38F3	1	1	0.0	2	1	2	0.0	0	0	0.0	0	0	0.0	20210901
005801FF0001007005B860D21C304EBF	1	0	0.0	0	0	0	0.0	0	0	0.0	0	0	0.0	20210901
005801FF0001007005B860D21C305AAE	0	0	0.0	0	0	0	0.0	0	0	0.0	0	0	0.0	20210901
005801FF0001007005B860D21C305C1D	1	1	2.1	34	1	3	0.5	1	31	1.6	0	0	0.0	20210901
005801FF0001007005B860D21C3087D7	0	0	0.0	0	0	0	0.0	0	0	0.0	0	0	0.0	20210901
005801FF0001007005B860D21C308A7F	1	1	3.1	21	1	1	0.0	1	20	3.1	0	0	0.0	20210901
005801FF0001007005B860D21C309217	1	0	0.0	0	0	0	0.0	0	0	0.0	0	0	0.0	20210901
005801FF0001007005BA60D21C62902E	1	1	0.6	6	1	4	0.0	1	2	0.6	0	0	0.0	20210901
005801FF0001007005BA60D21C62906E	1	1	2.0	32	1	28	0.4	0	0	0.0	1	4	1.6	20210901
005801FF0001007005C360D21CA87BD4	1	1	0.3	2	1	2	0.3	0	0	0.0	0	0	0.0	20210901
005801FF0001007006B860D21C3DF6BE	1	1	1.4	24	1	24	1.4	0	0	0.0	0	0	0.0	20210901
005801FF0001007006B960D21C49DB49	0	0	0.0	0	0	0	0.0	0	0	0.0	0	0	0.0	20210901
005801FF0001007006B960D21C49F62D	1	1	0.5	101	1	101	0.5	0	0	0.0	0	0	0.0	20210901
005801FF0001007006B960D21C4A18AD	0	0	0.0	0	0	0	0.0	0	0	0.0	0	0	0.0	20210901
005801FF0001007006BA60D21C611ECB	0	0	0.0	0	0	0	0.0	0	0	0.0	0	0	0.0	20210901
005801FF0001007006BA60D21C613482	1	1	1.6	23	0	0	0.0	1	23	1.6	0	0	0.0	20210901
005801FF0001007006BA60D21C613612	1	1	0.0	5	1	5	0.0	0	0	0.0	0	0	0.0	20210901
005801FF0001061005B454C57AB1202F	0	0	0.0	0	0	0	0.0	0	0	0.0	0	0	0.0	20210901
005801FF0001061005B454C57AB16850	0	0	0.0	0	0	0	0.0	0	0	0.0	0	0	0.0	20210901
005801FF0001061005B454C57AB1A923	1	0	0.0	0	0	0	0.0	0	0	0.0	0	0	0.0	20210901
005801FF0001061005B454C57AB1D301	0	0	0.0	0	0	0	0.0	0	0	0.0	0	0	0.0	20210901
005801FF0001061005B454C57AB1FBD0	0	0	0.0	0	0	0	0.0	0	0	0.0	0	0	0.0	20210901
005801FF0001061005B454C57AB2639F	1	0	0.0	0	0	0	0.0	0	0	0.0	0	0	0.0	20210901
005801FF0001061005B454C57AB306A8	0	0	0.0	0	0	0	0.0	0	0	0.0	0	0	0.0	20210901
005801FF0001090001C360D21CACA8E3	1	1	0.0	1	1	1	0.0	0	0	0.0	0	0	0.0	20210901
005801FF0001090001C360D21CACCBB0	1	1	5.2	8	0	0	0.0	1	8	5.2	0	0	0.0	20210901
005801FF0001090001C360D21CAD05D6	1	1	0.1	77	1	77	0.1	0	0	0.0	0	0	0.0	20210901
005801FF0001090003C360D21CAD5585	0	0	0.0	0	0	0	0.0	0	0	0.0	0	0	0.0	20210901
005801FF0001090005C360D21CADFDE4	0	0	0.0	0	0	0	0.0	0	0	0.0	0	0	0.0	20210901
005801FF0001101001EC08A5C8164BC7	0	0	0.0	0	0	0	0.0	0	0	0.0	0	0	0.0	20210901
005801FF0001181001A460313B38EA2E	0	0	0.0	0	0	0	0.0	0	0	0.0	0	0	0.0	20210901
005801FF0001181001A460313B3A42C2	1	1	0.6	3	1	3	0.6	0	0	0.0	0	0	0.0	20210901
005801FF0001181001A460313B3AB790	0	0	0.0	0	0	0	0.0	0	0	0.0	0	0	0.0	20210901
005801FF0001181001A460313B3AEC46	1	0	0.0	0	0	0	0.0	0	0	0.0	0	0	0.0	20210901
005801FF0001181001A460313B3B7594	1	1	0.1	12	1	12	0.1	0	0	0.0	0	0	0.0	20210901
005801FF0001181001A460313B3B81FC	0	0	0.0	0	0	0	0.0	0	0	0.0	0	0	0.0	20210901
005801FF0001181001A960313BBBEE53	0	0	0.0	0	0	0	0.0	0	0	0.0	0	0	0.0	20210901
005801FF0001181001FB08A5C8B29FF0	1	1	2.4	51	1	51	2.4	0	0	0.0	0	0	0.0	20210901
005801FF0001181001FB08A5C8B2A126	1	1	0.0	6	1	6	0.0	0	0	0.0	0	0	0.0	20210901
005801FF0001181001FB08A5C8B2A5F8	1	0	0.0	0	0	0	0.0	0	0	0.0	0	0	0.0	20210901
005801FF0001181001FB08A5C8B2A97A	1	0	0.0	0	0	0	0.0	0	0	0.0	0	0	0.0	20210901
005801FF0001181003A460313B33400F	0	0	0.0	0	0	0	0.0	0	0	0.0	0	0	0.0	20210901
005801FF0001181003A460313B3430A5	1	0	0.0	0	0	0	0.0	0	0	0.0	0	0	0.0	20210901
005801FF0001181003A460313B3436D7	1	1	0.2	31	1	31	0.2	0	0	0.0	0	0	0.0	20210901
005801FF0001181003A960313BBCBE01	0	0	0.0	0	0	0	0.0	0	0	0.0	0	0	0.0	20210901
005801FF003182A003EB08A5C810BCC0	1	1	3.2	66	1	66	3.2	0	0	0.0	0	0	0.0	20210901
005801FF003182B001F408A5C82BD97B	0	0	0.0	0	0	0	0.0	0	0	0.0	0	0	0.0	20210901
005801FF003182B001F408A5C82CD991	1	1	0.4	4	1	4	0.4	0	0	0.0	0	0	0.0	20210901
005801FF003182B001F408A5C82D33F1	0	0	0.0	0	0	0	0.0	0	0	0.0	0	0	0.0	20210901
0058030000036020000188795B4A85B1	1	1	1.1	46	1	46	1.1	0	0	0.0	0	0	0.0	20210901
0058030000036020000188795B4AA684	1	1	2.0	60	1	60	2.0	0	0	0.0	0	0	0.0	20210901
0058030000036020000188795B4AA686	1	1	1.9	48	1	48	1.9	0	0	0.0	0	0	0.0	20210901
00580300001968000119C8F6C8B88884	1	1	0.5	17	1	17	0.5	0	0	0.0	0	0	0.0	20210901
00580300001968000119C8F6C8B88A16	1	1	2.2	9	1	7	1.5	1	1	0.3	1	1	0.4	20210901
00580300001968000219D45800475CBC	1	1	9.2	12	0	0	0.0	1	12	9.2	0	0	0.0	20210901
0058030000196800092010DC4AFE143D	1	1	1.0	2	1	2	1.0	0	0	0.0	0	0	0.0	20210901
00580300001968001218A419089BACC2	1	1	1.0	3	1	3	1.0	0	0	0.0	0	0	0.0	20210901
00580300001968001218A419089C2F78	1	0	0.0	0	0	0	0.0	0	0	0.0	0	0	0.0	20210901
005803FF00010040190158B42DCC3970	1	1	1.2	80	1	80	1.2	0	0	0.0	0	0	0.0	20210901
005803FF00010040190158B42DCDD3CD	0	0	0.0	0	0	0	0.0	0	0	0.0	0	0	0.0	20210901
005803FF00010040190158B42DCE41F4	1	1	0.0	1	1	1	0.0	0	0	0.0	0	0	0.0	20210901
005803FF0003230000043C0CDBA5FDD0	0	0	0.0	0	0	0	0.0	0	0	0.0	0	0	0.0	20210901
005803FF0003230000043C0CDBA60941	0	0	0.0	0	0	0	0.0	0	0	0.0	0	0	0.0	20210901
005803FF0003230000043C0CDBA609C1	0	0	0.0	0	0	0	0.0	0	0	0.0	0	0	0.0	20210901
005803FF000323000013F09CD7482916	0	0	0.0	0	0	0	0.0	0	0	0.0	0	0	0.0	20210901
005803FF000323000013F09CD7483298	0	0	0.0	0	0	0	0.0	0	0	0.0	0	0	0.0	20210901
005803FF000323000013F09CD748471B	0	0	0.0	0	0	0	0.0	0	0	0.0	0	0	0.0	20210901
005803FF000323000013F09CD74850DF	0	0	0.0	0	0	0	0.0	0	0	0.0	0	0	0.0	20210901
005803FF000323000013F09CD7485DBE	0	0	0.0	0	0	0	0.0	0	0	0.0	0	0	0.0	20210901
005803FF000323000013F09CD74864BE	0	0	0.0	0	0	0	0.0	0	0	0.0	0	0	0.0	20210901
005803FF000323000013F09CD74866D4	0	0	0.0	0	0	0	0.0	0	0	0.0	0	0	0.0	20210901
005803FF000323000014F09CD72A7C92	0	0	0.0	0	0	0	0.0	0	0	0.0	0	0	0.0	20210901
005803FF000323000014F09CD72A8075	0	0	0.0	0	0	0	0.0	0	0	0.0	0	0	0.0	20210901
005803FF000323100006A8BD3A9FC45A	0	0	0.0	0	0	0	0.0	0	0	0.0	0	0	0.0	20210901
005803FF000323100007A8BD3AF69083	1	0	0.0	0	0	0	0.0	0	0	0.0	0	0	0.0	20210901
005803FF0003231000133C0CDB57906D	1	1	2.8	120	1	120	2.8	0	0	0.0	0	0	0.0	20210901
005803FF0003231000133C0CDB5795A3	1	0	0.0	0	0	0	0.0	0	0	0.0	0	0	0.0	20210901
005803FF0003231000153C0CDB614679	1	1	0.5	11	1	11	0.5	0	0	0.0	0	0	0.0	20210901
005803FF0003231000153C0CDB6146AA	1	1	1.8	27	1	27	1.8	0	0	0.0	0	0	0.0	20210901
005803FF0003231000153C0CDB614E2D	1	1	2.3	82	1	82	2.3	0	0	0.0	0	0	0.0	20210901
005803FF0003231000153C0CDB61648E	1	1	0.9	5	0	0	0.0	1	5	0.9	0	0	0.0	20210901
005803FF0003231000163C0CDB6F20EB	0	0	0.0	0	0	0	0.0	0	0	0.0	0	0	0.0	20210901
005803FF0003231000183C0CDB80D014	1	0	0.0	0	0	0	0.0	0	0	0.0	0	0	0.0	20210901
005803FF0003231000203C0CDBA7B4EF	1	1	0.2	5	1	5	0.2	0	0	0.0	0	0	0.0	20210901
005803FF0003231000213C0CDBAC367C	1	0	0.0	0	0	0	0.0	0	0	0.0	0	0	0.0	20210901
005803FF0003231000223C0CDBB243C1	0	0	0.0	0	0	0	0.0	0	0	0.0	0	0	0.0	20210901
005803FF00036020000188795B4AFA36	1	1	2.9	24	0	0	0.0	1	24	2.9	0	0	0.0	20210901
005803FF0015893000008421F148C36C	1	1	4.2	20	1	4	0.1	0	0	0.0	1	16	4.1	20210901
005803FF0015893000008421F148C8D8	1	1	0.0	16	1	16	0.0	0	0	0.0	0	0	0.0	20210901
005803FF0015893000008421F15F0EC8	1	1	1.1	11	1	11	1.1	0	0	0.0	0	0	0.0	20210901
005803FF0015893000008421F15F25A8	1	1	0.0	1	0	0	0.0	0	0	0.0	0	0	0.0	20210901
005803FF0015893000008421F191C0E8	1	1	0.1	72	1	72	0.1	0	0	0.0	0	0	0.0	20210901
005803FF0015893000008421F1AC3BA0	1	1	0.0	1	1	1	0.0	0	0	0.0	0	0	0.0	20210901
005803FF0015893000008421F1AC7494	1	1	0.0	1	1	1	0.0	0	0	0.0	0	0	0.0	20210901
005803FF00158930163650016B3DB7B8	1	1	2.0	90	1	90	2.0	0	0	0.0	0	0	0.0	20210901
005803FF00158930163650016B3DC866	1	0	0.0	0	0	0	0.0	0	0	0.0	0	0	0.0	20210901
005803FF0015893017038421F1221634	1	0	0.0	0	0	0	0.0	0	0	0.0	0	0	0.0	20210901
005803FF0015893017038421F1221644	1	0	0.0	0	0	0	0.0	0	0	0.0	0	0	0.0	20210901
005803FF0015893017118421F16FB90C	1	1	2.0	11	1	8	1.3	0	0	0.0	1	3	0.7	20210901
005803FF0015893017118421F175841A	1	1	0.0	6	1	6	0.0	0	0	0.0	0	0	0.0	20210901
005803FF0015893017138421F18BD1E2	1	1	0.1	3	1	3	0.1	0	0	0.0	0	0	0.0	20210901
005803FF00159100000018CF2466A830	1	1	2.5	29	1	29	2.5	0	0	0.0	0	0	0.0	20210901
005803FF001591001848CCBBFE2C8D63	1	0	0.0	0	0	0	0.0	0	0	0.0	0	0	0.0	20210901
005803FF001591001848CCBBFE2CA8A2	1	1	2.0	116	1	116	2.0	0	0	0.0	0	0	0.0	20210901
005803FF001591001848CCBBFE2CAE66	1	1	1.0	25	1	25	1.0	0	0	0.0	0	0	0.0	20210901
005803FF001591001848CCBBFE2CBB41	0	0	0.0	0	0	0	0.0	0	0	0.0	0	0	0.0	20210901
005803FF0015910018517CC385DA3AC5	1	1	6.0	10	0	0	0.0	1	10	6.0	0	0	0.0	20210901
005803FF00159100193244004D64BF8A	1	1	0.0	1	1	1	0.0	0	0	0.0	0	0	0.0	20210901
005803FF001824600003A8BD3A5D5363	0	0	0.0	0	0	0	0.0	0	0	0.0	0	0	0.0	20210901
005803FF001824600003A8BD3A5D5856	1	0	0.0	0	0	0	0.0	0	0	0.0	0	0	0.0	20210901
005803FF001824600007A8BD3A766DDF	1	0	0.0	0	0	0	0.0	0	0	0.0	0	0	0.0	20210901
005803FF001824600007A8BD3A76766C	1	1	0.5	36	1	34	0.3	1	2	0.2	0	0	0.0	20210901
005803FF001824600007A8BD3A76902B	0	0	0.0	0	0	0	0.0	0	0	0.0	0	0	0.0	20210901
005803FF001827800001748F1B1778EC	1	0	0.0	0	0	0	0.0	0	0	0.0	0	0	0.0	20210901
005803FF001827800001748F1B177E3D	0	0	0.0	0	0	0	0.0	0	0	0.0	0	0	0.0	20210901
005803FF001827800001748F1B177F0D	1	0	0.0	0	0	0	0.0	0	0	0.0	0	0	0.0	20210901
005803FF001827800001748F1B178318	1	1	0.0	1	1	1	0.0	0	0	0.0	0	0	0.0	20210901
005803FF001827800002748F1B1A1B88	1	1	0.2	6	1	6	0.2	0	0	0.0	0	0	0.0	20210901
005803FF001827800002748F1B1A22D8	1	1	4.9	127	1	121	1.3	1	6	3.6	0	0	0.0	20210901
005803FF001827800002748F1B1A27CB	1	1	1.9	1	0	0	0.0	1	1	1.9	0	0	0.0	20210901
005803FF001827800002748F1B1A2AA8	1	1	1.2	6	1	6	1.2	0	0	0.0	0	0	0.0	20210901
005803FF001827800002748F1B1A2C48	1	1	2.1	3	0	0	0.0	1	3	2.1	0	0	0.0	20210901
005803FF001827800002748F1B1A2C84	1	1	0.7	1	1	1	0.7	0	0	0.0	0	0	0.0	20210901
005803FF001827800003748F1B1BEDD3	0	0	0.0	0	0	0	0.0	0	0	0.0	0	0	0.0	20210901
005803FF001827800004748F1B1CABF4	1	1	2.5	10	1	6	0.3	0	0	0.0	1	4	2.2	20210901
005803FF00182790000164E0AB108A96	1	1	0.0	14	1	14	0.0	0	0	0.0	0	0	0.0	20210901
005803FF00182790000164E0AB108D85	1	1	0.0	4	1	4	0.0	0	0	0.0	0	0	0.0	20210901
005803FF00182850000164E0AB7A1E85	1	1	1.0	4	1	4	1.0	0	0	0.0	0	0	0.0	20210901
005803FF00182850000164E0AB7A1FB7	1	1	0.0	6	1	6	0.0	0	0	0.0	0	0	0.0	20210901
005803FF00182850000164E0AB7A271F	1	1	0.4	24	1	24	0.4	0	0	0.0	0	0	0.0	20210901
005803FF00182850000164E0AB7A4893	1	1	0.2	20	1	20	0.2	0	0	0.0	0	0	0.0	20210901
005803FF00182850000164E0AB7A5244	0	0	0.0	0	0	0	0.0	0	0	0.0	0	0	0.0	20210901
005803FF00182850000164E0AB7A55FC	1	1	2.1	193	1	193	2.1	0	0	0.0	0	0	0.0	20210901
005803FF00182850000164E0AB7A6307	1	1	0.1	10	1	10	0.1	0	0	0.0	0	0	0.0	20210901
005803FF00182850000164E0AB7A68D0	1	1	0.1	3	0	0	0.0	1	3	0.1	0	0	0.0	20210901
005803FF00182850000264E0AB8B4449	1	1	0.0	1	1	1	0.0	0	0	0.0	0	0	0.0	20210901
005803FF00182850000264E0AB8B4950	1	1	1.3	121	1	121	1.3	0	0	0.0	0	0	0.0	20210901
005803FF00182850000264E0AB8B5AEE	0	0	0.0	0	0	0	0.0	0	0	0.0	0	0	0.0	20210901
005803FF00182850000264E0AB8B6698	0	0	0.0	0	0	0	0.0	0	0	0.0	0	0	0.0	20210901
005803FF00182850000264E0AB8B6B4D	1	1	0.8	44	1	43	0.8	1	1	0.0	0	0	0.0	20210901
005803FF00182850000264E0AB8B6C72	1	1	1.7	104	1	104	1.7	0	0	0.0	0	0	0.0	20210901
005803FF00182850000264E0AB8B6DF4	1	1	0.0	1	1	1	0.0	0	0	0.0	0	0	0.0	20210901
005803FF00182850000264E0AB8B7107	1	1	3.6	6	0	0	0.0	1	6	3.6	0	0	0.0	20210901
005803FF00182850000264E0AB8B7FBA	1	1	0.0	1	0	0	0.0	0	0	0.0	1	1	0.0	20210901
005803FF00182850000264E0AB8B800B	1	1	1.1	49	1	49	1.1	0	0	0.0	0	0	0.0	20210901
005803FF00182850000364E0AB8DCDF5	1	1	0.1	8	1	8	0.1	0	0	0.0	0	0	0.0	20210901
005803FF00182850000364E0AB8DCFCB	1	0	0.0	0	0	0	0.0	0	0	0.0	0	0	0.0	20210901
005803FF00182850000464E0AB94AF14	1	1	7.1	13	0	0	0.0	0	0	0.0	1	13	7.1	20210901
005803FF00182850000464E0AB94CCB2	1	1	0.1	79	1	79	0.1	0	0	0.0	0	0	0.0	20210901
005803FF00182850000464E0AB94CEAF	1	1	1.2	335	1	335	1.2	0	0	0.0	0	0	0.0	20210901
005803FF00182850000464E0AB94D820	1	1	0.0	78	1	78	0.0	0	0	0.0	0	0	0.0	20210901
005803FF00182920000164E0ABC39774	1	1	0.0	9	1	9	0.0	0	0	0.0	0	0	0.0	20210901
005803FF00182920000164E0ABC3A0A0	1	1	2.7	90	1	90	2.7	0	0	0.0	0	0	0.0	20210901
005803FF00182920000164E0ABC3AA8B	1	0	0.0	0	0	0	0.0	0	0	0.0	0	0	0.0	20210901
005803FF00182920000164E0ABC3AB4A	1	1	3.7	183	1	175	1.1	1	8	2.6	0	0	0.0	20210901
005803FF00182920000264E0ABCF5F75	1	1	0.0	1	1	1	0.0	0	0	0.0	0	0	0.0	20210901
005803FF00182920000264E0ABCF63D7	1	1	0.0	2	1	2	0.0	0	0	0.0	0	0	0.0	20210901
005803FF00182920000264E0ABCF7D59	1	1	0.0	2	1	2	0.0	0	0	0.0	0	0	0.0	20210901
005803FF00182920000264E0ABCF83A4	1	1	0.8	69	1	69	0.8	0	0	0.0	0	0	0.0	20210901
005803FF00182920000264E0ABCF846E	1	1	2.1	72	1	72	2.1	0	0	0.0	0	0	0.0	20210901
005803FF00182920000264E0ABCF84AA	1	1	3.8	160	1	160	3.8	0	0	0.0	0	0	0.0	20210901
005803FF00182920000264E0ABCF84B7	1	1	0.7	65	1	65	0.7	0	0	0.0	0	0	0.0	20210901
005803FF00182920000264E0ABCF9F77	1	1	1.2	12	1	7	0.0	0	0	0.0	1	5	1.1	20210901
005803FF00189750000164E0AB44C78F	1	1	0.8	26	1	26	0.8	0	0	0.0	0	0	0.0	20210901
005803FF00189750000164E0AB44CC93	1	1	0.8	2	1	2	0.8	0	0	0.0	0	0	0.0	20210901
005803FF00189750000264E0AB4713F5	1	0	0.0	0	0	0	0.0	0	0	0.0	0	0	0.0	20210901
005803FF00189790000364E0AB02B3D0	0	0	0.0	0	0	0	0.0	0	0	0.0	0	0	0.0	20210901
005803FF00189790000664E0AB1F0AFB	1	1	1.0	101	1	96	0.7	1	5	0.3	0	0	0.0	20210901
005803FF00189850000164E0AB8C5520	1	1	0.9	82	1	81	0.9	0	0	0.0	1	1	0.0	20210901
005803FF00189850000164E0AB8C5C98	1	1	1.2	10	1	10	1.2	0	0	0.0	0	0	0.0	20210901
005803FF00189850000164E0AB8C5CC7	1	1	1.0	1	1	1	1.0	0	0	0.0	0	0	0.0	20210901
005803FF00189850000164E0AB8C6603	1	1	1.1	23	1	23	1.1	0	0	0.0	0	0	0.0	20210901
005803FF00189850000164E0AB8C6950	1	1	0.0	6	1	6	0.0	0	0	0.0	0	0	0.0	20210901
005803FF00189850000164E0AB8C95CC	1	1	3.0	119	1	119	3.0	0	0	0.0	0	0	0.0	20210901
005803FF00189850000164E0AB8C9DEF	1	1	1.1	81	1	81	1.1	0	0	0.0	0	0	0.0	20210901
005803FF00189920000164E0ABD4FAAD	1	1	3.7	101	1	99	2.8	1	1	0.9	1	1	0.0	20210901
005803FF00189920000164E0ABD4FB39	1	1	0.3	27	1	27	0.3	0	0	0.0	0	0	0.0	20210901
005803FF00189920000164E0ABD4FB64	1	1	0.9	30	1	30	0.9	0	0	0.0	0	0	0.0	20210901
005803FF00189920000164E0ABD4FB82	1	1	2.0	6	1	6	2.0	0	0	0.0	0	0	0.0	20210901
005803FF00189920000164E0ABD4FE19	1	1	0.1	21	1	21	0.1	0	0	0.0	0	0	0.0	20210901
005803FF00189920000164E0ABD50D2B	0	0	0.0	0	0	0	0.0	0	0	0.0	0	0	0.0	20210901
005803FF00189920000164E0ABD5198F	1	0	0.0	0	0	0	0.0	0	0	0.0	0	0	0.0	20210901
005803FF00189920000164E0ABD5270B	1	1	2.9	32	1	32	2.9	0	0	0.0	0	0	0.0	20210901
005803FF00189920000164E0ABD527B8	1	1	4.6	65	1	53	1.4	0	0	0.0	1	12	3.2	20210901
005803FF00189920000164E0ABD5289F	0	0	0.0	0	0	0	0.0	0	0	0.0	0	0	0.0	20210901
005803FF00189920000164E0ABD529CA	1	0	0.0	0	0	0	0.0	0	0	0.0	0	0	0.0	20210901
005803FF00189920000264E0ABD93999	0	0	0.0	0	0	0	0.0	0	0	0.0	0	0	0.0	20210901
005803FF00189920000264E0ABD93EE5	1	1	2.2	119	1	117	2.2	0	0	0.0	1	2	0.0	20210901
005803FF00189920000364E0ABDE0465	1	1	0.2	68	1	67	0.2	0	0	0.0	1	1	0.0	20210901
005803FF00189920000364E0ABDE0843	1	1	2.2	16	1	11	1.8	1	5	0.4	0	0	0.0	20210901
005803FF00189920000364E0ABDE0DD1	1	1	3.4	58	1	58	3.4	0	0	0.0	0	0	0.0	20210901
005803FF00189920000364E0ABDE0F81	1	1	8.5	129	1	119	4.9	1	10	3.6	0	0	0.0	20210901
005803FF00189920000364E0ABDE1000	1	1	1.1	13	1	13	1.1	0	0	0.0	0	0	0.0	20210901
005803FF00189920000364E0ABDE1040	1	1	1.0	6	1	6	1.0	0	0	0.0	0	0	0.0	20210901
005803FF00189920000364E0ABDE109F	1	0	0.0	0	0	0	0.0	0	0	0.0	0	0	0.0	20210901
005803FF00189920000364E0ABDE12BE	1	1	0.1	9	1	4	0.0	1	5	0.1	0	0	0.0	20210901
005803FF00189920000364E0ABDE12BF	1	1	0.1	9	1	9	0.1	0	0	0.0	0	0	0.0	20210901
005803FF00189920000364E0ABDE133B	1	1	2.0	2	1	2	2.0	0	0	0.0	0	0	0.0	20210901
005803FF002890600000AC4AFED49D01	1	1	0.0	1	1	1	0.0	0	0	0.0	0	0	0.0	20210901
005803FF002890600000AC4AFED4A348	1	0	0.0	0	0	0	0.0	0	0	0.0	0	0	0.0	20210901
005803FF002890600000AC4AFED4AC0B	1	1	2.8	4	0	0	0.0	1	4	2.8	0	0	0.0	20210901
005804FF0002972000018C8F8BFDB0EF	1	1	1.0	2	1	2	1.0	0	0	0.0	0	0	0.0	20210901
0F5803FF004735900000D4C1C8AA9423	1	0	0.0	0	0	0	0.0	0	0	0.0	0	0	0.0	20210901
145803FF004735900000DCDFD69C9DBE	0	0	0.0	0	0	0	0.0	0	0	0.0	0	0	0.0	20210901
845803FF004735900000E8ACAD95D096	0	0	0.0	0	0	0	0.0	0	0	0.0	0	0	0.0	20210901
885803FF004735900000D4C1C8A2DB8B	1	1	0.2	3	1	3	0.2	0	0	0.0	0	0	0.0	20210901
935803FF004735900000E8ACADE2DF6A	1	1	0.0	16	1	16	0.0	0	0	0.0	0	0	0.0	20210901
965803FF0047406000009C2F4E277EF2	1	1	0.8	66	1	66	0.8	0	0	0.0	0	0	0.0	20210901
A55803FF004735100000049573BA776A	1	1	0.0	1	1	1	0.0	0	0	0.0	0	0	0.0	20210901
AF5803FF004735900000E8ACADEF39A8	0	0	0.0	0	0	0	0.0	0	0	0.0	0	0	0.0	20210901
BD5803FF004735900000E8ACADEE6C64	1	1	0.6	12	1	12	0.6	0	0	0.0	0	0	0.0	20210901
CC5803FF004735900000D4C1C89E8075	0	0	0.0	0	0	0	0.0	0	0	0.0	0	0	0.0	20210901
D45803FF004735900000D4C1C8BD0598	1	0	0.0	0	0	0	0.0	0	0	0.0	0	0	0.0	20210901
DE5803FF004735900000E8ACADEF1C83	1	1	1.0	3	1	3	1.0	0	0	0.0	0	0	0.0	20210901
E15803FF004735100000049573D92E4A	1	1	0.1	17	1	17	0.1	0	0	0.0	0	0	0.0	20210901
005801FF0001005006D400692D3DA747	0	0	0.0	0	0	0	0.0	0	0	0.0	0	0	0.0	20210901
005801FF0001005006D400692D3DACDC	1	1	0.0	1	1	1	0.0	0	0	0.0	0	0	0.0	20210901
005801FF0001005006D400692D3DB2F8	1	1	0.0	2	0	0	0.0	1	1	0.0	1	1	0.0	20210901
005801FF0001005006D400692D3DBBC0	1	1	0.3	13	1	13	0.3	0	0	0.0	0	0	0.0	20210901
005801FF0001005006D400692D3DC185	1	1	2.3	2	0	0	0.0	1	2	2.3	0	0	0.0	20210901
005801FF00010050F6E52C43BE5CA3AD	1	1	0.8	14	1	14	0.8	0	0	0.0	0	0	0.0	20210901
005801FF00010050F6E52C43BE5CA672	1	1	1.9	42	1	40	1.8	0	0	0.0	1	2	0.1	20210901
005801FF00010050F6E52C43BE5CAAA6	1	1	1.5	7	1	5	0.1	0	0	0.0	1	2	1.4	20210901
005801FF00010050F6E52C43BE5CAB50	1	1	2.1	19	1	19	2.1	0	0	0.0	0	0	0.0	20210901
005801FF00010050F6E52C43BE5CAC20	1	1	1.5	98	1	98	1.5	0	0	0.0	0	0	0.0	20210901
005801FF00010050F6E52C43BE5CAE15	1	0	0.0	0	0	0	0.0	0	0	0.0	0	0	0.0	20210901
005801FF00010050F6E52C43BE5CB3D5	1	1	0.8	17	1	14	0.2	1	3	0.6	0	0	0.0	20210901
005801FF00010050F6E52C43BE5CBB9A	1	1	0.5	5	1	5	0.5	0	0	0.0	0	0	0.0	20210901
005801FF00010050F6E52C43BE5CBF8D	1	1	1.1	3	1	3	1.1	0	0	0.0	0	0	0.0	20210901
005801FF00010050F6E52C43BE5CD19E	1	1	2.2	127	1	121	2.2	1	6	0.0	0	0	0.0	20210901
005801FF0001007005B860D21C304E02	1	1	0.9	9	1	9	0.9	0	0	0.0	0	0	0.0	20210901
005801FF0001007005B860D21C3073EB	0	0	0.0	0	0	0	0.0	0	0	0.0	0	0	0.0	20210901
005801FF0001007005B860D21C30827D	1	0	0.0	0	0	0	0.0	0	0	0.0	0	0	0.0	20210901
005801FF0001007005B860D21C308C91	1	1	0.5	5	1	5	0.5	0	0	0.0	0	0	0.0	20210901
005801FF0001007005B860D21C30BBD8	1	1	1.7	2	1	1	0.0	1	1	1.7	0	0	0.0	20210901
005801FF0001007005B860D21C30BF78	1	0	0.0	0	0	0	0.0	0	0	0.0	0	0	0.0	20210901
005801FF0001007005BA60D21C626ED9	1	1	0.0	2	1	2	0.0	0	0	0.0	0	0	0.0	20210901
005801FF0001007005C360D21CA7AA92	1	1	0.0	1	1	1	0.0	0	0	0.0	0	0	0.0	20210901
005801FF0001007005C360D21CA7DDAB	1	0	0.0	0	0	0	0.0	0	0	0.0	0	0	0.0	20210901
005801FF0001007005C360D21CA7E7E9	1	1	0.2	2	1	2	0.2	0	0	0.0	0	0	0.0	20210901
005801FF0001007005C360D21CA87FEA	1	0	0.0	0	0	0	0.0	0	0	0.0	0	0	0.0	20210901
005801FF0001007005C360D21CA883FA	1	1	1.5	4	0	0	0.0	1	4	1.5	0	0	0.0	20210901
005801FF0001007006B960D21C4A07B2	1	0	0.0	0	0	0	0.0	0	0	0.0	0	0	0.0	20210901
005801FF0001007006B960D21C4A07C7	1	1	0.8	10	1	7	0.2	0	0	0.0	1	3	0.6	20210901
005801FF0001007006B960D21C4A0925	1	0	0.0	0	0	0	0.0	0	0	0.0	0	0	0.0	20210901
005801FF0001007006BA60D21C611E57	1	1	0.1	87	1	87	0.1	0	0	0.0	0	0	0.0	20210901
005801FF0001007006BA60D21C615521	1	1	0.0	10	1	10	0.0	0	0	0.0	0	0	0.0	20210901
005801FF0001007006BA60D21C650BED	1	1	2.6	85	1	85	2.6	0	0	0.0	0	0	0.0	20210901
005801FF0001007006C360D21CAA8261	1	1	0.6	18	1	18	0.6	0	0	0.0	0	0	0.0	20210901
005801FF0001061005B454C57AB1181A	0	0	0.0	0	0	0	0.0	0	0	0.0	0	0	0.0	20210901
005801FF0001061005B454C57AB1BB29	1	1	0.1	14	1	14	0.1	0	0	0.0	0	0	0.0	20210901
005801FF0001061005B454C57AB2359D	0	0	0.0	0	0	0	0.0	0	0	0.0	0	0	0.0	20210901
005801FF0001061005B454C57AB2ADAE	0	0	0.0	0	0	0	0.0	0	0	0.0	0	0	0.0	20210901
005801FF0001061005B454C57AB2FDAD	0	0	0.0	0	0	0	0.0	0	0	0.0	0	0	0.0	20210901
005801FF0001090001C360D21CAC9A8D	0	0	0.0	0	0	0	0.0	0	0	0.0	0	0	0.0	20210901
005801FF0001090001C360D21CACB212	1	0	0.0	0	0	0	0.0	0	0	0.0	0	0	0.0	20210901
005801FF0001090001C360D21CACDD79	1	1	2.7	29	1	29	2.7	0	0	0.0	0	0	0.0	20210901
005801FF0001090001C360D21CACDF78	1	1	0.0	6	1	6	0.0	0	0	0.0	0	0	0.0	20210901
005801FF0001090001C360D21CACEAE9	1	1	1.4	21	1	21	1.4	0	0	0.0	0	0	0.0	20210901
005801FF0001090001C360D21CACEE0A	1	1	0.4	4	1	4	0.4	0	0	0.0	0	0	0.0	20210901
005801FF0001090001C360D21CACFA04	0	0	0.0	0	0	0	0.0	0	0	0.0	0	0	0.0	20210901
005801FF0001090001C360D21CAD060A	1	1	1.0	22	1	22	1.0	0	0	0.0	0	0	0.0	20210901
005801FF0001090003C360D21CAD3D45	1	1	1.0	35	1	35	1.0	0	0	0.0	0	0	0.0	20210901
005801FF0001090006C660D21CBF5B65	0	0	0.0	0	0	0	0.0	0	0	0.0	0	0	0.0	20210901
005801FF0001101001EC08A5C8167A48	1	1	0.0	1	1	1	0.0	0	0	0.0	0	0	0.0	20210901
005801FF0001101001EC08A5C816985B	1	1	1.3	6	1	6	1.3	0	0	0.0	0	0	0.0	20210901
005801FF0001181001A460313B3AC392	0	0	0.0	0	0	0	0.0	0	0	0.0	0	0	0.0	20210901
005801FF0001181001A460313B3B5A9A	1	1	0.0	1	1	1	0.0	0	0	0.0	0	0	0.0	20210901
005801FF0001181001A960313BBA847B	1	0	0.0	0	0	0	0.0	0	0	0.0	0	0	0.0	20210901
005801FF0001181001A960313BBADB4B	0	0	0.0	0	0	0	0.0	0	0	0.0	0	0	0.0	20210901
005801FF0001181001A960313BBB6F93	1	1	0.0	3	1	3	0.0	0	0	0.0	0	0	0.0	20210901
005801FF0001181001A960313BBBB49D	1	1	0.0	3	1	3	0.0	0	0	0.0	0	0	0.0	20210901
005801FF0001181001AC54C57A1FF1AB	1	1	0.1	1	1	1	0.1	0	0	0.0	0	0	0.0	20210901
005801FF0001181001AC54C57A200F69	1	1	0.0	18	1	18	0.0	0	0	0.0	0	0	0.0	20210901
005801FF0001181001AC54C57A2014E5	1	0	0.0	0	0	0	0.0	0	0	0.0	0	0	0.0	20210901
005801FF0001181001AC54C57A202225	1	0	0.0	0	0	0	0.0	0	0	0.0	0	0	0.0	20210901
005801FF0001181001AC54C57A20344F	1	0	0.0	0	0	0	0.0	0	0	0.0	0	0	0.0	20210901
005801FF0001181001AC54C57A211479	1	0	0.0	0	0	0	0.0	0	0	0.0	0	0	0.0	20210901
005801FF0001181001AC54C57A214F03	1	1	0.9	49	1	49	0.9	0	0	0.0	0	0	0.0	20210901
005801FF0001181001FB08A5C8B28A64	0	0	0.0	0	0	0	0.0	0	0	0.0	0	0	0.0	20210901
005801FF0001181001FB08A5C8B2A1DA	1	1	0.2	27	1	27	0.2	0	0	0.0	0	0	0.0	20210901
005801FF0001181003A460313B33F929	1	1	1.1	78	1	78	1.1	0	0	0.0	0	0	0.0	20210901
005801FF0001181003A460313B3430C3	1	1	2.5	14	1	9	1.1	1	5	1.4	0	0	0.0	20210901
005801FF0001181003A460313B34336B	1	0	0.0	0	0	0	0.0	0	0	0.0	0	0	0.0	20210901
005801FF0001181003A460313B34655D	0	0	0.0	0	0	0	0.0	0	0	0.0	0	0	0.0	20210901
005801FF0001181003A460313B34C349	1	1	0.0	2	1	2	0.0	0	0	0.0	0	0	0.0	20210901
005801FF0001181003A460313B34F3A1	1	0	0.0	0	0	0	0.0	0	0	0.0	0	0	0.0	20210901
005801FF0001181003A460313B351E07	1	0	0.0	0	0	0	0.0	0	0	0.0	0	0	0.0	20210901
005801FF0001181003A460313B353D31	1	1	0.2	13	1	2	0.0	0	0	0.0	1	11	0.1	20210901
005801FF0001181003A460313B35CC6F	1	1	0.1	8	1	8	0.1	0	0	0.0	0	0	0.0	20210901
005801FF0031082003EA08A5C80B512F	1	1	2.4	24	1	4	0.0	1	19	2.2	1	1	0.2	20210901
005801FF003182B001F408A5C82BD3F7	0	0	0.0	0	0	0	0.0	0	0	0.0	0	0	0.0	20210901
0058030000036020000188795B4A83C1	1	1	4.1	8	1	4	0.0	1	4	4.1	0	0	0.0	20210901
00580300001968000119C8F6C8B86F19	0	0	0.0	0	0	0	0.0	0	0	0.0	0	0	0.0	20210901
00580300001968000219D458004764F0	1	1	0.8	13	0	0	0.0	1	13	0.8	0	0	0.0	20210901
