htv_user_personas_dm.deviceid	htv_user_personas_dm.hourtype	htv_user_personas_dm.rate	htv_user_personas_dm.grouptype	htv_user_personas_dm.date_time
004903000003204019297C52593C36AE	1	old	female	20210901
004903000003204019297C52593C36AE	2	old	female	20210901
004903FF001847800001748F1B108D54	1	child	male	20210901
004903FF001847800001748F1B108D54	3	child	female	20210901
005101FF00011810111160D21CA9B1E5	1	mid	male	20210901
005101FF00011810111160D21CA9B1E5	2	mid	male	20210901
005101FF00011810111160D21CA9B1E5	4	youth	female	20210901
005801FF0001005005D300692D37D26F	1	teen	female	20210901
005801FF0001005005D300692D37D26F	3	teen	female	20210901
005801FF0001005005D300692D37D26F	4	teen	male	20210901
005801FF0001005005D300692D37D294	1	youth	female	20210901
005801FF0001005005D300692D37D294	4	mid	male	20210901
005801FF0001005005D300692D37D2AA	1	teen	female	20210901
005801FF0001005005D300692D37D2AA	2	youth	male	20210901
005801FF0001005005D300692D37D2AA	3	mid	male	20210901
005801FF0001005005D300692D37D2AA	4	mid	female	20210901
005801FF0001005005D300692D37D2AF	1	teen	male	20210901
005801FF0001005005D300692D37D2EE	1	teen	male	20210901
005801FF0001005005D300692D37D2EE	3	teen	male	20210901
005801FF0001005005D300692D37D2EE	4	teen	female	20210901
005801FF0001005005D300692D37D300	1	teen	male	20210901
005801FF0001005005D300692D37D300	2	teen	male	20210901
005801FF0001005005D300692D37D300	3	teen	female	20210901
005801FF0001005005D300692D37D300	4	teen	female	20210901
005801FF0001005005D300692D37D349	1	teen	male	20210901
005801FF0001005005D300692D37D349	3	teen	female	20210901
005801FF0001005005D300692D37D356	1	teen	male	20210901
005801FF0001005005D300692D37D356	3	teen	male	20210901
005801FF0001005005D300692D37D356	4	teen	male	20210901
005801FF0001005005D300692D37D362	1	youth	female	20210901
005801FF0001005005D300692D37D362	2	mid	male	20210901
005801FF0001005005D300692D37D362	3	youth	female	20210901
005801FF0001005005D300692D37D363	1	teen	female	20210901
005801FF0001005005D300692D37D36E	1	mid	male	20210901
005801FF0001005005D300692D37D376	1	youth	female	20210901
005801FF0001005005D300692D37D39F	1	old	male	20210901
005801FF0001005005D300692D37D39F	2	teen	male	20210901
005801FF0001005005D300692D37D3B0	1	teen	female	20210901
005801FF0001005005D300692D37D3B0	3	youth	female	20210901
005801FF0001005005D300692D37D3D5	1	youth	female	20210901
005801FF0001005005D300692D37D3D5	3	youth	male	20210901
005801FF0001005005D300692D37D437	1	youth	male	20210901
005801FF0001005005D300692D37D437	4	youth	male	20210901
005801FF0001005005D300692D37D444	1	old	female	20210901
005801FF0001005005D300692D37D444	3	old	female	20210901
005801FF0001005005D300692D37D444	4	child	female	20210901
005801FF0001005005D300692D37D460	1	teen	male	20210901
005801FF0001005005D300692D37D460	4	teen	male	20210901
005801FF0001005005D300692D37D465	1	mid	female	20210901
005801FF0001005005D300692D37D465	3	youth	female	20210901
005801FF0001005005D300692D37D465	4	mid	female	20210901
005801FF0001005005D300692D37D4AD	1	teen	male	20210901
005801FF0001005005D300692D37D4AD	2	teen	male	20210901
005801FF0001005005D300692D37D4AD	3	teen	female	20210901
005801FF0001005005D300692D37D4AD	4	teen	female	20210901
005801FF0001005005D300692D37D4B1	1	teen	male	20210901
005801FF0001005005D300692D37D4B1	4	teen	male	20210901
005801FF0001005005D300692D37D4BE	1	youth	female	20210901
005801FF0001005005D300692D37D4BE	3	mid	male	20210901
005801FF0001005005D300692D37D4D7	1	mid	male	20210901
005801FF0001005005D300692D37D4D7	3	mid	male	20210901
005801FF0001005005D300692D37D4DB	1	youth	female	20210901
005801FF0001005005D300692D37D4DB	2	mid	male	20210901
005801FF0001005005D300692D37D4DB	3	youth	male	20210901
005801FF0001005005D300692D37D4E3	1	youth	male	20210901
005801FF0001005005D300692D37D4E3	4	youth	female	20210901
005801FF0001005005D300692D37D4EA	1	youth	female	20210901
005801FF0001005005D300692D37D4EA	3	youth	male	20210901
005801FF0001005005D300692D37D4EA	4	teen	male	20210901
005801FF0001005005D300692D37D52C	1	mid	male	20210901
005801FF0001005005D300692D37D52C	4	youth	female	20210901
005801FF0001005005D300692D37D55D	1	teen	female	20210901
005801FF0001005005D300692D37D55D	3	teen	female	20210901
005801FF0001005005D300692D37D580	1	youth	male	20210901
005801FF0001005005D300692D37D580	3	mid	male	20210901
005801FF0001005005D300692D37D580	4	mid	male	20210901
005801FF0001005005D300692D37D5E3	1	youth	male	20210901
005801FF0001005005D300692D37D629	1	youth	female	20210901
005801FF0001005005D300692D37D629	4	mid	female	20210901
005801FF0001005005D300692D37D643	1	youth	male	20210901
005801FF0001005005D300692D37D643	2	youth	male	20210901
005801FF0001005005D300692D37D643	4	mid	female	20210901
005801FF0001005005D300692D37D67D	1	youth	female	20210901
005801FF0001005005D300692D37D67D	3	youth	female	20210901
005801FF0001005005D300692D37D67E	1	teen	male	20210901
005801FF0001005005D300692D37D67E	3	teen	female	20210901
005801FF0001005005D300692D37D67E	4	teen	male	20210901
005801FF0001005005D300692D37D6B0	1	youth	male	20210901
005801FF0001005005D300692D37D6D4	1	teen	female	20210901
005801FF0001005005D300692D37D6D4	2	teen	female	20210901
005801FF0001005005D300692D37D6F3	1	youth	male	20210901
005801FF0001005005D300692D37D6F3	3	mid	male	20210901
005801FF0001005005D300692D37D6F3	4	youth	male	20210901
005801FF0001005005D300692D37D733	1	youth	male	20210901
005801FF0001005005D300692D37D733	3	youth	female	20210901
005801FF0001005005D300692D37D733	4	youth	female	20210901
005801FF0001005005D300692D37D74E	1	child	male	20210901
005801FF0001005005D300692D37D74F	1	teen	male	20210901
005801FF0001005005D300692D37D74F	4	teen	female	20210901
005801FF0001005005D300692D37D75D	1	old	male	20210901
005801FF0001005005D300692D37D75D	4	youth	female	20210901
005801FF0001005005D300692D37D79E	1	teen	male	20210901
005801FF0001005005D300692D37D79E	3	mid	female	20210901
005801FF0001005005D300692D37D79E	4	youth	female	20210901
005801FF0001005005D300692D37D7AE	1	youth	male	20210901
005801FF0001005005D300692D37D7AE	3	teen	female	20210901
005801FF0001005005D300692D37D7BF	1	child	male	20210901
005801FF0001005005D300692D37D7C5	1	youth	female	20210901
005801FF0001005005D300692D37D7C5	3	mid	female	20210901
005801FF0001005005D300692D37D7C5	4	teen	male	20210901
005801FF0001005005D300692D37D7D5	1	mid	female	20210901
005801FF0001005005D300692D37D7D5	3	old	female	20210901
005801FF0001005005D300692D37D7D5	4	teen	male	20210901
005801FF0001005005D300692D37D7D6	1	teen	female	20210901
005801FF0001005005D300692D37D7D6	2	teen	male	20210901
005801FF0001005005D300692D37D7D6	3	mid	male	20210901
005801FF0001005005D300692D37D7D6	4	teen	female	20210901
005801FF0001005005D300692D37D7E1	1	mid	male	20210901
005801FF0001005005D300692D37D7E1	4	mid	male	20210901
005801FF0001005005D300692D37D81A	1	youth	female	20210901
005801FF0001005005D300692D37D843	1	teen	female	20210901
005801FF0001005005D300692D37D843	2	teen	male	20210901
005801FF0001005005D300692D37D85B	1	youth	male	20210901
005801FF0001005005D300692D37D85B	3	youth	female	20210901
005801FF0001005005D300692D37D85F	1	teen	male	20210901
005801FF0001005005D300692D37D85F	3	teen	female	20210901
005801FF0001005005D300692D37D883	1	teen	male	20210901
005801FF0001005005D300692D37D883	2	teen	female	20210901
005801FF0001005005D300692D37D883	4	teen	male	20210901
005801FF0001005005D300692D37D8A7	1	youth	female	20210901
005801FF0001005005D300692D37D8C3	1	teen	male	20210901
005801FF0001005005D300692D37D8C3	3	teen	male	20210901
005801FF0001005005D300692D37D8C7	1	youth	male	20210901
005801FF0001005005D300692D37D8C7	3	mid	male	20210901
005801FF0001005005D300692D37D8C7	4	youth	female	20210901
005801FF0001005005D300692D37D8D2	1	youth	male	20210901
005801FF0001005005D300692D37D8D2	3	youth	female	20210901
005801FF0001005005D300692D37D8D2	4	youth	male	20210901
005801FF0001005005D300692D37D8FF	1	teen	male	20210901
005801FF0001005005D300692D37D8FF	2	teen	female	20210901
005801FF0001005005D300692D37D8FF	3	teen	male	20210901
005801FF0001005005D300692D37D915	1	teen	female	20210901
005801FF0001005005D300692D37D915	3	teen	female	20210901
005801FF0001005005D300692D37D915	4	teen	male	20210901
005801FF0001005005D300692D37D94C	1	teen	female	20210901
005801FF0001005005D300692D37D94C	4	teen	male	20210901
005801FF0001005005D300692D37D962	1	youth	female	20210901
005801FF0001005005D300692D37D962	4	mid	male	20210901
005801FF0001005005D300692D37D96B	1	mid	male	20210901
005801FF0001005005D300692D37D96B	4	old	female	20210901
005801FF0001005005D300692D37D979	1	teen	female	20210901
005801FF0001005005D300692D37D979	4	youth	male	20210901
005801FF0001005005D300692D37D981	1	mid	female	20210901
005801FF0001005005D300692D37D9C7	4	old	male	20210901
005801FF0001005005D300692D37DA0C	1	youth	female	20210901
005801FF0001005005D300692D37DA0C	3	teen	male	20210901
005801FF0001005005D300692D37DA62	1	youth	male	20210901
005801FF0001005005D300692D37DA62	4	youth	male	20210901
005801FF0001005005D300692D37DA69	1	youth	female	20210901
005801FF0001005005D300692D37DA69	3	youth	female	20210901
005801FF0001005005D300692D37DA69	4	youth	female	20210901
005801FF0001005005D300692D37DA6C	1	youth	male	20210901
005801FF0001005005D300692D37DA6C	2	youth	male	20210901
005801FF0001005005D300692D37DA6D	1	youth	female	20210901
005801FF0001005005D300692D37DA6D	2	mid	female	20210901
005801FF0001005005D300692D37DA6D	3	youth	female	20210901
005801FF0001005005D300692D37DA6D	4	mid	male	20210901
005801FF0001005005D300692D37DA82	1	child	male	20210901
005801FF0001005005D300692D37DA95	1	youth	female	20210901
005801FF0001005005D300692D37DA95	4	youth	female	20210901
005801FF0001005005D300692D37DAAB	1	youth	male	20210901
005801FF0001005005D300692D37DAAE	1	teen	male	20210901
005801FF0001005005D300692D37DAAE	3	teen	male	20210901
005801FF0001005005D300692D37DAB3	1	teen	female	20210901
005801FF0001005005D300692D37DAB3	3	teen	male	20210901
005801FF0001005005D300692D37DAB3	4	teen	male	20210901
005801FF0001005005D300692D37DAC3	1	mid	female	20210901
005801FF0001005005D300692D37DAC3	4	mid	male	20210901
005801FF0001005005D300692D37DACB	1	teen	female	20210901
005801FF0001005005D300692D37DACB	3	teen	male	20210901
005801FF0001005005D300692D37DACC	1	child	male	20210901
005801FF0001005005D300692D37DB14	1	teen	female	20210901
005801FF0001005005D300692D37DB14	3	teen	female	20210901
005801FF0001005005D300692D37DB62	1	youth	male	20210901
005801FF0001005005D300692D37DB62	4	mid	male	20210901
005801FF0001005005D300692D37DB84	1	teen	female	20210901
005801FF0001005005D300692D37DB84	3	teen	male	20210901
005801FF0001005005D300692D37DB84	4	teen	female	20210901
005801FF0001005005D300692D37DBE8	1	youth	male	20210901
005801FF0001005005D300692D37DBE8	4	mid	male	20210901
005801FF0001005005D300692D37DBFB	4	teen	female	20210901
005801FF0001005005D300692D37DC0B	1	mid	male	20210901
005801FF0001005005D300692D37DC0B	4	youth	female	20210901
005801FF0001005005D300692D37DC27	1	youth	male	20210901
005801FF0001005005D300692D37DC27	4	youth	female	20210901
005801FF0001005005D300692D37DC95	1	youth	male	20210901
005801FF0001005005D300692D37DC95	3	youth	female	20210901
005801FF0001005005D300692D37DC95	4	teen	female	20210901
005801FF0001005005D300692D37DCA8	1	youth	male	20210901
005801FF0001005005D300692D37DCA8	4	mid	male	20210901
005801FF0001005005D300692D37DCB7	1	teen	female	20210901
005801FF0001005005D300692D37DCB7	4	teen	female	20210901
005801FF0001005005D300692D37DCBE	1	mid	male	20210901
005801FF0001005005D300692D37DCBE	4	youth	male	20210901
005801FF0001005005D300692D37DCCE	1	teen	female	20210901
005801FF0001005005D300692D37DCCE	4	teen	female	20210901
005801FF0001005005D300692D37DCD7	1	teen	male	20210901
005801FF0001005005D300692D37DCD7	3	teen	male	20210901
005801FF0001005005D300692D37DCEC	1	teen	male	20210901
005801FF0001005005D300692D37DCEC	3	teen	male	20210901
005801FF0001005005D300692D37DCEC	4	teen	male	20210901
005801FF0001005005D300692D37DCF3	1	teen	female	20210901
005801FF0001005005D300692D37DCF3	4	mid	male	20210901
005801FF0001005005D300692D37DD1B	1	child	female	20210901
005801FF0001005005D300692D37DD1B	4	old	male	20210901
005801FF0001005005D300692D37DD4E	1	youth	male	20210901
005801FF0001005005D300692D37DD4E	3	youth	male	20210901
005801FF0001005005D300692D37DD4E	4	youth	female	20210901
005801FF0001005005D300692D37DD59	1	mid	male	20210901
005801FF0001005005D300692D37DD59	4	mid	male	20210901
005801FF0001005005D300692D37DD63	1	teen	female	20210901
005801FF0001005005D300692D37DD63	4	teen	female	20210901
005801FF0001005005D300692D37DD6F	1	youth	male	20210901
005801FF0001005005D300692D37DD80	1	teen	female	20210901
005801FF0001005005D300692D37DD80	2	teen	male	20210901
005801FF0001005005D300692D37DD80	3	teen	male	20210901
005801FF0001005005D300692D37DD80	4	youth	female	20210901
005801FF0001005005D300692D37DDA1	1	teen	male	20210901
005801FF0001005005D300692D37DDA1	3	teen	male	20210901
005801FF0001005005D300692D37DDA6	1	mid	male	20210901
005801FF0001005005D300692D37DDA6	4	youth	male	20210901
005801FF0001005005D300692D37DDDB	1	mid	female	20210901
005801FF0001005005D300692D37DDDB	4	mid	female	20210901
005801FF0001005005D300692D37DE1C	1	youth	male	20210901
005801FF0001005005D300692D37DE23	1	teen	male	20210901
005801FF0001005005D300692D37DE54	1	mid	female	20210901
005801FF0001005005D300692D37DE54	3	youth	female	20210901
005801FF0001005005D300692D37DE54	4	youth	female	20210901
005801FF0001005005D300692D37DE69	1	teen	male	20210901
005801FF0001005005D300692D37DE69	3	teen	female	20210901
005801FF0001005005D300692D37DE9C	1	mid	male	20210901
005801FF0001005005D300692D37DE9C	3	mid	male	20210901
005801FF0001005005D300692D37DEAC	1	youth	male	20210901
005801FF0001005005D300692D37DEAC	4	mid	male	20210901
005801FF0001005005D300692D37DEDE	1	youth	female	20210901
005801FF0001005005D300692D37DEDE	3	youth	female	20210901
005801FF0001005005D300692D37DF18	1	youth	female	20210901
005801FF0001005005D300692D37DF18	2	youth	male	20210901
005801FF0001005005D300692D37DF18	3	youth	female	20210901
005801FF0001005005D300692D37DF18	4	youth	female	20210901
005801FF0001005005D300692D37DF31	1	youth	male	20210901
005801FF0001005005D300692D37DF31	3	youth	male	20210901
005801FF0001005005D300692D37DF31	4	youth	male	20210901
005801FF0001005005D300692D37DF32	1	teen	female	20210901
005801FF0001005005D300692D37DF32	2	teen	male	20210901
005801FF0001005005D300692D37DF32	3	teen	female	20210901
005801FF0001005005D300692D37DF32	4	mid	female	20210901
005801FF0001005005D300692D37DF74	1	teen	male	20210901
005801FF0001005005D300692D37DF74	4	teen	male	20210901
005801FF0001005005D300692D37DFCF	1	youth	female	20210901
005801FF0001005005D300692D37DFCF	2	youth	female	20210901
005801FF0001005005D300692D37DFCF	3	youth	female	20210901
005801FF0001005005D300692D37DFE1	1	youth	male	20210901
005801FF0001005005D300692D37DFE1	3	youth	male	20210901
005801FF0001005005D300692D37DFE1	4	mid	male	20210901
005801FF0001005005D300692D37E00D	1	teen	female	20210901
005801FF0001005005D300692D37E00D	2	teen	male	20210901
005801FF0001005005D300692D37E01D	1	teen	female	20210901
005801FF0001005005D300692D37E01D	2	teen	male	20210901
005801FF0001005005D300692D37E01D	3	teen	male	20210901
005801FF0001005005D300692D37E01D	4	teen	female	20210901
005801FF0001005005D300692D37E04B	1	mid	male	20210901
005801FF0001005005D300692D37E0AB	1	teen	male	20210901
005801FF0001005005D300692D37E0AB	4	child	female	20210901
005801FF0001005005D300692D37E0B9	1	teen	female	20210901
005801FF0001005005D300692D37E0B9	2	teen	male	20210901
005801FF0001005005D300692D37E0B9	3	teen	male	20210901
005801FF0001005005D300692D37E0C5	1	youth	female	20210901
005801FF0001005005D300692D37E0C5	4	youth	male	20210901
005801FF0001005005D300692D37E0D8	1	youth	male	20210901
005801FF0001005005D300692D37E0D8	3	youth	male	20210901
005801FF0001005005D300692D37E0D8	4	youth	female	20210901
005801FF0001005005D300692D37E117	1	youth	male	20210901
005801FF0001005005D300692D37E117	2	mid	male	20210901
005801FF0001005005D300692D37E117	3	youth	male	20210901
005801FF0001005005D300692D37E117	4	youth	female	20210901
005801FF0001005005D300692D37E129	1	youth	male	20210901
005801FF0001005005D300692D37E12F	1	teen	male	20210901
005801FF0001005005D300692D37E12F	3	teen	female	20210901
005801FF0001005005D300692D37E12F	4	teen	female	20210901
005801FF0001005005D300692D37E152	1	youth	male	20210901
005801FF0001005005D300692D37E152	3	youth	female	20210901
005801FF0001005005D300692D37E152	4	mid	male	20210901
005801FF0001005005D300692D37E19B	1	youth	male	20210901
005801FF0001005005D300692D37E19B	2	youth	female	20210901
005801FF0001005005D300692D37E19B	3	youth	male	20210901
005801FF0001005005D300692D37E1CF	1	youth	male	20210901
005801FF0001005005D300692D37E1CF	3	youth	female	20210901
005801FF0001005005D300692D37E1DE	1	youth	male	20210901
005801FF0001005005D300692D37E1DE	4	youth	female	20210901
005801FF0001005005D300692D37E1E2	1	mid	female	20210901
005801FF0001005005D300692D37E1E2	4	mid	male	20210901
005801FF0001005005D300692D37E223	1	teen	female	20210901
005801FF0001005005D300692D37E223	3	teen	male	20210901
005801FF0001005005D300692D37E223	4	teen	male	20210901
005801FF0001005005D300692D37E225	1	mid	male	20210901
005801FF0001005005D300692D37E225	4	mid	female	20210901
005801FF0001005005D300692D37E24F	1	youth	male	20210901
005801FF0001005005D300692D37E24F	4	mid	female	20210901
005801FF0001005005D300692D37E259	1	mid	female	20210901
005801FF0001005005D300692D37E259	2	mid	male	20210901
005801FF0001005005D300692D37E27D	1	youth	female	20210901
005801FF0001005005D300692D37E27D	2	youth	male	20210901
005801FF0001005005D300692D37E27D	3	mid	male	20210901
005801FF0001005005D300692D37E27D	4	youth	female	20210901
005801FF0001005005D300692D37E2A3	1	youth	male	20210901
005801FF0001005005D300692D37E2A3	4	youth	male	20210901
005801FF0001005005D300692D37E2C3	1	youth	female	20210901
005801FF0001005005D300692D37E2C3	2	youth	female	20210901
005801FF0001005005D300692D37E2D0	1	teen	male	20210901
005801FF0001005005D300692D37E2D0	3	teen	female	20210901
005801FF0001005005D300692D37E2EA	1	youth	male	20210901
005801FF0001005005D300692D37E2F9	1	youth	male	20210901
005801FF0001005005D300692D37E2F9	3	mid	female	20210901
005801FF0001005005D300692D37E340	1	youth	male	20210901
005801FF0001005005D300692D37E340	3	mid	male	20210901
005801FF0001005005D300692D37E340	4	youth	female	20210901
005801FF0001005005D300692D37E355	1	teen	male	20210901
005801FF0001005005D300692D37E355	4	mid	male	20210901
005801FF0001005005D300692D37E386	1	teen	female	20210901
005801FF0001005005D300692D37E386	2	youth	female	20210901
005801FF0001005005D300692D37E386	3	youth	male	20210901
005801FF0001005005D300692D37E386	4	teen	male	20210901
005801FF0001005005D300692D37E3D0	1	mid	male	20210901
005801FF0001005005D300692D37E3D0	3	youth	female	20210901
005801FF0001005005D300692D37E3D0	4	youth	female	20210901
005801FF0001005005D300692D37E401	1	mid	male	20210901
005801FF0001005005D300692D37E401	4	youth	male	20210901
005801FF0001005005D300692D37E415	1	youth	female	20210901
005801FF0001005005D300692D37E415	4	youth	female	20210901
005801FF0001005005D300692D37E434	1	old	male	20210901
005801FF0001005005D300692D37E434	4	old	male	20210901
005801FF0001005005D300692D37E478	1	mid	female	20210901
005801FF0001005005D300692D37E478	4	child	female	20210901
005801FF0001005005D300692D37E492	1	youth	male	20210901
005801FF0001005005D300692D37E492	4	mid	male	20210901
005801FF0001005005D300692D37E4BF	1	child	female	20210901
005801FF0001005005D300692D37E4CB	1	mid	female	20210901
005801FF0001005005D300692D37E4CB	4	mid	male	20210901
005801FF0001005005D300692D37E4DE	1	child	male	20210901
005801FF0001005005D300692D37E4DE	3	mid	male	20210901
005801FF0001005005D300692D37E4F1	1	teen	male	20210901
005801FF0001005005D300692D37E4F1	4	teen	female	20210901
005801FF0001005005D300692D37E4F9	1	mid	female	20210901
005801FF0001005005D300692D37E4F9	3	mid	male	20210901
005801FF0001005005D300692D37E4F9	4	mid	male	20210901
005801FF0001005005D300692D37E50B	1	mid	male	20210901
005801FF0001005005D300692D37E50B	4	mid	female	20210901
005801FF0001005005D300692D37E523	1	youth	male	20210901
005801FF0001005005D300692D37E523	4	youth	female	20210901
005801FF0001005005D300692D37E528	1	old	male	20210901
005801FF0001005005D300692D37E560	1	teen	female	20210901
005801FF0001005005D300692D37E560	3	teen	female	20210901
005801FF0001005005D300692D37E560	4	teen	female	20210901
005801FF0001005005D300692D37E56D	1	youth	male	20210901
005801FF0001005005D300692D37E56D	4	mid	male	20210901
005801FF0001005005D300692D37E5B7	1	youth	female	20210901
005801FF0001005005D300692D37E5B7	2	mid	female	20210901
005801FF0001005005D300692D37E5B7	3	youth	female	20210901
005801FF0001005005D300692D37E5B7	4	youth	male	20210901
005801FF0001005005D300692D37E5D5	1	teen	male	20210901
005801FF0001005005D300692D37E5D5	2	teen	female	20210901
005801FF0001005005D300692D37E5D5	3	teen	female	20210901
005801FF0001005005D300692D37E5D5	4	teen	male	20210901
005801FF0001005005D300692D37E5F4	1	youth	female	20210901
005801FF0001005005D300692D37E5F4	3	mid	male	20210901
005801FF0001005005D300692D37E5F4	4	mid	male	20210901
005801FF0001005005D300692D37E5F8	1	youth	male	20210901
005801FF0001005005D300692D37E5F8	3	youth	male	20210901
005801FF0001005005D300692D37E5F8	4	youth	female	20210901
005801FF0001005005D300692D37E627	1	mid	male	20210901
005801FF0001005005D300692D37E627	2	mid	male	20210901
005801FF0001005005D300692D37E627	3	youth	male	20210901
005801FF0001005005D300692D37E627	4	mid	male	20210901
005801FF0001005005D300692D37E62B	1	teen	female	20210901
005801FF0001005005D300692D37E62B	3	teen	female	20210901
005801FF0001005005D300692D37E637	1	teen	male	20210901
005801FF0001005005D300692D37E637	4	teen	male	20210901
005801FF0001005005D300692D37E649	1	teen	female	20210901
005801FF0001005005D300692D37E649	4	teen	female	20210901
005801FF0001005005D300692D37E671	1	mid	male	20210901
005801FF0001005005D300692D37E671	4	mid	male	20210901
005801FF0001005005D300692D37E686	1	youth	female	20210901
005801FF0001005005D300692D37E686	4	youth	female	20210901
005801FF0001005005D300692D37E68D	1	teen	male	20210901
005801FF0001005005D300692D37E68D	3	teen	male	20210901
005801FF0001005005D300692D37E68D	4	youth	male	20210901
005801FF0001005005D300692D37E6AE	1	youth	male	20210901
005801FF0001005005D300692D37E6AE	4	youth	female	20210901
005801FF0001005005D300692D37E6BE	1	teen	male	20210901
005801FF0001005005D300692D37E6BE	3	teen	female	20210901
005801FF0001005005D300692D37E6C3	1	mid	female	20210901
005801FF0001005005D300692D37E6C3	4	mid	male	20210901
005801FF0001005005D300692D37E6C6	1	youth	female	20210901
005801FF0001005005D300692D37E6C6	4	youth	male	20210901
005801FF0001005005D300692D37E6DE	1	youth	male	20210901
005801FF0001005005D300692D37E6DE	4	youth	female	20210901
005801FF0001005005D300692D37E6F6	1	youth	male	20210901
005801FF0001005005D300692D37E702	1	mid	female	20210901
005801FF0001005005D300692D37E702	4	youth	female	20210901
005801FF0001005005D300692D37E703	1	teen	male	20210901
005801FF0001005005D300692D37E703	3	teen	female	20210901
005801FF0001005005D300692D37E704	1	youth	male	20210901
005801FF0001005005D300692D37E704	3	youth	male	20210901
005801FF0001005005D300692D37E72F	1	teen	male	20210901
005801FF0001005005D300692D37E72F	2	teen	male	20210901
005801FF0001005005D300692D37E72F	3	teen	female	20210901
005801FF0001005005D300692D37E72F	4	teen	female	20210901
005801FF0001005005D300692D37E735	1	youth	male	20210901
005801FF0001005005D300692D37E735	4	youth	male	20210901
005801FF0001005005D300692D37E739	1	youth	female	20210901
005801FF0001005005D300692D37E739	4	youth	female	20210901
005801FF0001005005D300692D37E74B	1	youth	male	20210901
005801FF0001005005D300692D37E74B	2	teen	male	20210901
005801FF0001005005D300692D37E74B	3	teen	female	20210901
005801FF0001005005D300692D37E750	1	mid	female	20210901
005801FF0001005005D300692D37E750	4	youth	male	20210901
005801FF0001005005D300692D37E767	1	teen	male	20210901
005801FF0001005005D300692D37E767	3	teen	male	20210901
005801FF0001005005D300692D37E767	4	teen	female	20210901
005801FF0001005005D300692D37E774	1	youth	male	20210901
005801FF0001005005D300692D37E774	4	child	male	20210901
005801FF0001005005D300692D37E77C	1	youth	female	20210901
005801FF0001005005D300692D37E783	1	youth	female	20210901
005801FF0001005005D300692D37E783	3	old	male	20210901
005801FF0001005005D300692D37E783	4	youth	male	20210901
005801FF0001005005D300692D37E7B0	1	teen	female	20210901
005801FF0001005005D300692D37E7B0	3	teen	male	20210901
005801FF0001005005D300692D37E7B0	4	teen	male	20210901
005801FF0001005005D300692D37E7BA	1	youth	female	20210901
005801FF0001005005D300692D37E7BA	4	mid	male	20210901
005801FF0001005005D300692D37E7EF	1	mid	male	20210901
005801FF0001005005D300692D37E7EF	2	mid	female	20210901
005801FF0001005005D300692D37E7EF	3	youth	male	20210901
005801FF0001005005D300692D37E80B	1	youth	male	20210901
005801FF0001005005D300692D37E80B	3	youth	female	20210901
005801FF0001005005D300692D37E80B	4	youth	female	20210901
005801FF0001005005D300692D37E81B	1	teen	male	20210901
005801FF0001005005D300692D37E82F	1	child	male	20210901
005801FF0001005005D300692D37E82F	2	teen	female	20210901
005801FF0001005005D300692D37E82F	3	teen	male	20210901
005801FF0001005005D300692D37E82F	4	child	male	20210901
005801FF0001005005D300692D37E841	1	youth	female	20210901
005801FF0001005005D300692D37E841	3	youth	male	20210901
005801FF0001005005D300692D37E843	1	youth	male	20210901
005801FF0001005005D300692D37E843	3	mid	female	20210901
005801FF0001005005D300692D37E843	4	mid	male	20210901
005801FF0001005005D300692D37E84A	1	youth	male	20210901
005801FF0001005005D300692D37E84A	3	youth	male	20210901
005801FF0001005005D300692D37E84A	4	youth	female	20210901
005801FF0001005005D300692D37E892	1	mid	male	20210901
005801FF0001005005D300692D37E892	4	youth	male	20210901
005801FF0001005005D300692D37E89D	1	youth	female	20210901
005801FF0001005005D300692D37E89D	4	teen	female	20210901
005801FF0001005005D300692D37E8AA	1	child	male	20210901
005801FF0001005005D300692D37E8F3	1	youth	male	20210901
005801FF0001005005D300692D37E8F3	4	youth	female	20210901
005801FF0001005005D300692D37E918	1	youth	male	20210901
005801FF0001005005D300692D37E918	4	youth	female	20210901
005801FF0001005005D300692D37E919	1	youth	male	20210901
005801FF0001005005D300692D37E919	4	mid	female	20210901
005801FF0001005005D300692D37E95B	1	teen	male	20210901
005801FF0001005005D300692D37E95B	2	teen	female	20210901
005801FF0001005005D300692D37E95B	3	teen	female	20210901
005801FF0001005005D300692D37E95B	4	teen	male	20210901
005801FF0001005005D300692D37E972	1	youth	male	20210901
005801FF0001005005D300692D37E972	4	youth	female	20210901
005801FF0001005005D300692D37E99E	1	youth	male	20210901
005801FF0001005005D300692D37E99E	2	mid	female	20210901
005801FF0001005005D300692D37E99E	3	mid	female	20210901
005801FF0001005005D300692D37E9BF	1	youth	male	20210901
005801FF0001005005D300692D37E9BF	3	youth	female	20210901
005801FF0001005005D300692D37E9BF	4	youth	female	20210901
005801FF0001005005D300692D37E9F3	1	mid	male	20210901
005801FF0001005005D300692D37EA0D	1	mid	male	20210901
005801FF0001005005D300692D37EA0D	2	youth	female	20210901
005801FF0001005005D300692D37EA0D	3	youth	female	20210901
005801FF0001005005D300692D37EA0D	4	mid	male	20210901
005801FF0001005005D300692D37EA35	1	youth	male	20210901
005801FF0001005005D300692D37EA35	4	youth	female	20210901
005801FF0001005005D300692D37EA66	1	mid	female	20210901
005801FF0001005005D300692D37EA66	4	youth	male	20210901
005801FF0001005005D300692D37EA7B	1	teen	female	20210901
005801FF0001005005D300692D37EA7B	3	teen	female	20210901
005801FF0001005005D300692D37EA9E	1	old	male	20210901
005801FF0001005005D300692D37EA9E	4	child	male	20210901
005801FF0001005005D300692D37EAA9	1	youth	female	20210901
005801FF0001005005D300692D37EAA9	4	youth	female	20210901
005801FF0001005005D300692D37EAAB	1	youth	male	20210901
005801FF0001005005D300692D37EAAB	4	youth	male	20210901
005801FF0001005005D300692D37EABC	1	mid	female	20210901
005801FF0001005005D300692D37EABC	4	teen	female	20210901
005801FF0001005005D300692D37EABD	1	teen	male	20210901
005801FF0001005005D300692D37EABD	4	teen	male	20210901
005801FF0001005005D300692D37EACD	1	old	female	20210901
005801FF0001005005D300692D37EAD3	1	teen	male	20210901
005801FF0001005005D300692D37EAD3	3	teen	male	20210901
005801FF0001005005D300692D37EAD8	1	teen	female	20210901
005801FF0001005005D300692D37EAD8	2	teen	male	20210901
005801FF0001005005D300692D37EAD8	3	teen	female	20210901
005801FF0001005005D300692D37EB06	1	old	female	20210901
005801FF0001005005D300692D37EB2A	1	youth	male	20210901
005801FF0001005005D300692D37EB2A	3	youth	male	20210901
005801FF0001005005D300692D37EB2A	4	mid	male	20210901
005801FF0001005005D300692D37EB36	1	teen	male	20210901
005801FF0001005005D300692D37EB36	3	teen	female	20210901
005801FF0001005005D300692D37EB36	4	teen	female	20210901
005801FF0001005005D300692D37EB61	1	youth	male	20210901
005801FF0001005005D300692D37EB61	4	youth	male	20210901
005801FF0001005005D300692D37EB96	1	teen	female	20210901
005801FF0001005005D300692D37EB96	3	youth	male	20210901
005801FF0001005005D300692D37EB96	4	teen	female	20210901
005801FF0001005005D300692D37EB99	1	mid	male	20210901
005801FF0001005005D300692D37EBB7	1	mid	male	20210901
005801FF0001005005D300692D37EBCA	1	teen	female	20210901
005801FF0001005005D300692D37EBCA	2	teen	female	20210901
005801FF0001005005D300692D37EBCA	3	teen	male	20210901
005801FF0001005005D300692D37EBEE	1	teen	male	20210901
005801FF0001005005D300692D37EBEE	3	teen	male	20210901
005801FF0001005005D300692D37EBFB	1	teen	male	20210901
005801FF0001005005D300692D37EBFB	3	teen	male	20210901
005801FF0001005005D300692D37EC1D	1	youth	male	20210901
005801FF0001005005D300692D37EC1D	3	teen	female	20210901
005801FF0001005005D300692D37EC1D	4	teen	male	20210901
005801FF0001005005D300692D37EC2B	1	youth	female	20210901
005801FF0001005005D300692D37EC2B	4	youth	male	20210901
005801FF0001005005D300692D37EC3C	1	youth	male	20210901
005801FF0001005005D300692D37EC3C	3	youth	female	20210901
005801FF0001005005D300692D37EC3C	4	youth	female	20210901
005801FF0001005005D300692D37EC6E	1	youth	male	20210901
005801FF0001005005D300692D37EC9F	1	youth	female	20210901
005801FF0001005005D300692D37EC9F	4	youth	male	20210901
005801FF0001005005D300692D37ECA2	1	teen	male	20210901
005801FF0001005005D300692D37ECA2	3	teen	female	20210901
005801FF0001005005D300692D37ECA2	4	teen	female	20210901
005801FF0001005005D300692D37ECC4	1	mid	male	20210901
005801FF0001005005D300692D37ECC6	1	youth	female	20210901
005801FF0001005005D300692D37ECC6	3	youth	female	20210901
005801FF0001005005D300692D37ECD4	1	child	male	20210901
005801FF0001005005D300692D37ECD4	4	child	male	20210901
005801FF0001005005D300692D37ECE1	1	youth	female	20210901
005801FF0001005005D300692D37ECE1	3	youth	female	20210901
005801FF0001005005D300692D37ED04	1	youth	female	20210901
005801FF0001005005D300692D37ED04	2	youth	male	20210901
005801FF0001005005D300692D37ED04	3	youth	male	20210901
005801FF0001005005D300692D37ED04	4	youth	female	20210901
005801FF0001005005D300692D37ED35	1	teen	male	20210901
005801FF0001005005D300692D37ED35	4	teen	male	20210901
005801FF0001005005D300692D37ED43	1	youth	female	20210901
005801FF0001005005D300692D37ED43	4	old	female	20210901
005801FF0001005005D300692D37ED66	1	teen	male	20210901
005801FF0001005005D300692D37ED66	3	teen	female	20210901
005801FF0001005005D300692D37ED66	4	teen	male	20210901
005801FF0001005005D300692D37EDA0	1	youth	female	20210901
005801FF0001005005D300692D37EDA0	3	youth	female	20210901
005801FF0001005005D300692D37EDA0	4	youth	male	20210901
005801FF0001005005D300692D37EDA2	1	teen	male	20210901
005801FF0001005005D300692D37EDA2	4	old	female	20210901
005801FF0001005005D300692D37EDA7	1	teen	male	20210901
005801FF0001005005D300692D37EDA7	4	teen	female	20210901
005801FF0001005005D300692D37EDB2	1	teen	female	20210901
005801FF0001005005D300692D37EDB2	2	teen	male	20210901
005801FF0001005005D300692D37EDB2	3	youth	female	20210901
005801FF0001005005D300692D37EDBA	1	teen	female	20210901
005801FF0001005005D300692D37EDC7	1	youth	male	20210901
005801FF0001005005D300692D37EDC7	3	youth	female	20210901
005801FF0001005005D300692D37EDD4	1	teen	male	20210901
005801FF0001005005D300692D37EDD4	2	teen	male	20210901
005801FF0001005005D300692D37EDD4	3	teen	female	20210901
005801FF0001005005D300692D37EDD4	4	teen	male	20210901
005801FF0001005005D300692D37EDE1	1	youth	male	20210901
005801FF0001005005D300692D37EDE1	2	youth	female	20210901
005801FF0001005005D300692D37EDE1	3	youth	male	20210901
005801FF0001005005D300692D37EDE1	4	youth	male	20210901
005801FF0001005005D300692D37EDE2	1	teen	female	20210901
005801FF0001005005D300692D37EDE2	2	teen	male	20210901
005801FF0001005005D300692D37EDE7	1	mid	female	20210901
005801FF0001005005D300692D37EDE7	3	youth	female	20210901
005801FF0001005005D300692D37EDE7	4	mid	male	20210901
005801FF0001005005D300692D37EDEA	1	teen	male	20210901
005801FF0001005005D300692D37EDEA	2	teen	female	20210901
005801FF0001005005D300692D37EDEA	3	teen	male	20210901
005801FF0001005005D300692D37EDEA	4	teen	male	20210901
005801FF0001005005D300692D37EE09	1	youth	male	20210901
005801FF0001005005D300692D37EE09	2	teen	female	20210901
005801FF0001005005D300692D37EE09	3	child	female	20210901
005801FF0001005005D300692D37EE15	1	youth	male	20210901
005801FF0001005005D300692D37EE15	4	mid	male	20210901
005801FF0001005005D300692D37EE9A	1	teen	female	20210901
005801FF0001005005D300692D37EE9A	4	teen	female	20210901
005801FF0001005005D300692D37EEAF	1	youth	male	20210901
005801FF0001005005D300692D37EEAF	3	youth	female	20210901
005801FF0001005005D300692D37EEAF	4	mid	male	20210901
005801FF0001005005D300692D37EEC5	1	teen	female	20210901
005801FF0001005005D300692D37EEC5	2	teen	male	20210901
005801FF0001005005D300692D37EECA	1	youth	male	20210901
005801FF0001005005D300692D37EECA	2	youth	female	20210901
005801FF0001005005D300692D37EECA	3	youth	male	20210901
005801FF0001005005D300692D37EECA	4	youth	female	20210901
005801FF0001005005D300692D37EECB	1	teen	male	20210901
005801FF0001005005D300692D37EECB	4	teen	male	20210901
005801FF0001005005D300692D37EEF3	1	youth	female	20210901
005801FF0001005005D300692D37EEF3	4	old	female	20210901
005801FF0001005005D300692D37EEFC	1	youth	male	20210901
005801FF0001005005D300692D37EF17	1	youth	female	20210901
005801FF0001005005D300692D37EF17	2	mid	male	20210901
005801FF0001005005D300692D37EF17	3	youth	male	20210901
005801FF0001005005D300692D37EF17	4	youth	female	20210901
005801FF0001005005D300692D37EF2E	1	youth	male	20210901
005801FF0001005005D300692D37EF2E	4	youth	male	20210901
005801FF0001005005D300692D37EF2F	1	youth	female	20210901
005801FF0001005005D300692D37EF3E	1	mid	male	20210901
005801FF0001005005D300692D37EF3E	3	youth	male	20210901
005801FF0001005005D300692D37EF7E	1	teen	male	20210901
005801FF0001005005D300692D37EF7E	2	teen	female	20210901
005801FF0001005005D300692D37EF7E	3	teen	male	20210901
005801FF0001005005D300692D37EF7E	4	teen	female	20210901
005801FF0001005005D300692D37EFA8	1	mid	male	20210901
005801FF0001005005D300692D37EFA8	4	mid	male	20210901
005801FF0001005005D300692D37EFAC	1	teen	female	20210901
005801FF0001005005D300692D37EFAC	4	teen	female	20210901
005801FF0001005005D300692D37EFD0	1	mid	male	20210901
005801FF0001005005D300692D37EFD0	3	mid	male	20210901
005801FF0001005005D300692D37EFD7	1	youth	male	20210901
005801FF0001005005D300692D37EFD7	3	youth	female	20210901
005801FF0001005005D300692D37EFD7	4	youth	male	20210901
005801FF0001005005D300692D37EFEB	1	teen	male	20210901
005801FF0001005005D300692D37EFEB	4	teen	female	20210901
005801FF0001005005D300692D37EFEC	1	teen	male	20210901
005801FF0001005005D300692D37EFEC	3	teen	female	20210901
005801FF0001005005D300692D37EFEC	4	teen	female	20210901
005801FF0001005005D300692D37EFFB	1	teen	male	20210901
005801FF0001005005D300692D37EFFB	3	teen	female	20210901
005801FF0001005005D300692D37EFFB	4	teen	male	20210901
005801FF0001005005D300692D37F00F	1	teen	female	20210901
005801FF0001005005D300692D37F00F	3	teen	female	20210901
005801FF0001005005D300692D37F019	1	teen	male	20210901
005801FF0001005005D300692D37F019	3	teen	female	20210901
005801FF0001005005D300692D37F019	4	teen	male	20210901
005801FF0001005005D300692D37F01A	1	youth	male	20210901
005801FF0001005005D300692D37F01A	2	mid	female	20210901
005801FF0001005005D300692D37F038	1	child	male	20210901
005801FF0001005005D300692D37F038	3	child	male	20210901
005801FF0001005005D300692D37F064	1	youth	female	20210901
005801FF0001005005D300692D37F064	4	youth	male	20210901
005801FF0001005005D300692D37F067	1	teen	female	20210901
005801FF0001005005D300692D37F067	2	teen	male	20210901
005801FF0001005005D300692D37F067	3	teen	female	20210901
005801FF0001005005D300692D37F067	4	teen	female	20210901
005801FF0001005005D300692D37F09E	1	mid	male	20210901
005801FF0001005005D300692D37F09E	2	youth	male	20210901
005801FF0001005005D300692D37F09E	3	youth	female	20210901
005801FF0001005005D300692D37F09E	4	mid	male	20210901
005801FF0001005005D300692D37F0AC	1	teen	male	20210901
005801FF0001005005D300692D37F0AC	2	teen	female	20210901
005801FF0001005005D300692D37F0B8	1	mid	female	20210901
005801FF0001005005D300692D37F0CC	1	teen	male	20210901
005801FF0001005005D300692D37F0CC	2	teen	male	20210901
005801FF0001005005D300692D37F0CC	4	teen	female	20210901
005801FF0001005005D300692D37F0F7	1	mid	male	20210901
005801FF0001005005D300692D37F0F7	2	youth	female	20210901
005801FF0001005005D300692D37F0F7	3	youth	male	20210901
005801FF0001005005D300692D37F0F7	4	youth	female	20210901
005801FF0001005005D300692D37F10F	1	youth	male	20210901
005801FF0001005005D300692D37F10F	4	mid	male	20210901
005801FF0001005005D300692D37F112	1	youth	female	20210901
005801FF0001005005D300692D37F112	4	youth	female	20210901
005801FF0001005005D300692D37F117	1	youth	male	20210901
005801FF0001005005D300692D37F117	3	youth	female	20210901
005801FF0001005005D300692D37F117	4	youth	male	20210901
005801FF0001005005D300692D37F130	1	teen	female	20210901
005801FF0001005005D300692D37F130	3	teen	female	20210901
005801FF0001005005D300692D37F14D	1	youth	male	20210901
005801FF0001005005D300692D37F14D	2	mid	male	20210901
005801FF0001005005D300692D37F14D	4	youth	female	20210901
005801FF0001005005D300692D37F14F	1	mid	female	20210901
005801FF0001005005D300692D37F14F	2	mid	male	20210901
005801FF0001005005D300692D37F14F	3	youth	female	20210901
005801FF0001005005D300692D37F14F	4	youth	female	20210901
005801FF0001005005D300692D37F19A	1	teen	male	20210901
005801FF0001005005D300692D37F19A	4	old	male	20210901
005801FF0001005005D300692D37F19B	1	youth	female	20210901
005801FF0001005005D300692D37F19B	2	youth	female	20210901
005801FF0001005005D300692D37F19B	3	youth	male	20210901
005801FF0001005005D300692D37F1C1	1	mid	male	20210901
005801FF0001005005D300692D37F1C1	4	mid	male	20210901
005801FF0001005005D300692D37F1DC	1	youth	female	20210901
005801FF0001005005D300692D37F1DC	4	youth	female	20210901
005801FF0001005005D300692D37F1E4	1	youth	male	20210901
005801FF0001005005D300692D37F1E4	4	youth	male	20210901
005801FF0001005005D300692D37F1F2	1	youth	female	20210901
005801FF0001005005D300692D37F1F2	3	youth	female	20210901
005801FF0001005005D300692D37F1F2	4	youth	female	20210901
005801FF0001005005D300692D37F1FB	1	youth	male	20210901
005801FF0001005005D300692D37F1FB	3	teen	female	20210901
005801FF0001005005D300692D37F1FC	1	teen	male	20210901
005801FF0001005005D300692D37F1FC	3	teen	female	20210901
005801FF0001005005D300692D37F213	1	youth	male	20210901
005801FF0001005005D300692D37F213	4	youth	male	20210901
005801FF0001005005D300692D37F252	1	teen	female	20210901
005801FF0001005005D300692D37F252	2	teen	female	20210901
005801FF0001005005D300692D37F252	3	teen	male	20210901
005801FF0001005005D300692D37F252	4	teen	male	20210901
005801FF0001005005D300692D37F25A	1	youth	female	20210901
005801FF0001005005D300692D37F25A	3	youth	male	20210901
005801FF0001005005D300692D37F25A	4	youth	male	20210901
005801FF0001005005D300692D37F25E	1	youth	male	20210901
005801FF0001005005D300692D37F26F	1	old	female	20210901
005801FF0001005005D300692D37F28F	1	teen	male	20210901
005801FF0001005005D300692D37F28F	2	youth	female	20210901
005801FF0001005005D300692D37F28F	3	teen	male	20210901
005801FF0001005005D300692D37F291	1	teen	male	20210901
005801FF0001005005D300692D37F291	2	teen	female	20210901
005801FF0001005005D300692D37F291	3	teen	female	20210901
005801FF0001005005D300692D37F291	4	teen	male	20210901
005801FF0001005005D300692D37F296	1	mid	female	20210901
005801FF0001005005D300692D37F296	4	mid	male	20210901
005801FF0001005005D300692D37F29C	1	youth	female	20210901
005801FF0001005005D300692D37F2A5	1	teen	male	20210901
005801FF0001005005D300692D37F2A5	4	mid	male	20210901
005801FF0001005005D300692D37F2CD	1	youth	female	20210901
005801FF0001005005D300692D37F2CD	4	youth	female	20210901
005801FF0001005005D300692D37F2D9	1	youth	male	20210901
005801FF0001005005D300692D37F2D9	3	mid	male	20210901
005801FF0001005005D300692D37F2F3	1	teen	male	20210901
005801FF0001005005D300692D37F2F3	3	teen	male	20210901
005801FF0001005005D300692D37F33D	1	youth	male	20210901
005801FF0001005005D300692D37F33D	3	youth	female	20210901
005801FF0001005005D300692D37F33D	4	youth	male	20210901
005801FF0001005005D300692D37F346	1	mid	female	20210901
005801FF0001005005D300692D37F346	4	youth	male	20210901
005801FF0001005005D300692D37F377	1	teen	male	20210901
005801FF0001005005D300692D37F378	1	mid	female	20210901
005801FF0001005005D300692D37F37B	1	youth	male	20210901
005801FF0001005005D300692D37F37B	4	youth	female	20210901
005801FF0001005005D300692D37F39E	1	teen	male	20210901
005801FF0001005005D300692D37F39E	3	teen	female	20210901
005801FF0001005005D300692D37F39F	1	teen	female	20210901
005801FF0001005005D300692D37F39F	4	teen	male	20210901
005801FF0001005005D300692D37F3A2	1	teen	male	20210901
005801FF0001005005D300692D37F3A2	3	teen	male	20210901
005801FF0001005005D300692D37F3A2	4	teen	female	20210901
005801FF0001005005D300692D37F3AA	1	mid	male	20210901
005801FF0001005005D300692D37F3AA	2	mid	male	20210901
005801FF0001005005D300692D37F3AA	3	youth	male	20210901
005801FF0001005005D300692D37F3AA	4	mid	male	20210901
005801FF0001005005D300692D37F3C2	1	youth	female	20210901
005801FF0001005005D300692D37F3C3	1	mid	male	20210901
005801FF0001005005D300692D37F3D0	1	youth	female	20210901
005801FF0001005005D300692D37F3D0	3	mid	male	20210901
005801FF0001005005D300692D37F3D0	4	youth	male	20210901
005801FF0001005005D300692D37F3D1	1	mid	female	20210901
005801FF0001005005D300692D37F3D1	2	youth	male	20210901
005801FF0001005005D300692D37F3D1	3	youth	female	20210901
005801FF0001005005D300692D37F3D1	4	youth	female	20210901
005801FF0001005005D300692D37F3F1	1	mid	male	20210901
005801FF0001005005D300692D37F3F1	3	youth	female	20210901
005801FF0001005005D300692D37F3F1	4	mid	male	20210901
005801FF0001005005D300692D37F418	1	youth	female	20210901
005801FF0001005005D300692D37F418	4	mid	male	20210901
005801FF0001005005D300692D37F41F	1	mid	male	20210901
005801FF0001005005D300692D37F41F	3	youth	male	20210901
005801FF0001005005D300692D37F41F	4	youth	female	20210901
005801FF0001005005D300692D37F428	1	youth	male	20210901
005801FF0001005005D300692D37F428	2	mid	male	20210901
005801FF0001005005D300692D37F428	3	youth	female	20210901
005801FF0001005005D300692D37F428	4	mid	male	20210901
005801FF0001005005D300692D37F42D	1	mid	male	20210901
005801FF0001005005D300692D37F42D	3	youth	female	20210901
005801FF0001005005D300692D37F480	1	mid	male	20210901
005801FF0001005005D300692D37F480	4	youth	female	20210901
005801FF0001005005D300692D37F4D8	1	mid	female	20210901
005801FF0001005005D300692D37F4D8	4	mid	male	20210901
005801FF0001005005D300692D37F4DB	1	youth	male	20210901
005801FF0001005005D300692D37F4DB	2	mid	female	20210901
005801FF0001005005D300692D37F4DC	1	old	male	20210901
005801FF0001005005D300692D37F4DC	2	teen	female	20210901
005801FF0001005005D300692D37F4DC	3	old	female	20210901
005801FF0001005005D300692D37F587	1	youth	female	20210901
005801FF0001005005D300692D37F587	3	mid	female	20210901
005801FF0001005005D300692D37F5A5	1	teen	male	20210901
005801FF0001005005D300692D37F5A5	3	teen	female	20210901
005801FF0001005005D300692D37F5A5	4	teen	male	20210901
005801FF0001005005D300692D37F5BD	1	teen	male	20210901
005801FF0001005005D300692D37F5BD	4	teen	female	20210901
005801FF0001005005D300692D37F5ED	1	teen	male	20210901
005801FF0001005005D300692D37F5ED	4	teen	female	20210901
005801FF0001005005D300692D37F5EF	1	teen	female	20210901
005801FF0001005005D300692D37F5EF	4	teen	male	20210901
005801FF0001005005D300692D37F616	1	youth	female	20210901
005801FF0001005005D300692D37F616	3	youth	female	20210901
005801FF0001005005D300692D37F616	4	youth	male	20210901
005801FF0001005005D300692D37F6A1	1	youth	female	20210901
005801FF0001005005D300692D37F6A1	3	youth	female	20210901
005801FF0001005005D300692D37F6A1	4	youth	male	20210901
005801FF0001005005D300692D37F6AF	1	mid	female	20210901
005801FF0001005005D300692D37F6AF	4	mid	male	20210901
005801FF0001005005D300692D37F6B4	1	teen	female	20210901
005801FF0001005005D300692D37F6B4	4	teen	male	20210901
005801FF0001005005D300692D37F6D3	1	old	female	20210901
005801FF0001005005D300692D37F6D3	2	mid	male	20210901
005801FF0001005005D300692D37F6D7	1	mid	male	20210901
005801FF0001005005D300692D37F6D7	3	mid	male	20210901
005801FF0001005005D300692D37F6E9	4	youth	male	20210901
005801FF0001005005D300692D37F715	1	youth	female	20210901
005801FF0001005005D300692D37F715	4	youth	female	20210901
005801FF0001005005D300692D37F776	1	mid	male	20210901
005801FF0001005005D300692D37F776	4	youth	male	20210901
005801FF0001005005D300692D37F7CD	1	youth	female	20210901
005801FF0001005005D300692D37F7CD	2	mid	female	20210901
005801FF0001005005D300692D37F7CD	3	youth	male	20210901
005801FF0001005005D300692D37F7CD	4	youth	male	20210901
005801FF0001005005D300692D37F7E1	1	teen	female	20210901
005801FF0001005005D300692D37F7E1	2	teen	male	20210901
005801FF0001005005D300692D37F7E1	4	mid	female	20210901
005801FF0001005005D300692D37F7E6	1	youth	male	20210901
005801FF0001005005D300692D37F7E6	2	youth	male	20210901
005801FF0001005005D300692D37F7F1	1	youth	female	20210901
005801FF0001005005D300692D37F7F1	3	youth	male	20210901
005801FF0001005005D300692D37F7F1	4	youth	female	20210901
005801FF0001005005D300692D37F7F5	1	youth	male	20210901
005801FF0001005005D300692D37F7F5	4	child	male	20210901
005801FF0001005005D300692D37F803	1	mid	female	20210901
005801FF0001005005D300692D37F803	2	mid	female	20210901
005801FF0001005005D300692D37F816	1	mid	male	20210901
005801FF0001005005D300692D37F816	3	child	male	20210901
005801FF0001005005D300692D37F816	4	teen	male	20210901
005801FF0001005005D300692D37F821	1	youth	male	20210901
005801FF0001005005D300692D37F85E	1	teen	female	20210901
005801FF0001005005D300692D37F85E	3	teen	male	20210901
005801FF0001005005D300692D37F85E	4	teen	female	20210901
005801FF0001005005D300692D37F876	1	teen	male	20210901
005801FF0001005005D300692D37F876	4	teen	male	20210901
005801FF0001005005D300692D37F8A7	1	youth	female	20210901
005801FF0001005005D300692D37F8A7	4	mid	female	20210901
005801FF0001005005D300692D37F8BF	1	child	male	20210901
005801FF0001005005D300692D37F8BF	4	child	male	20210901
005801FF0001005005D300692D37F8CB	1	youth	female	20210901
005801FF0001005005D300692D37F8D0	1	teen	female	20210901
005801FF0001005005D300692D37F8D0	3	youth	female	20210901
005801FF0001005005D300692D37F8D0	4	teen	male	20210901
005801FF0001005005D300692D37F8D3	1	mid	female	20210901
005801FF0001005005D300692D37F8D3	3	youth	female	20210901
005801FF0001005005D300692D37F8D3	4	mid	male	20210901
005801FF0001005005D300692D37F8DE	1	teen	male	20210901
005801FF0001005005D300692D37F8E3	1	mid	female	20210901
005801FF0001005005D300692D37F8E3	4	youth	female	20210901
005801FF0001005005D300692D37F8EF	1	teen	male	20210901
005801FF0001005005D300692D37F8EF	2	teen	male	20210901
005801FF0001005005D300692D37F8EF	3	teen	male	20210901
005801FF0001005005D300692D37F8EF	4	teen	female	20210901
005801FF0001005005D300692D37F937	1	mid	male	20210901
005801FF0001005005D300692D37F937	4	mid	male	20210901
005801FF0001005005D300692D37F94A	1	teen	female	20210901
005801FF0001005005D300692D37F94A	4	teen	female	20210901
005801FF0001005005D300692D37F94B	1	teen	male	20210901
005801FF0001005005D300692D37F94B	3	teen	female	20210901
005801FF0001005005D300692D37F94B	4	teen	male	20210901
005801FF0001005005D300692D37F95A	1	teen	male	20210901
005801FF0001005005D300692D37F95A	4	teen	female	20210901
005801FF0001005005D300692D37F968	1	youth	female	20210901
005801FF0001005005D300692D37F968	3	mid	male	20210901
005801FF0001005005D300692D37F9B7	1	youth	male	20210901
005801FF0001005005D300692D37FA24	1	teen	male	20210901
005801FF0001005005D300692D37FA24	4	teen	female	20210901
005801FF0001005005D300692D37FA30	1	youth	male	20210901
005801FF0001005005D300692D37FA30	4	child	female	20210901
005801FF0001005005D300692D37FA34	1	old	female	20210901
005801FF0001005005D300692D37FA34	2	teen	male	20210901
005801FF0001005005D300692D37FA34	4	old	female	20210901
005801FF0001005005D300692D37FA38	1	teen	male	20210901
005801FF0001005005D300692D37FA38	4	teen	male	20210901
005801FF0001005005D300692D37FA39	1	youth	female	20210901
005801FF0001005005D300692D37FA3E	1	mid	male	20210901
005801FF0001005005D300692D37FA3E	4	youth	female	20210901
005801FF0001005005D300692D37FA46	1	youth	female	20210901
005801FF0001005005D300692D37FA46	2	youth	male	20210901
005801FF0001005005D300692D37FA46	3	youth	male	20210901
005801FF0001005005D300692D37FA46	4	youth	female	20210901
005801FF0001005005D300692D37FA5B	1	teen	male	20210901
005801FF0001005005D300692D37FA5B	2	teen	male	20210901
005801FF0001005005D300692D37FA5B	4	teen	female	20210901
005801FF0001005005D300692D37FA66	1	mid	male	20210901
005801FF0001005005D300692D37FA66	2	mid	female	20210901
005801FF0001005005D300692D37FA66	3	teen	female	20210901
005801FF0001005005D300692D37FA66	4	teen	male	20210901
005801FF0001005005D300692D37FA80	1	teen	male	20210901
005801FF0001005005D300692D37FA80	4	teen	female	20210901
005801FF0001005005D300692D37FA8D	1	youth	female	20210901
005801FF0001005005D300692D37FA8D	3	teen	male	20210901
005801FF0001005005D300692D37FA98	1	youth	male	20210901
005801FF0001005005D300692D37FA98	4	youth	male	20210901
005801FF0001005005D300692D37FAA7	1	youth	female	20210901
005801FF0001005005D300692D37FAA7	3	youth	male	20210901
005801FF0001005005D300692D37FAA7	4	youth	female	20210901
005801FF0001005005D300692D37FACC	1	teen	male	20210901
005801FF0001005005D300692D37FACC	4	teen	male	20210901
005801FF0001005005D300692D37FAD1	1	youth	female	20210901
005801FF0001005005D300692D37FAD1	4	mid	female	20210901
005801FF0001005005D300692D37FADD	1	youth	male	20210901
005801FF0001005005D300692D37FADD	4	mid	male	20210901
005801FF0001005005D300692D37FB1D	1	mid	female	20210901
005801FF0001005005D300692D37FB1D	2	mid	female	20210901
005801FF0001005005D300692D37FB36	1	child	male	20210901
005801FF0001005005D300692D37FB3A	1	teen	male	20210901
005801FF0001005005D300692D37FB65	1	teen	female	20210901
005801FF0001005005D300692D37FB65	3	old	male	20210901
005801FF0001005005D300692D37FB72	1	mid	male	20210901
005801FF0001005005D300692D37FBB0	1	mid	female	20210901
005801FF0001005005D300692D37FBB0	4	mid	female	20210901
005801FF0001005005D300692D37FBB8	1	teen	male	20210901
005801FF0001005005D300692D37FBB8	2	teen	male	20210901
005801FF0001005005D300692D37FBB8	3	teen	male	20210901
005801FF0001005005D300692D37FBB8	4	teen	male	20210901
005801FF0001005005D300692D37FBCD	1	teen	female	20210901
005801FF0001005005D300692D37FBD3	1	teen	male	20210901
005801FF0001005005D300692D37FBD3	3	teen	female	20210901
005801FF0001005005D300692D37FBD3	4	teen	male	20210901
005801FF0001005005D300692D37FBDA	1	youth	male	20210901
005801FF0001005005D300692D37FBDA	2	youth	female	20210901
005801FF0001005005D300692D37FBDA	3	mid	male	20210901
005801FF0001005005D300692D37FBDA	4	youth	female	20210901
005801FF0001005005D300692D37FC26	1	child	male	20210901
005801FF0001005005D300692D37FC26	4	old	male	20210901
005801FF0001005005D300692D37FC2A	1	teen	female	20210901
005801FF0001005005D300692D37FC2A	3	teen	male	20210901
005801FF0001005005D300692D37FC2A	4	teen	female	20210901
005801FF0001005005D300692D37FC39	1	mid	male	20210901
005801FF0001005005D300692D37FC39	3	youth	male	20210901
005801FF0001005005D300692D37FC39	4	youth	male	20210901
005801FF0001005005D300692D37FC49	1	teen	female	20210901
005801FF0001005005D300692D37FC49	3	teen	male	20210901
005801FF0001005005D300692D37FC51	1	youth	male	20210901
005801FF0001005005D300692D37FC51	4	mid	male	20210901
005801FF0001005005D300692D37FC5A	1	youth	female	20210901
005801FF0001005005D300692D37FC77	1	teen	male	20210901
005801FF0001005005D300692D37FC77	4	teen	female	20210901
005801FF0001005005D300692D37FC9F	1	teen	male	20210901
005801FF0001005005D300692D37FC9F	3	teen	female	20210901
005801FF0001005005D300692D37FC9F	4	teen	female	20210901
005801FF0001005005D300692D37FCA3	1	youth	male	20210901
005801FF0001005005D300692D37FCA3	3	youth	male	20210901
005801FF0001005005D300692D37FCA3	4	youth	male	20210901
005801FF0001005005D300692D37FCA8	1	youth	female	20210901
005801FF0001005005D300692D37FCA8	3	youth	female	20210901
005801FF0001005005D300692D37FCA8	4	mid	male	20210901
005801FF0001005005D300692D37FCB5	1	youth	male	20210901
005801FF0001005005D300692D37FCB5	2	old	female	20210901
005801FF0001005005D300692D37FCB7	1	youth	female	20210901
005801FF0001005005D300692D37FCB7	4	youth	male	20210901
005801FF0001005005D300692D37FCBD	1	youth	female	20210901
005801FF0001005005D300692D37FCBD	4	mid	male	20210901
005801FF0001005005D300692D37FCC9	1	mid	male	20210901
005801FF0001005005D300692D37FD28	1	teen	female	20210901
005801FF0001005005D300692D37FD28	2	teen	female	20210901
005801FF0001005005D300692D37FD28	3	teen	male	20210901
005801FF0001005005D300692D37FD28	4	teen	male	20210901
005801FF0001005005D300692D37FD32	1	youth	female	20210901
005801FF0001005005D300692D37FD32	3	youth	female	20210901
005801FF0001005005D300692D37FD32	4	mid	male	20210901
005801FF0001005005D300692D37FD39	1	teen	female	20210901
005801FF0001005005D300692D37FD39	3	teen	male	20210901
005801FF0001005005D300692D37FD39	4	teen	male	20210901
005801FF0001005005D300692D37FD4B	1	youth	male	20210901
005801FF0001005005D300692D37FD4B	3	youth	female	20210901
005801FF0001005005D300692D37FD4B	4	youth	female	20210901
005801FF0001005005D300692D37FD68	1	teen	male	20210901
005801FF0001005005D300692D37FD68	3	teen	female	20210901
005801FF0001005005D300692D37FD86	1	youth	male	20210901
005801FF0001005005D300692D37FD86	4	youth	male	20210901
005801FF0001005005D300692D37FD8C	1	old	female	20210901
005801FF0001005005D300692D37FD8C	2	old	female	20210901
005801FF0001005005D300692D37FD8C	3	youth	male	20210901
005801FF0001005005D300692D37FD8C	4	teen	male	20210901
005801FF0001005005D300692D37FD90	1	youth	male	20210901
005801FF0001005005D300692D37FD90	4	mid	female	20210901
005801FF0001005005D300692D37FDD3	1	child	female	20210901
005801FF0001005005D300692D37FDD3	2	old	male	20210901
005801FF0001005005D300692D37FE3A	1	youth	male	20210901
005801FF0001005005D300692D37FE3A	2	youth	female	20210901
005801FF0001005005D300692D37FE3A	3	youth	male	20210901
005801FF0001005005D300692D37FE3A	4	mid	male	20210901
005801FF0001005005D300692D37FE4D	1	youth	male	20210901
005801FF0001005005D300692D37FE4D	3	mid	female	20210901
005801FF0001005005D300692D37FE69	1	youth	female	20210901
005801FF0001005005D300692D37FE69	2	youth	male	20210901
005801FF0001005005D300692D37FE69	3	youth	male	20210901
005801FF0001005005D300692D37FE69	4	teen	female	20210901
005801FF0001005005D300692D37FE6A	1	youth	male	20210901
005801FF0001005005D300692D37FE6A	4	youth	male	20210901
