htv_demand_order_dm.deviceid	htv_demand_order_dm.film_not_order	htv_demand_order_dm.tv_not_order	htv_demand_order_dm.child_not_order	htv_demand_order_dm.date_time
004903000003204019297C52593C36AE	1	0	0	20210901
004903FF001847800001748F1B108D54	0	0	1	20210901
005101FF00011810111160D21CA9B1E5	1	1	0	20210901
005801FF0001005005D300692D37D294	0	1	0	20210901
005801FF0001005005D300692D37D2AA	0	1	0	20210901
005801FF0001005005D300692D37D36E	0	1	0	20210901
005801FF0001005005D300692D37D39F	1	0	0	20210901
005801FF0001005005D300692D37D3B0	0	1	0	20210901
005801FF0001005005D300692D37D3D5	0	1	0	20210901
005801FF0001005005D300692D37D4BE	0	1	0	20210901
005801FF0001005005D300692D37D52C	0	1	0	20210901
005801FF0001005005D300692D37D5E3	0	1	0	20210901
005801FF0001005005D300692D37D629	0	1	0	20210901
005801FF0001005005D300692D37D67D	1	0	0	20210901
005801FF0001005005D300692D37D6F3	0	1	0	20210901
005801FF0001005005D300692D37D79E	1	0	0	20210901
005801FF0001005005D300692D37D7D5	1	0	0	20210901
005801FF0001005005D300692D37D7D6	1	1	0	20210901
005801FF0001005005D300692D37D915	1	0	0	20210901
005801FF0001005005D300692D37D96B	1	0	0	20210901
005801FF0001005005D300692D37DA0C	1	0	0	20210901
005801FF0001005005D300692D37DA6D	0	1	0	20210901
005801FF0001005005D300692D37DAAB	0	1	0	20210901
005801FF0001005005D300692D37DB62	1	0	0	20210901
005801FF0001005005D300692D37DBE8	0	1	0	20210901
005801FF0001005005D300692D37DC0B	0	1	0	20210901
005801FF0001005005D300692D37DC95	1	1	0	20210901
005801FF0001005005D300692D37DCA8	0	1	0	20210901
005801FF0001005005D300692D37DCBE	0	1	0	20210901
005801FF0001005005D300692D37DD1B	1	0	0	20210901
005801FF0001005005D300692D37DD4E	0	1	0	20210901
005801FF0001005005D300692D37DD59	0	1	0	20210901
005801FF0001005005D300692D37DDA6	0	1	0	20210901
005801FF0001005005D300692D37DDDB	0	1	0	20210901
005801FF0001005005D300692D37DE54	0	1	0	20210901
005801FF0001005005D300692D37DE9C	1	0	0	20210901
005801FF0001005005D300692D37DEAC	0	1	0	20210901
005801FF0001005005D300692D37DF32	1	1	0	20210901
005801FF0001005005D300692D37DFCF	0	1	0	20210901
005801FF0001005005D300692D37E0AB	1	0	0	20210901
005801FF0001005005D300692D37E129	0	1	0	20210901
005801FF0001005005D300692D37E152	0	1	0	20210901
005801FF0001005005D300692D37E1E2	0	1	0	20210901
005801FF0001005005D300692D37E2A3	1	0	0	20210901
005801FF0001005005D300692D37E2F9	0	1	0	20210901
005801FF0001005005D300692D37E340	0	1	0	20210901
005801FF0001005005D300692D37E355	0	1	0	20210901
005801FF0001005005D300692D37E3D0	0	1	0	20210901
005801FF0001005005D300692D37E401	0	1	0	20210901
005801FF0001005005D300692D37E434	1	0	0	20210901
005801FF0001005005D300692D37E478	1	0	0	20210901
005801FF0001005005D300692D37E523	0	1	0	20210901
005801FF0001005005D300692D37E560	0	1	0	20210901
005801FF0001005005D300692D37E56D	0	1	0	20210901
005801FF0001005005D300692D37E5B7	0	1	0	20210901
005801FF0001005005D300692D37E5F4	0	1	0	20210901
005801FF0001005005D300692D37E5F8	0	1	0	20210901
005801FF0001005005D300692D37E68D	0	1	0	20210901
005801FF0001005005D300692D37E6DE	1	0	0	20210901
005801FF0001005005D300692D37E739	0	1	0	20210901
005801FF0001005005D300692D37E750	0	1	0	20210901
005801FF0001005005D300692D37E774	1	0	0	20210901
005801FF0001005005D300692D37E7EF	0	1	0	20210901
005801FF0001005005D300692D37E82F	1	0	1	20210901
005801FF0001005005D300692D37E84A	0	1	0	20210901
005801FF0001005005D300692D37E892	0	1	0	20210901
005801FF0001005005D300692D37E89D	1	0	0	20210901
005801FF0001005005D300692D37E972	0	1	0	20210901
005801FF0001005005D300692D37EABC	1	0	0	20210901
005801FF0001005005D300692D37EB96	0	1	0	20210901
005801FF0001005005D300692D37EC3C	0	1	0	20210901
005801FF0001005005D300692D37ECD4	0	0	1	20210901
005801FF0001005005D300692D37ECE1	0	1	0	20210901
005801FF0001005005D300692D37ED04	1	0	0	20210901
005801FF0001005005D300692D37ED43	1	0	0	20210901
005801FF0001005005D300692D37EDE7	0	1	0	20210901
005801FF0001005005D300692D37EDEA	1	0	0	20210901
005801FF0001005005D300692D37EE09	1	0	0	20210901
005801FF0001005005D300692D37EEAF	0	1	0	20210901
005801FF0001005005D300692D37EEF3	1	0	0	20210901
005801FF0001005005D300692D37EF17	0	1	0	20210901
005801FF0001005005D300692D37EF2E	0	1	0	20210901
005801FF0001005005D300692D37EF2F	0	1	0	20210901
005801FF0001005005D300692D37F064	1	0	0	20210901
005801FF0001005005D300692D37F09E	0	1	0	20210901
005801FF0001005005D300692D37F0B8	0	1	0	20210901
005801FF0001005005D300692D37F0F7	0	1	0	20210901
005801FF0001005005D300692D37F10F	0	1	0	20210901
005801FF0001005005D300692D37F14D	0	1	0	20210901
005801FF0001005005D300692D37F14F	0	1	0	20210901
005801FF0001005005D300692D37F28F	0	1	0	20210901
005801FF0001005005D300692D37F296	0	1	0	20210901
005801FF0001005005D300692D37F29C	0	1	0	20210901
005801FF0001005005D300692D37F2D9	0	1	0	20210901
005801FF0001005005D300692D37F346	0	1	0	20210901
005801FF0001005005D300692D37F3D0	1	1	0	20210901
005801FF0001005005D300692D37F3D1	0	1	0	20210901
005801FF0001005005D300692D37F418	0	1	0	20210901
005801FF0001005005D300692D37F480	0	1	0	20210901
005801FF0001005005D300692D37F4DB	0	1	0	20210901
005801FF0001005005D300692D37F4DC	1	0	0	20210901
005801FF0001005005D300692D37F6AF	0	1	0	20210901
005801FF0001005005D300692D37F6E9	1	1	0	20210901
005801FF0001005005D300692D37F776	0	1	0	20210901
005801FF0001005005D300692D37F7F5	1	0	1	20210901
005801FF0001005005D300692D37F803	0	1	0	20210901
005801FF0001005005D300692D37F816	1	0	0	20210901
005801FF0001005005D300692D37F8A7	1	0	0	20210901
005801FF0001005005D300692D37F8BF	0	0	1	20210901
005801FF0001005005D300692D37F8D3	0	1	0	20210901
005801FF0001005005D300692D37F968	0	1	0	20210901
005801FF0001005005D300692D37FA30	1	0	0	20210901
005801FF0001005005D300692D37FA34	1	0	0	20210901
005801FF0001005005D300692D37FA3E	0	1	0	20210901
005801FF0001005005D300692D37FA46	1	0	0	20210901
005801FF0001005005D300692D37FAD1	0	1	0	20210901
005801FF0001005005D300692D37FADD	1	0	0	20210901
005801FF0001005005D300692D37FB72	0	1	0	20210901
005801FF0001005005D300692D37FBDA	0	1	0	20210901
005801FF0001005005D300692D37FC26	1	0	0	20210901
005801FF0001005005D300692D37FC39	0	1	0	20210901
005801FF0001005005D300692D37FC51	0	1	0	20210901
005801FF0001005005D300692D37FCB5	1	0	0	20210901
005801FF0001005005D300692D37FCB7	0	1	0	20210901
005801FF0001005005D300692D37FD32	0	1	0	20210901
005801FF0001005005D300692D37FDD3	1	0	0	20210901
005801FF0001005005D300692D37FE4D	0	1	0	20210901
005801FF0001005005D300692D37FE90	0	1	0	20210901
005801FF0001005005D300692D37FEB5	0	1	0	20210901
005801FF0001005005D300692D37FEF9	1	1	0	20210901
005801FF0001005005D300692D37FF0F	1	0	0	20210901
005801FF0001005005D300692D37FF5D	1	0	0	20210901
005801FF0001005005D300692D37FFBA	0	1	0	20210901
005801FF0001005005D300692D37FFDA	1	0	0	20210901
005801FF0001005005D300692D380061	1	1	0	20210901
005801FF0001005005D300692D3800FC	0	1	0	20210901
005801FF0001005005D300692D38013D	0	1	0	20210901
005801FF0001005005D300692D380192	1	0	0	20210901
005801FF0001005005D300692D38026E	0	0	1	20210901
005801FF0001005005D300692D3802FE	0	1	0	20210901
005801FF0001005005D300692D380345	0	1	0	20210901
005801FF0001005005D300692D380413	0	1	0	20210901
005801FF0001005005D300692D38048F	0	1	0	20210901
005801FF0001005005D300692D3804A2	1	0	0	20210901
005801FF0001005005D300692D3804D0	0	1	0	20210901
005801FF0001005005D300692D3804DB	0	1	0	20210901
005801FF0001005005D300692D3805B2	0	1	0	20210901
005801FF0001005005D300692D380626	0	1	0	20210901
005801FF0001005005D300692D38063D	0	1	0	20210901
005801FF0001005005D300692D380733	0	1	0	20210901
005801FF0001005005D300692D380735	0	1	0	20210901
005801FF0001005005D300692D380775	1	0	0	20210901
005801FF0001005005D300692D3808C5	0	1	0	20210901
005801FF0001005005D300692D3808E6	0	1	0	20210901
005801FF0001005005D300692D38091F	0	1	0	20210901
005801FF0001005005D300692D380948	1	0	0	20210901
005801FF0001005005D300692D3809B0	0	1	0	20210901
005801FF0001005005D300692D380A0C	1	0	0	20210901
005801FF0001005005D300692D380A91	0	1	0	20210901
005801FF0001005005D300692D380ABF	1	0	0	20210901
005801FF0001005005D300692D380B0B	0	1	0	20210901
005801FF0001005005D300692D380B5E	0	1	0	20210901
005801FF0001005005D300692D380BC7	1	1	0	20210901
005801FF0001005005D300692D380BDD	0	1	0	20210901
005801FF0001005005D300692D380C06	0	1	0	20210901
005801FF0001005005D300692D380C51	0	1	0	20210901
005801FF0001005005D300692D380C63	0	1	0	20210901
005801FF0001005005D300692D380D14	0	1	0	20210901
005801FF0001005005D300692D380D35	0	1	0	20210901
005801FF0001005005D300692D380D6E	0	1	0	20210901
005801FF0001005005D300692D380E06	1	0	0	20210901
005801FF0001005005D300692D380E0A	0	1	0	20210901
005801FF0001005005D300692D380E11	1	0	0	20210901
005801FF0001005005D300692D380E1D	1	0	0	20210901
005801FF0001005005D300692D380E23	0	1	0	20210901
005801FF0001005005D300692D380E27	1	0	0	20210901
005801FF0001005005D300692D380E2F	0	1	0	20210901
005801FF0001005005D300692D380F0E	0	1	0	20210901
005801FF0001005005D300692D380F29	0	1	0	20210901
005801FF0001005005D300692D380F36	0	1	0	20210901
005801FF0001005005D300692D380F49	0	1	0	20210901
005801FF0001005005D300692D380F67	1	0	0	20210901
005801FF0001005005D300692D380F87	1	0	0	20210901
005801FF0001005005D300692D380F8D	1	1	0	20210901
005801FF0001005005D300692D381003	1	0	0	20210901
005801FF0001005005D300692D381035	0	1	0	20210901
005801FF0001005005D300692D381054	0	1	0	20210901
005801FF0001005005D300692D38105E	1	0	0	20210901
005801FF0001005005D300692D3810E3	0	1	0	20210901
005801FF0001005005D300692D381116	0	1	0	20210901
005801FF0001005005D300692D381122	1	1	0	20210901
005801FF0001005005D300692D381130	1	0	0	20210901
005801FF0001005005D300692D38125E	0	1	0	20210901
005801FF0001005005D300692D38126F	0	1	0	20210901
005801FF0001005005D300692D3812B4	0	1	0	20210901
005801FF0001005005D300692D3812C3	1	0	1	20210901
005801FF0001005005D300692D3812CE	0	1	0	20210901
005801FF0001005005D300692D381379	0	1	0	20210901
005801FF0001005005D300692D381432	1	0	0	20210901
005801FF0001005005D300692D38144C	0	1	0	20210901
005801FF0001005005D300692D381580	1	1	0	20210901
005801FF0001005005D300692D381599	1	0	0	20210901
005801FF0001005005D300692D3815A0	1	0	0	20210901
005801FF0001005005D300692D38160D	0	1	0	20210901
005801FF0001005005D300692D3816CC	0	1	0	20210901
005801FF0001005005D300692D3816DD	0	1	0	20210901
005801FF0001005005D300692D38175A	0	1	0	20210901
005801FF0001005005D300692D381786	0	1	0	20210901
005801FF0001005005D300692D38179C	0	1	0	20210901
005801FF0001005005D300692D381855	1	0	0	20210901
005801FF0001005005D300692D3818D7	0	1	0	20210901
005801FF0001005005D300692D381996	1	0	0	20210901
005801FF0001005005D300692D381A13	0	1	0	20210901
005801FF0001005005D300692D381A29	0	1	0	20210901
005801FF0001005005D300692D381A4D	1	1	0	20210901
005801FF0001005005D300692D381B12	0	1	0	20210901
005801FF0001005005D300692D381B6A	0	1	0	20210901
005801FF0001005005D300692D381C15	0	1	0	20210901
005801FF0001005005D300692D381D38	1	0	0	20210901
005801FF0001005005D300692D381D4F	0	0	1	20210901
005801FF0001005005D300692D381D5A	0	1	0	20210901
005801FF0001005005D300692D381D6C	1	1	0	20210901
005801FF0001005005D300692D381D9B	1	0	0	20210901
005801FF0001005005D300692D381E5A	0	1	0	20210901
005801FF0001005005D300692D381E8B	0	1	0	20210901
005801FF0001005005D300692D381ED3	0	1	0	20210901
005801FF0001005005D300692D381EDA	0	1	0	20210901
005801FF0001005005D300692D38202E	0	1	0	20210901
005801FF0001005006D400692D3D9C52	0	1	0	20210901
005801FF0001005006D400692D3D9C7D	1	0	0	20210901
005801FF0001005006D400692D3D9C96	0	1	0	20210901
005801FF0001005006D400692D3D9D24	1	1	0	20210901
005801FF0001005006D400692D3D9DF1	1	1	0	20210901
005801FF0001005006D400692D3D9E02	1	0	0	20210901
005801FF0001005006D400692D3D9E6B	0	1	0	20210901
005801FF0001005006D400692D3D9E90	0	1	0	20210901
005801FF0001005006D400692D3D9F48	1	1	0	20210901
005801FF0001005006D400692D3DA021	0	1	0	20210901
005801FF0001005006D400692D3DA038	1	0	0	20210901
005801FF0001005006D400692D3DA043	0	1	0	20210901
005801FF0001005006D400692D3DA07A	0	1	0	20210901
005801FF0001005006D400692D3DA1A1	1	0	0	20210901
005801FF0001005006D400692D3DA219	0	1	0	20210901
005801FF0001005006D400692D3DA28F	1	0	0	20210901
005801FF0001005006D400692D3DA2AE	0	1	0	20210901
005801FF0001005006D400692D3DA2FE	1	0	0	20210901
005801FF0001005006D400692D3DA303	1	1	0	20210901
005801FF0001005006D400692D3DA4A7	0	1	0	20210901
005801FF0001005006D400692D3DA4EB	0	1	0	20210901
005801FF0001005006D400692D3DA50A	1	1	0	20210901
005801FF0001005006D400692D3DA595	1	0	0	20210901
005801FF0001005006D400692D3DA648	0	1	0	20210901
005801FF0001005006D400692D3DA65D	0	1	0	20210901
005801FF0001005006D400692D3DA719	0	1	0	20210901
005801FF0001005006D400692D3DA783	1	0	0	20210901
005801FF0001005006D400692D3DA793	0	1	0	20210901
005801FF0001005006D400692D3DA809	1	1	0	20210901
005801FF0001005006D400692D3DA877	1	0	0	20210901
005801FF0001005006D400692D3DA91D	0	1	0	20210901
005801FF0001005006D400692D3DA93E	1	0	0	20210901
005801FF0001005006D400692D3DA95D	1	0	0	20210901
005801FF0001005006D400692D3DA9CE	0	1	0	20210901
005801FF0001005006D400692D3DAA10	1	0	0	20210901
005801FF0001005006D400692D3DAA2D	1	0	0	20210901
005801FF0001005006D400692D3DAA8A	0	1	0	20210901
005801FF0001005006D400692D3DACEC	0	1	0	20210901
005801FF0001005006D400692D3DAD7E	1	0	0	20210901
005801FF0001005006D400692D3DAE70	0	1	0	20210901
005801FF0001005006D400692D3DAE99	0	1	0	20210901
005801FF0001005006D400692D3DAEB3	0	1	0	20210901
005801FF0001005006D400692D3DAEB9	1	0	0	20210901
005801FF0001005006D400692D3DAF64	1	0	0	20210901
005801FF0001005006D400692D3DAF99	0	1	0	20210901
005801FF0001005006D400692D3DAFB1	1	0	0	20210901
005801FF0001005006D400692D3DB07E	1	1	0	20210901
005801FF0001005006D400692D3DB116	0	1	0	20210901
005801FF0001005006D400692D3DB14C	1	0	0	20210901
005801FF0001005006D400692D3DB220	0	1	0	20210901
005801FF0001005006D400692D3DB224	0	1	0	20210901
005801FF0001005006D400692D3DB27E	0	1	0	20210901
005801FF0001005006D400692D3DB285	0	1	0	20210901
005801FF0001005006D400692D3DB28E	0	1	0	20210901
005801FF0001005006D400692D3DB291	1	0	0	20210901
005801FF0001005006D400692D3DB2DC	0	1	0	20210901
005801FF0001005006D400692D3DB3D9	0	1	0	20210901
005801FF0001005006D400692D3DB4FA	0	1	0	20210901
005801FF0001005006D400692D3DB82C	0	1	0	20210901
005801FF0001005006D400692D3DB856	0	1	0	20210901
005801FF0001005006D400692D3DB87E	1	0	0	20210901
005801FF0001005006D400692D3DB88C	0	1	0	20210901
005801FF0001005006D400692D3DB9C0	1	1	0	20210901
005801FF0001005006D400692D3DBB9A	0	1	0	20210901
005801FF0001005006D400692D3DBC44	0	1	0	20210901
005801FF0001005006D400692D3DBC75	1	0	0	20210901
005801FF0001005006D400692D3DBDDA	1	0	0	20210901
005801FF0001005006D400692D3DBE4A	1	0	0	20210901
005801FF0001005006D400692D3DBE7C	0	1	0	20210901
005801FF0001005006D400692D3DBE9B	0	1	0	20210901
005801FF0001005006D400692D3DC05A	1	0	0	20210901
005801FF0001005006D400692D3DC086	1	0	0	20210901
005801FF0001005006D400692D3DC0B5	1	0	0	20210901
005801FF0001005006D400692D3DC125	1	0	0	20210901
005801FF0001005006D400692D3DC185	1	0	0	20210901
005801FF0001005006D400692D3DC18D	1	0	0	20210901
005801FF00010050F6E52C43BE5C9F43	0	1	0	20210901
005801FF00010050F6E52C43BE5C9F76	0	1	0	20210901
005801FF00010050F6E52C43BE5CA12A	1	1	0	20210901
005801FF00010050F6E52C43BE5CA17A	0	1	0	20210901
005801FF00010050F6E52C43BE5CA305	0	1	0	20210901
005801FF00010050F6E52C43BE5CA360	0	1	0	20210901
005801FF00010050F6E52C43BE5CA39B	1	0	0	20210901
005801FF00010050F6E52C43BE5CA488	1	0	0	20210901
005801FF00010050F6E52C43BE5CA4E1	0	1	0	20210901
005801FF00010050F6E52C43BE5CA5E9	0	1	0	20210901
005801FF00010050F6E52C43BE5CA669	0	1	0	20210901
005801FF00010050F6E52C43BE5CA694	0	1	0	20210901
005801FF00010050F6E52C43BE5CA6D7	0	1	0	20210901
005801FF00010050F6E52C43BE5CA806	0	1	0	20210901
005801FF00010050F6E52C43BE5CA92C	1	0	0	20210901
005801FF00010050F6E52C43BE5CA934	1	1	0	20210901
005801FF00010050F6E52C43BE5CAA03	0	1	0	20210901
005801FF00010050F6E52C43BE5CAA2D	0	1	0	20210901
005801FF00010050F6E52C43BE5CAA4A	1	0	0	20210901
005801FF00010050F6E52C43BE5CAA55	0	1	0	20210901
005801FF00010050F6E52C43BE5CAA59	0	1	0	20210901
005801FF00010050F6E52C43BE5CAA65	0	1	0	20210901
005801FF00010050F6E52C43BE5CAA6F	0	1	0	20210901
005801FF00010050F6E52C43BE5CAB09	0	1	0	20210901
005801FF00010050F6E52C43BE5CAB38	0	1	0	20210901
005801FF00010050F6E52C43BE5CAB8E	0	1	0	20210901
005801FF00010050F6E52C43BE5CAC8B	0	1	0	20210901
005801FF00010050F6E52C43BE5CADE8	0	1	0	20210901
005801FF00010050F6E52C43BE5CAEA5	0	1	0	20210901
005801FF00010050F6E52C43BE5CAEE5	1	0	0	20210901
005801FF00010050F6E52C43BE5CAF48	0	1	0	20210901
005801FF00010050F6E52C43BE5CAF79	0	1	0	20210901
005801FF00010050F6E52C43BE5CB024	1	0	0	20210901
005801FF00010050F6E52C43BE5CB23F	0	1	0	20210901
005801FF00010050F6E52C43BE5CB36D	1	0	0	20210901
005801FF00010050F6E52C43BE5CB3D1	0	1	0	20210901
005801FF00010050F6E52C43BE5CB449	0	1	0	20210901
005801FF00010050F6E52C43BE5CB461	0	1	0	20210901
005801FF00010050F6E52C43BE5CB4E6	0	1	0	20210901
005801FF00010050F6E52C43BE5CB53C	0	1	0	20210901
005801FF00010050F6E52C43BE5CB59E	1	0	0	20210901
005801FF00010050F6E52C43BE5CB5C5	0	1	0	20210901
005801FF00010050F6E52C43BE5CB60F	0	1	0	20210901
005801FF00010050F6E52C43BE5CB6A3	1	0	0	20210901
005801FF00010050F6E52C43BE5CB6A6	1	0	0	20210901
005801FF00010050F6E52C43BE5CB6C4	0	1	0	20210901
005801FF00010050F6E52C43BE5CB6DE	1	0	0	20210901
005801FF00010050F6E52C43BE5CB701	0	1	0	20210901
005801FF00010050F6E52C43BE5CB78C	0	1	0	20210901
005801FF00010050F6E52C43BE5CB7C9	1	0	0	20210901
005801FF00010050F6E52C43BE5CB7D2	1	0	0	20210901
005801FF00010050F6E52C43BE5CB81F	1	0	0	20210901
005801FF00010050F6E52C43BE5CB82A	1	0	0	20210901
005801FF00010050F6E52C43BE5CB848	0	1	0	20210901
005801FF00010050F6E52C43BE5CB860	1	1	0	20210901
005801FF00010050F6E52C43BE5CB8AD	0	1	0	20210901
005801FF00010050F6E52C43BE5CB947	1	0	0	20210901
005801FF00010050F6E52C43BE5CBA8D	1	0	0	20210901
005801FF00010050F6E52C43BE5CBACF	0	1	0	20210901
005801FF00010050F6E52C43BE5CBB30	0	1	0	20210901
005801FF00010050F6E52C43BE5CBB52	0	1	0	20210901
005801FF00010050F6E52C43BE5CBB5F	1	0	0	20210901
005801FF00010050F6E52C43BE5CBB79	0	1	0	20210901
005801FF00010050F6E52C43BE5CBB96	0	1	0	20210901
005801FF00010050F6E52C43BE5CBBA1	1	0	0	20210901
005801FF00010050F6E52C43BE5CBBFB	0	1	0	20210901
005801FF00010050F6E52C43BE5CBCB1	0	1	0	20210901
005801FF00010050F6E52C43BE5CBCD3	1	0	0	20210901
005801FF00010050F6E52C43BE5CBD21	0	1	0	20210901
005801FF00010050F6E52C43BE5CBDBB	1	0	0	20210901
005801FF00010050F6E52C43BE5CC0C2	1	0	0	20210901
005801FF00010050F6E52C43BE5CC137	0	1	0	20210901
005801FF00010050F6E52C43BE5CC163	1	0	0	20210901
005801FF00010050F6E52C43BE5CC1D3	0	1	0	20210901
005801FF00010050F6E52C43BE5CC1E9	1	1	0	20210901
005801FF00010050F6E52C43BE5CC1F8	1	0	0	20210901
005801FF00010050F6E52C43BE5CC280	1	0	0	20210901
005801FF00010050F6E52C43BE5CC451	1	0	0	20210901
005801FF00010050F6E52C43BE5CC49A	1	1	0	20210901
005801FF00010050F6E52C43BE5CC552	1	0	0	20210901
005801FF00010050F6E52C43BE5CC692	0	1	0	20210901
005801FF00010050F6E52C43BE5CC790	0	1	0	20210901
005801FF00010050F6E52C43BE5CC7AD	0	1	0	20210901
005801FF00010050F6E52C43BE5CC871	1	0	0	20210901
005801FF00010050F6E52C43BE5CC890	1	0	0	20210901
005801FF00010050F6E52C43BE5CC89A	1	0	0	20210901
005801FF00010050F6E52C43BE5CCA29	1	0	0	20210901
005801FF00010050F6E52C43BE5CCA32	1	0	0	20210901
005801FF00010050F6E52C43BE5CCA51	1	0	0	20210901
005801FF00010050F6E52C43BE5CCB90	1	0	0	20210901
005801FF00010050F6E52C43BE5CCBC4	0	1	0	20210901
005801FF00010050F6E52C43BE5CCC49	1	0	0	20210901
005801FF00010050F6E52C43BE5CCEB6	1	0	0	20210901
005801FF00010050F6E52C43BE5CCEE4	0	1	0	20210901
005801FF00010050F6E52C43BE5CCF18	0	1	0	20210901
005801FF00010050F6E52C43BE5CCF36	0	1	0	20210901
005801FF00010050F6E52C43BE5CCF75	0	1	0	20210901
005801FF00010050F6E52C43BE5CCFC6	0	1	0	20210901
005801FF00010050F6E52C43BE5CCFE2	1	0	0	20210901
005801FF00010050F6E52C43BE5CCFE4	0	1	0	20210901
005801FF00010050F6E52C43BE5CD07B	1	0	0	20210901
005801FF00010050F6E52C43BE5CD0CC	0	1	0	20210901
005801FF00010050F6E52C43BE5CD0CE	0	1	0	20210901
005801FF00010050F6E52C43BE5CD10A	1	0	0	20210901
005801FF00010050F6E52C43BE5CD183	1	0	0	20210901
005801FF0001007001B960D21C44254C	0	0	1	20210901
005801FF0001007001B960D21C442551	1	0	0	20210901
005801FF0001007001B960D21C442584	1	0	0	20210901
005801FF0001007001B960D21C4426C4	0	0	1	20210901
005801FF0001007001B960D21C4427B5	0	1	0	20210901
005801FF0001007001B960D21C4428D5	1	0	0	20210901
005801FF0001007001B960D21C4428F1	0	1	0	20210901
005801FF0001007001B960D21C442956	0	0	1	20210901
005801FF0001007001B960D21C442972	0	0	1	20210901
005801FF0001007001B960D21C442AA9	1	1	0	20210901
005801FF0001007001B960D21C442AB7	0	1	0	20210901
005801FF0001007001B960D21C442ADD	1	1	0	20210901
005801FF0001007001B960D21C442B36	0	1	0	20210901
005801FF0001007001B960D21C442BDF	0	0	1	20210901
005801FF0001007001B960D21C442C2B	0	1	0	20210901
005801FF0001007001B960D21C442DD7	0	1	0	20210901
005801FF0001007001B960D21C442DE9	0	0	1	20210901
005801FF0001007001B960D21C442DEF	0	0	1	20210901
005801FF0001007001B960D21C442E17	0	1	0	20210901
005801FF0001007001B960D21C442E35	0	0	1	20210901
005801FF0001007001B960D21C442E97	0	0	1	20210901
005801FF0001007001B960D21C442EDB	0	1	0	20210901
005801FF0001007001B960D21C442F0F	0	0	1	20210901
005801FF0001007001B960D21C442F5C	0	0	1	20210901
005801FF0001007001B960D21C442F90	0	1	0	20210901
005801FF0001007001B960D21C443023	0	1	0	20210901
005801FF0001007001B960D21C44319F	0	1	0	20210901
005801FF0001007001B960D21C44320B	1	0	0	20210901
005801FF0001007001B960D21C44321C	1	0	0	20210901
005801FF0001007001B960D21C443330	0	0	1	20210901
005801FF0001007001B960D21C44345C	0	1	0	20210901
005801FF0001007001B960D21C44345F	0	0	1	20210901
005801FF0001007001B960D21C4435AA	0	0	1	20210901
005801FF0001007001B960D21C4435E0	0	0	1	20210901
005801FF0001007001B960D21C4435E7	0	0	1	20210901
005801FF0001007001B960D21C443620	0	0	1	20210901
005801FF0001007001B960D21C443651	1	1	0	20210901
005801FF0001007001B960D21C44365C	1	0	0	20210901
005801FF0001007001B960D21C4436B5	0	1	0	20210901
005801FF0001007001B960D21C443786	0	1	0	20210901
005801FF0001007001B960D21C443790	0	0	1	20210901
005801FF0001007001B960D21C4437AC	0	0	1	20210901
005801FF0001007001B960D21C443830	0	0	1	20210901
005801FF0001007001B960D21C4438EF	1	0	0	20210901
005801FF0001007001B960D21C4438FD	0	1	0	20210901
005801FF0001007001B960D21C44397C	1	0	0	20210901
005801FF0001007001B960D21C443AEA	0	0	1	20210901
005801FF0001007001B960D21C443AF2	0	1	0	20210901
005801FF0001007001B960D21C443AF2	0	0	1	20210901
005801FF0001007001B960D21C443B03	0	1	0	20210901
005801FF0001007001B960D21C443D2C	0	1	0	20210901
005801FF0001007001B960D21C443D4B	1	0	0	20210901
005801FF0001007001B960D21C443D66	0	1	0	20210901
005801FF0001007001B960D21C443DC6	0	1	0	20210901
005801FF0001007001B960D21C443DFF	0	0	1	20210901
005801FF0001007001B960D21C443E0F	0	0	1	20210901
005801FF0001007001B960D21C443E3F	1	0	0	20210901
005801FF0001007001B960D21C443EE5	0	0	1	20210901
005801FF0001007001B960D21C443F5C	0	0	1	20210901
005801FF0001007001B960D21C444026	1	0	0	20210901
005801FF0001007001B960D21C44403D	0	1	0	20210901
005801FF0001007001B960D21C444083	0	0	1	20210901
005801FF0001007001B960D21C444099	0	0	1	20210901
005801FF0001007001B960D21C444115	1	0	0	20210901
005801FF0001007001B960D21C444156	0	1	0	20210901
005801FF0001007001B960D21C444156	0	0	1	20210901
005801FF0001007001B960D21C44422D	1	0	0	20210901
005801FF0001007001B960D21C444246	0	0	1	20210901
005801FF0001007001B960D21C44430C	0	1	0	20210901
005801FF0001007001B960D21C44436D	0	0	1	20210901
005801FF0001007001B960D21C44447F	0	0	1	20210901
005801FF0001007001B960D21C444522	0	0	1	20210901
005801FF0001007001B960D21C444526	0	0	1	20210901
005801FF0001007001B960D21C444573	0	1	0	20210901
005801FF0001007001B960D21C4445D5	0	1	0	20210901
005801FF0001007001B960D21C44471A	0	1	0	20210901
005801FF0001007001B960D21C44478E	0	1	0	20210901
005801FF0001007001B960D21C444822	0	0	1	20210901
005801FF0001007001B960D21C444973	0	1	0	20210901
005801FF0001007001B960D21C4449D6	0	1	0	20210901
005801FF0001007001B960D21C444A71	1	0	0	20210901
005801FF0001007001B960D21C444AA6	0	1	0	20210901
005801FF0001007001B960D21C444C17	0	0	1	20210901
005801FF0001007003B860D21C3E1AB1	0	0	1	20210901
005801FF0001007003B860D21C3E1AB4	1	0	0	20210901
005801FF0001007003B860D21C3E1B57	1	0	1	20210901
005801FF0001007003B860D21C3E1B8C	1	1	0	20210901
005801FF0001007003B860D21C3E1B98	0	0	1	20210901
005801FF0001007003B860D21C3E1C16	0	1	0	20210901
005801FF0001007003B860D21C3E1C21	0	0	1	20210901
005801FF0001007003B860D21C3E1C31	0	0	1	20210901
005801FF0001007003B860D21C3E1CBD	0	0	1	20210901
005801FF0001007003B860D21C3E1D02	0	1	0	20210901
005801FF0001007003B860D21C3E1D56	0	1	0	20210901
005801FF0001007003B860D21C3E1D6E	1	0	0	20210901
005801FF0001007003B860D21C3E1E34	0	0	1	20210901
005801FF0001007003B860D21C3E1E65	0	1	0	20210901
005801FF0001007003B860D21C3E1F2B	0	0	1	20210901
005801FF0001007003B860D21C3E1F2F	0	1	0	20210901
005801FF0001007003B860D21C3E1FB5	0	0	1	20210901
005801FF0001007003B860D21C3E2019	1	0	0	20210901
005801FF0001007003B860D21C3E201F	0	1	0	20210901
005801FF0001007003B860D21C3E206C	0	1	0	20210901
005801FF0001007003B860D21C3E20E5	0	0	1	20210901
005801FF0001007003B860D21C3E20FC	0	0	1	20210901
005801FF0001007003B860D21C3E224E	1	0	0	20210901
005801FF0001007003B860D21C3E2256	0	0	1	20210901
005801FF0001007003B860D21C3E228A	0	1	0	20210901
005801FF0001007003B860D21C3E22C5	0	0	1	20210901
005801FF0001007003B860D21C3E22F6	1	0	0	20210901
005801FF0001007003B860D21C3E23C0	0	0	1	20210901
005801FF0001007003B860D21C3E241E	1	0	1	20210901
005801FF0001007003B860D21C3E2477	1	0	0	20210901
005801FF0001007003B860D21C3E24C9	0	1	0	20210901
005801FF0001007003B860D21C3E24ED	0	1	0	20210901
005801FF0001007003B860D21C3E24FF	0	1	0	20210901
005801FF0001007003B860D21C3E2541	0	1	0	20210901
005801FF0001007003B860D21C3E2541	0	0	1	20210901
005801FF0001007003B860D21C3E2669	0	0	1	20210901
005801FF0001007003B860D21C3E268D	0	1	0	20210901
005801FF0001007003B860D21C3E26C1	0	0	1	20210901
005801FF0001007003B860D21C3E2720	0	0	1	20210901
005801FF0001007003B860D21C3E2761	1	1	0	20210901
005801FF0001007003B860D21C3E27CF	1	0	0	20210901
005801FF0001007003B860D21C3E27D8	1	0	0	20210901
005801FF0001007003B860D21C3E2814	0	0	1	20210901
005801FF0001007003B860D21C3E283B	0	0	1	20210901
005801FF0001007003B860D21C3E28CA	0	0	1	20210901
005801FF0001007003B860D21C3E2920	0	0	1	20210901
005801FF0001007003B860D21C3E298C	0	1	0	20210901
005801FF0001007003B860D21C3E29F0	1	0	0	20210901
005801FF0001007003B860D21C3E2A0E	0	1	0	20210901
005801FF0001007003B860D21C3E2AB5	0	1	0	20210901
005801FF0001007003B860D21C3E2ABA	0	1	0	20210901
005801FF0001007003B860D21C3E2B74	0	1	0	20210901
005801FF0001007003B860D21C3E2BE9	0	0	1	20210901
005801FF0001007003B860D21C3E2CB2	0	1	0	20210901
005801FF0001007003B860D21C3E2CB2	0	0	1	20210901
005801FF0001007003B860D21C3E2CB9	0	1	0	20210901
005801FF0001007003B860D21C3E2CDF	0	1	0	20210901
005801FF0001007003B860D21C3E2D2F	0	1	0	20210901
005801FF0001007003B860D21C3E2D53	0	0	1	20210901
005801FF0001007003B860D21C3E2D71	0	0	1	20210901
005801FF0001007003B860D21C3E2DDB	0	1	0	20210901
005801FF0001007003B860D21C3E2E3D	0	1	0	20210901
005801FF0001007003B860D21C3E2E9C	0	1	0	20210901
005801FF0001007003B860D21C3E2F34	0	0	1	20210901
005801FF0001007003B860D21C3E2F69	0	1	0	20210901
005801FF0001007003B860D21C3E2F83	1	0	0	20210901
005801FF0001007003B860D21C3E2F90	0	0	1	20210901
005801FF0001007003B860D21C3E2F94	1	0	1	20210901
005801FF0001007003B860D21C3E2FC7	0	1	0	20210901
005801FF0001007003B860D21C3E2FD3	0	1	0	20210901
005801FF0001007003B860D21C3E302F	0	0	1	20210901
005801FF0001007003B860D21C3E305C	0	0	1	20210901
005801FF0001007003B860D21C3E3126	0	0	1	20210901
005801FF0001007003B860D21C3E3145	0	1	0	20210901
005801FF0001007003B860D21C3E3145	0	0	1	20210901
005801FF0001007003B860D21C3E317E	0	1	0	20210901
005801FF0001007003B860D21C3E3230	1	1	1	20210901
005801FF0001007003B860D21C3E3238	0	0	1	20210901
005801FF0001007003B860D21C3E32FC	0	0	1	20210901
005801FF0001007003B860D21C3E3350	0	0	1	20210901
005801FF0001007003B860D21C3E3366	0	0	1	20210901
005801FF0001007003B860D21C3E336B	0	1	0	20210901
005801FF0001007003B860D21C3E33DE	0	0	1	20210901
005801FF0001007003B860D21C3E33FB	0	1	0	20210901
005801FF0001007003B860D21C3E3406	0	1	0	20210901
005801FF0001007003B860D21C3E3486	0	1	0	20210901
005801FF0001007003B860D21C3E3545	0	0	1	20210901
005801FF0001007003B860D21C3E354A	0	0	1	20210901
005801FF0001007003B860D21C3E354D	1	0	0	20210901
005801FF0001007003B860D21C3E35E8	1	0	1	20210901
005801FF0001007003B860D21C3E367C	1	0	1	20210901
005801FF0001007003B860D21C3E36A0	1	1	1	20210901
005801FF0001007003B860D21C3E36B3	1	1	1	20210901
005801FF0001007003B860D21C3E3787	1	0	0	20210901
005801FF0001007003B860D21C3E3844	0	0	1	20210901
005801FF0001007003B860D21C3E38FD	1	0	1	20210901
005801FF0001007003B860D21C3E399A	0	1	0	20210901
005801FF0001007003B860D21C3E39C2	0	1	0	20210901
005801FF0001007003B860D21C3E3A4A	0	1	0	20210901
005801FF0001007003B860D21C3E3A73	0	1	0	20210901
005801FF0001007003B860D21C3E3AA0	0	1	0	20210901
005801FF0001007003B860D21C3E3AC0	0	0	1	20210901
005801FF0001007003B860D21C3E3B30	0	1	0	20210901
005801FF0001007003B860D21C3E3B30	0	0	1	20210901
005801FF0001007003B860D21C3E3B80	0	1	0	20210901
005801FF0001007003B860D21C3E3B8D	1	0	0	20210901
005801FF0001007003B860D21C3E3BB1	0	0	1	20210901
005801FF0001007003B860D21C3E3C08	0	0	1	20210901
005801FF0001007003B860D21C3E3C30	0	1	0	20210901
005801FF0001007003B860D21C3E3C4E	0	0	1	20210901
005801FF0001007003B860D21C3E3CCE	1	0	0	20210901
005801FF0001007003B860D21C3E3DAF	0	1	0	20210901
005801FF0001007003B860D21C3E3DF8	0	0	1	20210901
005801FF0001007003B860D21C3E3EAA	0	0	1	20210901
005801FF0001007003B860D21C3E3F01	0	0	1	20210901
005801FF0001007003B860D21C3E3F10	1	0	0	20210901
005801FF0001007003B860D21C3E3F56	0	1	0	20210901
005801FF0001007003B860D21C3E3FC9	0	1	0	20210901
005801FF0001007003B860D21C3E3FCB	1	1	1	20210901
005801FF0001007003B860D21C3E3FE5	0	1	0	20210901
005801FF0001007003B860D21C3E3FE5	0	0	1	20210901
005801FF0001007003B860D21C3E40CD	0	0	1	20210901
005801FF0001007003B860D21C3E410D	1	0	0	20210901
005801FF0001007003B860D21C3E4149	1	1	1	20210901
005801FF0001007005B860D21C3044F9	0	0	1	20210901
005801FF0001007005B860D21C3044FE	0	1	0	20210901
005801FF0001007005B860D21C304535	0	0	1	20210901
005801FF0001007005B860D21C304659	0	0	1	20210901
005801FF0001007005B860D21C3046B1	1	0	0	20210901
005801FF0001007005B860D21C3046D4	0	1	0	20210901
005801FF0001007005B860D21C3046F6	1	0	0	20210901
005801FF0001007005B860D21C304824	0	0	1	20210901
005801FF0001007005B860D21C30482B	0	1	0	20210901
005801FF0001007005B860D21C3048CA	0	1	0	20210901
005801FF0001007005B860D21C3048D6	1	0	0	20210901
005801FF0001007005B860D21C3048E4	0	0	1	20210901
005801FF0001007005B860D21C304959	0	1	0	20210901
005801FF0001007005B860D21C3049FB	0	0	1	20210901
005801FF0001007005B860D21C304A7C	0	0	1	20210901
005801FF0001007005B860D21C304B4A	0	0	1	20210901
005801FF0001007005B860D21C304B71	1	0	0	20210901
005801FF0001007005B860D21C304BA1	0	0	1	20210901
005801FF0001007005B860D21C304BC1	0	1	0	20210901
005801FF0001007005B860D21C304D19	0	1	0	20210901
005801FF0001007005B860D21C304D22	0	1	0	20210901
005801FF0001007005B860D21C304DAF	1	0	0	20210901
005801FF0001007005B860D21C304EA9	0	1	0	20210901
005801FF0001007005B860D21C304F5E	0	1	0	20210901
005801FF0001007005B860D21C305097	0	0	1	20210901
005801FF0001007005B860D21C305122	1	0	0	20210901
005801FF0001007005B860D21C30513C	0	1	0	20210901
005801FF0001007005B860D21C3051A8	1	0	1	20210901
005801FF0001007005B860D21C305231	0	0	1	20210901
005801FF0001007005B860D21C3052A6	1	0	1	20210901
005801FF0001007005B860D21C3053BB	0	0	1	20210901
005801FF0001007005B860D21C305568	0	1	0	20210901
005801FF0001007005B860D21C3055EE	0	0	1	20210901
005801FF0001007005B860D21C30565C	0	1	0	20210901
005801FF0001007005B860D21C3056C5	0	0	1	20210901
005801FF0001007005B860D21C305786	1	0	0	20210901
005801FF0001007005B860D21C305820	0	0	1	20210901
005801FF0001007005B860D21C305829	0	1	0	20210901
005801FF0001007005B860D21C3058C0	0	0	1	20210901
005801FF0001007005B860D21C3058F1	0	0	1	20210901
005801FF0001007005B860D21C305990	0	0	1	20210901
005801FF0001007005B860D21C305A38	0	0	1	20210901
005801FF0001007005B860D21C305AC6	1	0	0	20210901
005801FF0001007005B860D21C305AE2	0	1	0	20210901
005801FF0001007005B860D21C305B7D	0	1	0	20210901
005801FF0001007005B860D21C305C0A	0	0	1	20210901
005801FF0001007005B860D21C305C1C	1	0	0	20210901
005801FF0001007005B860D21C305C2C	1	0	0	20210901
005801FF0001007005B860D21C305C51	1	1	0	20210901
005801FF0001007005B860D21C305CDC	1	0	1	20210901
005801FF0001007005B860D21C305D27	0	0	1	20210901
005801FF0001007005B860D21C305D8C	1	0	0	20210901
005801FF0001007005B860D21C305DAE	1	1	0	20210901
005801FF0001007005B860D21C305E98	0	1	0	20210901
005801FF0001007005B860D21C305ECA	0	1	0	20210901
005801FF0001007005B860D21C305F07	1	0	0	20210901
005801FF0001007005B860D21C30607F	1	0	0	20210901
005801FF0001007005B860D21C306091	0	1	0	20210901
005801FF0001007005B860D21C306099	0	0	1	20210901
005801FF0001007005B860D21C3060EB	0	1	0	20210901
005801FF0001007005B860D21C306181	0	0	1	20210901
005801FF0001007005B860D21C306186	1	0	0	20210901
005801FF0001007005B860D21C306201	0	0	1	20210901
005801FF0001007005B860D21C3062DC	1	0	1	20210901
005801FF0001007005B860D21C3062E2	0	0	1	20210901
005801FF0001007005B860D21C306350	0	0	1	20210901
005801FF0001007005B860D21C306486	0	1	0	20210901
005801FF0001007005B860D21C30648D	1	0	1	20210901
005801FF0001007005B860D21C3064E6	1	0	0	20210901
005801FF0001007005B860D21C30659C	0	0	1	20210901
005801FF0001007005B860D21C3065DB	0	1	0	20210901
005801FF0001007005B860D21C3065DB	0	0	1	20210901
005801FF0001007005B860D21C3066E2	0	0	1	20210901
005801FF0001007005B860D21C3066F2	1	0	1	20210901
005801FF0001007005B860D21C306702	0	1	0	20210901
005801FF0001007005B860D21C306717	0	1	0	20210901
005801FF0001007005B860D21C3067F6	0	1	0	20210901
005801FF0001007005B860D21C30682E	0	0	1	20210901
005801FF0001007005B860D21C3068A4	0	0	1	20210901
005801FF0001007005B860D21C3068FE	1	1	0	20210901
005801FF0001007005B860D21C30699C	1	0	0	20210901
005801FF0001007005B860D21C306A1C	0	0	1	20210901
005801FF0001007005B860D21C306A23	0	0	1	20210901
005801FF0001007005B860D21C306A24	0	1	0	20210901
005801FF0001007005B860D21C306A2C	1	0	0	20210901
005801FF0001007005B860D21C306A3C	0	0	1	20210901
005801FF0001007005B860D21C306A4B	0	0	1	20210901
005801FF0001007005B860D21C306B2F	0	0	1	20210901
005801FF0001007005B860D21C306B44	0	0	1	20210901
005801FF0001007005B860D21C306C5F	0	0	1	20210901
005801FF0001007005B860D21C306DB2	1	0	0	20210901
005801FF0001007005B860D21C306E29	1	0	0	20210901
005801FF0001007005B860D21C306E7D	1	0	1	20210901
005801FF0001007005B860D21C306F0B	0	1	0	20210901
005801FF0001007005B860D21C306F0B	0	0	1	20210901
005801FF0001007005B860D21C306F1C	0	1	0	20210901
005801FF0001007005B860D21C306F40	0	1	0	20210901
005801FF0001007005B860D21C306F4C	0	1	0	20210901
005801FF0001007005B860D21C306FC5	0	1	0	20210901
005801FF0001007005B860D21C30704A	0	0	1	20210901
005801FF0001007005B860D21C307095	1	0	0	20210901
005801FF0001007005B860D21C307161	0	0	1	20210901
005801FF0001007005B860D21C307298	0	1	0	20210901
005801FF0001007005B860D21C3072D3	1	1	1	20210901
005801FF0001007005B860D21C30731B	1	1	0	20210901
005801FF0001007005B860D21C30734B	1	0	0	20210901
005801FF0001007005B860D21C307362	0	0	1	20210901
005801FF0001007005B860D21C3073DE	0	1	0	20210901
005801FF0001007005B860D21C30741E	0	0	1	20210901
005801FF0001007005B860D21C307426	0	1	0	20210901
005801FF0001007005B860D21C307434	1	0	0	20210901
005801FF0001007005B860D21C307495	0	1	0	20210901
005801FF0001007005B860D21C30749B	0	1	0	20210901
005801FF0001007005B860D21C30749B	0	0	1	20210901
005801FF0001007005B860D21C3074D5	1	1	0	20210901
005801FF0001007005B860D21C307656	0	0	1	20210901
005801FF0001007005B860D21C30767F	0	1	0	20210901
005801FF0001007005B860D21C307698	0	1	0	20210901
005801FF0001007005B860D21C3076F1	0	0	1	20210901
005801FF0001007005B860D21C307768	0	0	1	20210901
005801FF0001007005B860D21C3077AC	0	0	1	20210901
005801FF0001007005B860D21C307800	0	0	1	20210901
005801FF0001007005B860D21C307843	0	0	1	20210901
005801FF0001007005B860D21C3078BD	0	0	1	20210901
005801FF0001007005B860D21C307A51	1	0	0	20210901
005801FF0001007005B860D21C307ABB	0	1	0	20210901
005801FF0001007005B860D21C307B66	0	0	1	20210901
005801FF0001007005B860D21C307B6D	0	1	0	20210901
005801FF0001007005B860D21C307BF4	1	0	0	20210901
005801FF0001007005B860D21C307CA4	0	0	1	20210901
005801FF0001007005B860D21C307D1C	1	1	0	20210901
005801FF0001007005B860D21C307DB1	0	0	1	20210901
005801FF0001007005B860D21C307E46	1	0	0	20210901
005801FF0001007005B860D21C307ECC	0	0	1	20210901
005801FF0001007005B860D21C307EDA	1	0	0	20210901
005801FF0001007005B860D21C307F99	1	1	0	20210901
005801FF0001007005B860D21C307FAC	1	0	0	20210901
005801FF0001007005B860D21C308087	0	1	0	20210901
005801FF0001007005B860D21C30811E	1	0	1	20210901
005801FF0001007005B860D21C30826C	0	0	1	20210901
005801FF0001007005B860D21C308298	0	1	0	20210901
005801FF0001007005B860D21C3082A1	1	0	0	20210901
005801FF0001007005B860D21C3082B9	0	1	0	20210901
005801FF0001007005B860D21C3082CA	0	0	1	20210901
005801FF0001007005B860D21C3082D3	1	0	0	20210901
005801FF0001007005B860D21C3082EB	0	0	1	20210901
005801FF0001007005B860D21C30841B	0	1	0	20210901
005801FF0001007005B860D21C30841B	0	0	1	20210901
005801FF0001007005B860D21C3084DB	0	0	1	20210901
005801FF0001007005B860D21C3084E9	0	0	1	20210901
005801FF0001007005B860D21C308560	1	0	0	20210901
005801FF0001007005B860D21C308580	1	0	1	20210901
005801FF0001007005B860D21C3085F5	0	1	0	20210901
005801FF0001007005B860D21C308782	0	0	1	20210901
005801FF0001007005B860D21C3087AD	1	0	1	20210901
005801FF0001007005B860D21C308966	1	0	0	20210901
005801FF0001007005B860D21C308997	0	1	0	20210901
005801FF0001007005B860D21C308997	0	0	1	20210901
005801FF0001007005B860D21C3089FE	0	1	0	20210901
005801FF0001007005B860D21C308AE7	0	1	0	20210901
005801FF0001007005B860D21C308B18	0	0	1	20210901
005801FF0001007005B860D21C308B68	1	1	0	20210901
005801FF0001007005B860D21C308C43	0	0	1	20210901
005801FF0001007005B860D21C308CE2	0	0	1	20210901
005801FF0001007005B860D21C308D82	0	0	1	20210901
005801FF0001007005B860D21C308DE9	0	1	0	20210901
005801FF0001007005B860D21C308E9F	1	0	0	20210901
005801FF0001007005B860D21C308FA0	1	0	0	20210901
005801FF0001007005B860D21C309016	0	0	1	20210901
005801FF0001007005B860D21C30909A	1	0	0	20210901
005801FF0001007005B860D21C3090BF	0	1	0	20210901
005801FF0001007005B860D21C3090E1	0	1	0	20210901
005801FF0001007005B860D21C309123	1	0	0	20210901
005801FF0001007005B860D21C309205	0	0	1	20210901
005801FF0001007005B860D21C309278	1	0	1	20210901
005801FF0001007005B860D21C309290	0	1	0	20210901
005801FF0001007005B860D21C3092B8	0	0	1	20210901
005801FF0001007005B860D21C30931D	0	1	0	20210901
005801FF0001007005B860D21C309344	1	0	1	20210901
005801FF0001007005B860D21C3093EC	1	0	0	20210901
005801FF0001007005B860D21C309410	0	1	0	20210901
005801FF0001007005B860D21C3095E7	0	0	1	20210901
005801FF0001007005B860D21C309626	0	0	1	20210901
005801FF0001007005B860D21C30964E	1	0	1	20210901
005801FF0001007005B860D21C3096B1	0	0	1	20210901
005801FF0001007005B860D21C3096EF	0	1	0	20210901
005801FF0001007005B860D21C309700	0	0	1	20210901
005801FF0001007005B860D21C30975C	0	0	1	20210901
005801FF0001007005B860D21C3098A8	0	1	0	20210901
005801FF0001007005B860D21C3098A8	0	0	1	20210901
005801FF0001007005B860D21C309A28	0	0	1	20210901
005801FF0001007005B860D21C309A3E	0	1	0	20210901
005801FF0001007005B860D21C309A49	0	0	1	20210901
005801FF0001007005B860D21C309AAB	0	1	0	20210901
005801FF0001007005B860D21C309AB0	1	0	1	20210901
005801FF0001007005B860D21C309B9E	0	1	0	20210901
005801FF0001007005B860D21C309BD8	0	0	1	20210901
005801FF0001007005B860D21C309C4E	0	1	0	20210901
005801FF0001007005B860D21C309D48	0	1	0	20210901
005801FF0001007005B860D21C309E30	0	1	0	20210901
005801FF0001007005B860D21C309E95	0	0	1	20210901
005801FF0001007005B860D21C309EBA	0	1	0	20210901
005801FF0001007005B860D21C309EC1	0	1	0	20210901
005801FF0001007005B860D21C309EE3	0	0	1	20210901
005801FF0001007005B860D21C309F08	1	1	1	20210901
005801FF0001007005B860D21C309F6E	0	0	1	20210901
005801FF0001007005B860D21C30A006	0	1	0	20210901
005801FF0001007005B860D21C30A01F	0	0	1	20210901
005801FF0001007005B860D21C30A060	0	0	1	20210901
005801FF0001007005B860D21C30A1FF	1	0	1	20210901
005801FF0001007005B860D21C30A232	0	0	1	20210901
005801FF0001007005B860D21C30A309	0	0	1	20210901
005801FF0001007005B860D21C30A32D	0	1	0	20210901
005801FF0001007005B860D21C30A332	0	0	1	20210901
005801FF0001007005B860D21C30A33B	1	1	0	20210901
005801FF0001007005B860D21C30A37E	0	1	0	20210901
005801FF0001007005B860D21C30A41B	1	0	0	20210901
005801FF0001007005B860D21C30A422	0	0	1	20210901
005801FF0001007005B860D21C30A42B	1	1	0	20210901
005801FF0001007005B860D21C30A44A	1	0	1	20210901
005801FF0001007005B860D21C30A46A	1	1	1	20210901
005801FF0001007005B860D21C30A46F	1	1	1	20210901
005801FF0001007005B860D21C30A49B	0	0	1	20210901
005801FF0001007005B860D21C30A4B0	0	0	1	20210901
005801FF0001007005B860D21C30A4C4	0	0	1	20210901
005801FF0001007005B860D21C30A4C6	0	0	1	20210901
005801FF0001007005B860D21C30A4D4	0	1	0	20210901
005801FF0001007005B860D21C30A4F6	0	0	1	20210901
005801FF0001007005B860D21C30A5A8	0	1	0	20210901
005801FF0001007005B860D21C30A779	0	0	1	20210901
005801FF0001007005B860D21C30A78D	1	0	0	20210901
005801FF0001007005B860D21C30A836	1	0	1	20210901
005801FF0001007005B860D21C30A85C	0	1	0	20210901
005801FF0001007005B860D21C30A85C	0	0	1	20210901
005801FF0001007005B860D21C30A86F	0	0	1	20210901
005801FF0001007005B860D21C30A87E	0	1	0	20210901
005801FF0001007005B860D21C30A895	1	0	0	20210901
005801FF0001007005B860D21C30A902	0	1	0	20210901
005801FF0001007005B860D21C30A917	0	1	0	20210901
005801FF0001007005B860D21C30A917	0	0	1	20210901
005801FF0001007005B860D21C30A935	0	0	1	20210901
005801FF0001007005B860D21C30AAEE	0	0	1	20210901
005801FF0001007005B860D21C30AAF3	0	0	1	20210901
005801FF0001007005B860D21C30AB70	0	0	1	20210901
005801FF0001007005B860D21C30ABF2	0	0	1	20210901
005801FF0001007005B860D21C30AC2A	1	0	1	20210901
005801FF0001007005B860D21C30AC54	0	1	0	20210901
005801FF0001007005B860D21C30ACD0	0	1	0	20210901
005801FF0001007005B860D21C30AD06	0	1	0	20210901
005801FF0001007005B860D21C30AD0C	1	0	1	20210901
005801FF0001007005B860D21C30AD2E	0	0	1	20210901
005801FF0001007005B860D21C30ADD1	0	0	1	20210901
005801FF0001007005B860D21C30ADEA	0	0	1	20210901
005801FF0001007005B860D21C30ADFF	0	1	0	20210901
005801FF0001007005B860D21C30AE01	1	1	1	20210901
005801FF0001007005B860D21C30AE5F	0	0	1	20210901
005801FF0001007005B860D21C30AECB	0	0	1	20210901
005801FF0001007005B860D21C30AED7	1	1	0	20210901
005801FF0001007005B860D21C30AEE3	1	0	1	20210901
005801FF0001007005B860D21C30AEFA	0	0	1	20210901
005801FF0001007005B860D21C30AFCB	1	1	0	20210901
005801FF0001007005B860D21C30B02A	0	1	0	20210901
005801FF0001007005B860D21C30B02D	0	0	1	20210901
005801FF0001007005B860D21C30B038	0	1	0	20210901
005801FF0001007005B860D21C30B073	0	0	1	20210901
005801FF0001007005B860D21C30B076	0	0	1	20210901
005801FF0001007005B860D21C30B0B7	0	1	0	20210901
005801FF0001007005B860D21C30B234	0	0	1	20210901
005801FF0001007005B860D21C30B290	0	0	1	20210901
005801FF0001007005B860D21C30B2F3	0	0	1	20210901
005801FF0001007005B860D21C30B3BC	0	0	1	20210901
005801FF0001007005B860D21C30B418	0	1	0	20210901
005801FF0001007005B860D21C30B4C4	1	1	0	20210901
005801FF0001007005B860D21C30B557	0	1	0	20210901
005801FF0001007005B860D21C30B5B6	0	0	1	20210901
005801FF0001007005B860D21C30B5C1	0	0	1	20210901
005801FF0001007005B860D21C30B61E	0	1	0	20210901
005801FF0001007005B860D21C30B648	0	0	1	20210901
005801FF0001007005B860D21C30B65B	0	1	0	20210901
005801FF0001007005B860D21C30B66A	0	0	1	20210901
005801FF0001007005B860D21C30B6BC	0	0	1	20210901
005801FF0001007005B860D21C30B6C4	1	0	0	20210901
005801FF0001007005B860D21C30B6DF	0	0	1	20210901
005801FF0001007005B860D21C30B76D	0	0	1	20210901
005801FF0001007005B860D21C30B869	0	0	1	20210901
005801FF0001007005B860D21C30B896	0	0	1	20210901
005801FF0001007005B860D21C30B958	0	0	1	20210901
005801FF0001007005B860D21C30B9AA	0	0	1	20210901
005801FF0001007005B860D21C30B9C8	0	0	1	20210901
005801FF0001007005B860D21C30BA61	0	0	1	20210901
005801FF0001007005B860D21C30BBEE	0	1	0	20210901
005801FF0001007005B860D21C30BBF4	0	1	0	20210901
005801FF0001007005B860D21C30BBF4	0	0	1	20210901
005801FF0001007005B860D21C30BCD4	0	1	0	20210901
005801FF0001007005B860D21C30BD28	0	0	1	20210901
005801FF0001007005B860D21C30BD3D	0	0	1	20210901
005801FF0001007005B860D21C30BD76	1	0	0	20210901
005801FF0001007005B860D21C30BD78	0	0	1	20210901
005801FF0001007005B860D21C30BD84	0	1	0	20210901
005801FF0001007005B860D21C30BE2A	0	1	0	20210901
005801FF0001007005B860D21C30BEF8	0	1	0	20210901
005801FF0001007005B860D21C30C016	1	0	0	20210901
005801FF0001007005B860D21C30C0A4	0	0	1	20210901
005801FF0001007005B860D21C30C15C	0	1	0	20210901
005801FF0001007005B860D21C30C1E3	1	0	1	20210901
005801FF0001007005B860D21C30C1E5	0	0	1	20210901
005801FF0001007005B860D21C30C2B3	0	0	1	20210901
005801FF0001007005B860D21C30C2E3	0	0	1	20210901
005801FF0001007005B860D21C30C38D	0	1	0	20210901
005801FF0001007005B860D21C30C4EE	0	0	1	20210901
005801FF0001007005B860D21C30C516	0	1	0	20210901
005801FF0001007005B860D21C30C57B	1	0	0	20210901
005801FF0001007005B860D21C30C60C	0	0	1	20210901
005801FF0001007005B860D21C30C656	0	1	0	20210901
005801FF0001007005B860D21C30C658	0	0	1	20210901
005801FF0001007005B860D21C30C65C	0	1	0	20210901
005801FF0001007005B860D21C30C67F	0	0	1	20210901
005801FF0001007005B860D21C30C684	0	0	1	20210901
005801FF0001007005B860D21C30C685	1	1	1	20210901
005801FF0001007005B860D21C30C6C1	0	0	1	20210901
005801FF0001007005B860D21C30C769	0	1	0	20210901
005801FF0001007005B860D21C30C865	1	0	0	20210901
005801FF0001007005B860D21C30C882	0	1	0	20210901
005801FF0001007005B860D21C30C8B1	0	1	0	20210901
005801FF0001007005B860D21C30C8C1	0	0	1	20210901
005801FF0001007005B860D21C30C9AC	0	0	1	20210901
005801FF0001007005B860D21C30C9DC	0	1	0	20210901
005801FF0001007005B860D21C30C9DC	0	0	1	20210901
005801FF0001007005B860D21C30CA53	0	0	1	20210901
005801FF0001007005B860D21C30CA84	0	0	1	20210901
005801FF0001007005B860D21C30CB14	1	0	1	20210901
005801FF0001007005B860D21C30CB1F	1	1	1	20210901
005801FF0001007005B860D21C30CB5E	0	0	1	20210901
005801FF0001007005B860D21C30CB6D	0	0	1	20210901
005801FF0001007005B860D21C30CB75	0	1	0	20210901
005801FF0001007005B860D21C30CB75	0	0	1	20210901
005801FF0001007005B860D21C30CBE4	0	1	0	20210901
005801FF0001007005B860D21C30CC0A	0	0	1	20210901
005801FF0001007005B860D21C30CC27	0	0	1	20210901
005801FF0001007005B860D21C30CC4F	0	0	1	20210901
005801FF0001007005B860D21C30CC78	0	1	0	20210901
005801FF0001007005B860D21C30CCB8	0	0	1	20210901
005801FF0001007005B860D21C30CCBC	0	1	0	20210901
005801FF0001007005B860D21C30CCCA	0	0	1	20210901
005801FF0001007005B860D21C30CCE4	0	0	1	20210901
005801FF0001007005B860D21C30CCEB	0	0	1	20210901
005801FF0001007005B860D21C30CD43	1	0	1	20210901
005801FF0001007005B860D21C30CD51	0	0	1	20210901
005801FF0001007005B860D21C30CD93	0	0	1	20210901
005801FF0001007005B860D21C30CD96	0	0	1	20210901
005801FF0001007005B860D21C30CDA0	0	1	0	20210901
005801FF0001007005B860D21C30CDD9	0	0	1	20210901
005801FF0001007005B860D21C30CE0C	0	1	0	20210901
005801FF0001007005B860D21C30CE86	0	1	0	20210901
005801FF0001007005B860D21C30CEE4	1	1	0	20210901
005801FF0001007005B860D21C30CEFF	0	0	1	20210901
005801FF0001007005B860D21C30CF6D	1	1	1	20210901
005801FF0001007005B860D21C30CFB0	0	1	0	20210901
005801FF0001007005B860D21C30CFE8	0	0	1	20210901
005801FF0001007005B860D21C30CFF9	0	1	0	20210901
005801FF0001007005B860D21C30CFF9	0	0	1	20210901
005801FF0001007005B860D21C30D013	0	1	0	20210901
005801FF0001007005B860D21C30D013	0	0	1	20210901
005801FF0001007005B860D21C30D031	0	1	0	20210901
005801FF0001007005B860D21C30D03D	0	1	0	20210901
005801FF0001007005B860D21C30D03D	0	0	1	20210901
005801FF0001007005B860D21C30D059	1	1	0	20210901
005801FF0001007005B860D21C30D05C	0	1	0	20210901
005801FF0001007005B860D21C30D05C	0	0	1	20210901
005801FF0001007005B860D21C30D0BC	0	0	1	20210901
005801FF0001007005B860D21C30D0EC	0	1	0	20210901
005801FF0001007005B860D21C30D0F6	0	1	0	20210901
005801FF0001007005B860D21C30D108	0	0	1	20210901
005801FF0001007005B860D21C30D1B5	0	1	0	20210901
005801FF0001007005B860D21C30D1E7	1	0	1	20210901
005801FF0001007005B860D21C30D223	0	0	1	20210901
005801FF0001007005B860D21C30D258	0	0	1	20210901
005801FF0001007005B860D21C30D265	1	0	0	20210901
005801FF0001007005B860D21C30D2C9	1	0	1	20210901
005801FF0001007005B860D21C30D3A3	0	0	1	20210901
005801FF0001007005B860D21C30D3A8	1	0	0	20210901
005801FF0001007005B860D21C30D467	1	0	1	20210901
005801FF0001007005B860D21C30D4BB	0	0	1	20210901
005801FF0001007005B860D21C30D4CF	0	1	0	20210901
