htv_film_order_dm.deviceid	htv_film_order_dm.film_light_not_order	htv_film_order_dm.film_middle_not_order	htv_film_order_dm.film_high_not_order	htv_film_order_dm.date_time
004903000003204019297C52593C36AE	0	1	0	20210901
005101FF00011810111160D21CA9B1E5	1	0	0	20210901
005801FF0001005005D300692D37D26F	1	0	0	20210901
005801FF0001005005D300692D37D300	1	0	0	20210901
005801FF0001005005D300692D37D362	1	0	0	20210901
005801FF0001005005D300692D37D39F	1	0	0	20210901
005801FF0001005005D300692D37D444	1	0	0	20210901
005801FF0001005005D300692D37D4EA	0	1	0	20210901
005801FF0001005005D300692D37D580	0	1	0	20210901
005801FF0001005005D300692D37D67D	1	0	0	20210901
005801FF0001005005D300692D37D75D	1	0	0	20210901
005801FF0001005005D300692D37D79E	0	1	0	20210901
005801FF0001005005D300692D37D7AE	1	0	0	20210901
005801FF0001005005D300692D37D7BF	1	0	0	20210901
005801FF0001005005D300692D37D7C5	0	1	0	20210901
005801FF0001005005D300692D37D7D5	0	0	1	20210901
005801FF0001005005D300692D37D7D6	1	0	0	20210901
005801FF0001005005D300692D37D915	1	0	0	20210901
005801FF0001005005D300692D37D962	1	0	0	20210901
005801FF0001005005D300692D37D96B	1	0	0	20210901
005801FF0001005005D300692D37D979	1	0	0	20210901
005801FF0001005005D300692D37D9C7	0	1	0	20210901
005801FF0001005005D300692D37DA0C	1	0	0	20210901
005801FF0001005005D300692D37DA69	1	0	0	20210901
005801FF0001005005D300692D37DA82	0	1	0	20210901
005801FF0001005005D300692D37DB62	1	0	0	20210901
005801FF0001005005D300692D37DBFB	1	0	0	20210901
005801FF0001005005D300692D37DC95	1	0	0	20210901
005801FF0001005005D300692D37DCEC	1	0	0	20210901
005801FF0001005005D300692D37DD1B	0	1	0	20210901
005801FF0001005005D300692D37DE9C	0	1	0	20210901
005801FF0001005005D300692D37DF32	1	0	0	20210901
005801FF0001005005D300692D37E0AB	1	0	0	20210901
005801FF0001005005D300692D37E24F	1	0	0	20210901
005801FF0001005005D300692D37E2A3	1	0	0	20210901
005801FF0001005005D300692D37E434	1	0	0	20210901
005801FF0001005005D300692D37E478	1	0	0	20210901
005801FF0001005005D300692D37E4DE	1	0	0	20210901
005801FF0001005005D300692D37E5D5	1	0	0	20210901
005801FF0001005005D300692D37E6DE	1	0	0	20210901
005801FF0001005005D300692D37E704	0	1	0	20210901
005801FF0001005005D300692D37E74B	1	0	0	20210901
005801FF0001005005D300692D37E774	1	0	0	20210901
005801FF0001005005D300692D37E783	1	0	0	20210901
005801FF0001005005D300692D37E82F	1	0	0	20210901
005801FF0001005005D300692D37E89D	0	1	0	20210901
005801FF0001005005D300692D37EA9E	1	0	0	20210901
005801FF0001005005D300692D37EABC	1	0	0	20210901
005801FF0001005005D300692D37EB2A	1	0	0	20210901
005801FF0001005005D300692D37EB36	1	0	0	20210901
005801FF0001005005D300692D37EC1D	1	0	0	20210901
005801FF0001005005D300692D37ED04	1	0	0	20210901
005801FF0001005005D300692D37ED43	0	1	0	20210901
005801FF0001005005D300692D37EDA2	1	0	0	20210901
005801FF0001005005D300692D37EDEA	1	0	0	20210901
005801FF0001005005D300692D37EE09	1	0	0	20210901
005801FF0001005005D300692D37EEF3	0	1	0	20210901
005801FF0001005005D300692D37F038	1	0	0	20210901
005801FF0001005005D300692D37F064	1	0	0	20210901
005801FF0001005005D300692D37F19A	0	1	0	20210901
005801FF0001005005D300692D37F1FB	1	0	0	20210901
005801FF0001005005D300692D37F1FC	1	0	0	20210901
005801FF0001005005D300692D37F213	1	0	0	20210901
005801FF0001005005D300692D37F26F	1	0	0	20210901
005801FF0001005005D300692D37F2A5	1	0	0	20210901
005801FF0001005005D300692D37F3D0	1	0	0	20210901
005801FF0001005005D300692D37F4DC	0	1	0	20210901
005801FF0001005005D300692D37F6D3	1	0	0	20210901
005801FF0001005005D300692D37F6E9	0	1	0	20210901
005801FF0001005005D300692D37F7E6	1	0	0	20210901
005801FF0001005005D300692D37F7F5	1	0	0	20210901
005801FF0001005005D300692D37F816	0	1	0	20210901
005801FF0001005005D300692D37F8A7	0	1	0	20210901
005801FF0001005005D300692D37F8E3	1	0	0	20210901
005801FF0001005005D300692D37FA30	0	1	0	20210901
005801FF0001005005D300692D37FA34	0	1	0	20210901
005801FF0001005005D300692D37FA46	1	0	0	20210901
005801FF0001005005D300692D37FADD	0	1	0	20210901
005801FF0001005005D300692D37FB65	0	1	0	20210901
005801FF0001005005D300692D37FC26	1	0	0	20210901
005801FF0001005005D300692D37FCB5	1	0	0	20210901
005801FF0001005005D300692D37FD8C	0	0	1	20210901
005801FF0001005005D300692D37FDD3	1	0	0	20210901
005801FF0001005005D300692D37FE69	1	0	0	20210901
005801FF0001005005D300692D37FE6A	0	1	0	20210901
005801FF0001005005D300692D37FED7	0	1	0	20210901
005801FF0001005005D300692D37FEF4	1	0	0	20210901
005801FF0001005005D300692D37FEF9	1	0	0	20210901
005801FF0001005005D300692D37FF0F	1	0	0	20210901
005801FF0001005005D300692D37FF51	1	0	0	20210901
005801FF0001005005D300692D37FF5D	1	0	0	20210901
005801FF0001005005D300692D37FFDA	0	1	0	20210901
005801FF0001005005D300692D380061	1	0	0	20210901
005801FF0001005005D300692D38008F	0	1	0	20210901
005801FF0001005005D300692D380192	1	0	0	20210901
005801FF0001005005D300692D380325	1	0	0	20210901
005801FF0001005005D300692D38045E	0	1	0	20210901
005801FF0001005005D300692D3804A2	0	0	1	20210901
005801FF0001005005D300692D3804B6	1	0	0	20210901
005801FF0001005005D300692D38052A	1	0	0	20210901
005801FF0001005005D300692D38055B	1	0	0	20210901
005801FF0001005005D300692D3805D0	0	1	0	20210901
005801FF0001005005D300692D380659	1	0	0	20210901
005801FF0001005005D300692D380732	1	0	0	20210901
005801FF0001005005D300692D38074F	1	0	0	20210901
005801FF0001005005D300692D380775	1	0	0	20210901
005801FF0001005005D300692D3807F4	0	1	0	20210901
005801FF0001005005D300692D3807F9	1	0	0	20210901
005801FF0001005005D300692D380806	1	0	0	20210901
005801FF0001005005D300692D380948	1	0	0	20210901
005801FF0001005005D300692D380A0C	0	1	0	20210901
005801FF0001005005D300692D380ABF	1	0	0	20210901
005801FF0001005005D300692D380BC7	1	0	0	20210901
005801FF0001005005D300692D380C68	1	0	0	20210901
005801FF0001005005D300692D380CA1	1	0	0	20210901
005801FF0001005005D300692D380D34	0	1	0	20210901
005801FF0001005005D300692D380DDC	0	1	0	20210901
005801FF0001005005D300692D380E06	1	0	0	20210901
005801FF0001005005D300692D380E11	0	1	0	20210901
005801FF0001005005D300692D380E1D	1	0	0	20210901
005801FF0001005005D300692D380E27	1	0	0	20210901
005801FF0001005005D300692D380E28	1	0	0	20210901
005801FF0001005005D300692D380E69	1	0	0	20210901
005801FF0001005005D300692D380F4E	1	0	0	20210901
005801FF0001005005D300692D380F67	1	0	0	20210901
005801FF0001005005D300692D380F87	0	0	1	20210901
005801FF0001005005D300692D380F8D	1	0	0	20210901
005801FF0001005005D300692D380FD2	0	0	1	20210901
005801FF0001005005D300692D381003	1	0	0	20210901
005801FF0001005005D300692D381047	1	0	0	20210901
005801FF0001005005D300692D38105E	1	0	0	20210901
005801FF0001005005D300692D3810AB	1	0	0	20210901
005801FF0001005005D300692D381122	1	0	0	20210901
005801FF0001005005D300692D381129	1	0	0	20210901
005801FF0001005005D300692D381130	1	0	0	20210901
005801FF0001005005D300692D381161	0	1	0	20210901
005801FF0001005005D300692D3811BF	0	1	0	20210901
005801FF0001005005D300692D381248	1	0	0	20210901
005801FF0001005005D300692D3812AB	0	1	0	20210901
005801FF0001005005D300692D3812C3	1	0	0	20210901
005801FF0001005005D300692D3813A9	1	0	0	20210901
005801FF0001005005D300692D381432	1	0	0	20210901
005801FF0001005005D300692D3814DD	0	1	0	20210901
005801FF0001005005D300692D381535	1	0	0	20210901
005801FF0001005005D300692D381580	1	0	0	20210901
005801FF0001005005D300692D381599	0	1	0	20210901
005801FF0001005005D300692D3815A0	0	1	0	20210901
005801FF0001005005D300692D3817D4	0	0	1	20210901
005801FF0001005005D300692D381855	0	1	0	20210901
005801FF0001005005D300692D38188C	1	0	0	20210901
005801FF0001005005D300692D381996	1	0	0	20210901
005801FF0001005005D300692D381A4D	1	0	0	20210901
005801FF0001005005D300692D381B7E	1	0	0	20210901
005801FF0001005005D300692D381C59	0	1	0	20210901
005801FF0001005005D300692D381D38	1	0	0	20210901
005801FF0001005005D300692D381D6C	0	1	0	20210901
005801FF0001005005D300692D381D9B	1	0	0	20210901
005801FF0001005005D300692D381E00	1	0	0	20210901
005801FF0001005005D300692D381F41	1	0	0	20210901
005801FF0001005005D300692D381F44	1	0	0	20210901
005801FF0001005005D300692D381F6A	1	0	0	20210901
005801FF0001005006D400692D3D9C7D	0	1	0	20210901
005801FF0001005006D400692D3D9D24	0	1	0	20210901
005801FF0001005006D400692D3D9DF1	1	0	0	20210901
005801FF0001005006D400692D3D9E02	0	1	0	20210901
005801FF0001005006D400692D3D9E56	0	1	0	20210901
005801FF0001005006D400692D3D9F48	1	0	0	20210901
005801FF0001005006D400692D3D9FBD	1	0	0	20210901
005801FF0001005006D400692D3D9FEB	1	0	0	20210901
005801FF0001005006D400692D3DA038	0	0	1	20210901
005801FF0001005006D400692D3DA1A1	0	1	0	20210901
005801FF0001005006D400692D3DA1BC	0	1	0	20210901
005801FF0001005006D400692D3DA28F	0	1	0	20210901
005801FF0001005006D400692D3DA2FE	1	0	0	20210901
005801FF0001005006D400692D3DA303	1	0	0	20210901
005801FF0001005006D400692D3DA50A	1	0	0	20210901
005801FF0001005006D400692D3DA595	0	1	0	20210901
005801FF0001005006D400692D3DA783	0	0	1	20210901
005801FF0001005006D400692D3DA7A4	0	1	0	20210901
005801FF0001005006D400692D3DA809	0	0	1	20210901
005801FF0001005006D400692D3DA840	1	0	0	20210901
005801FF0001005006D400692D3DA868	1	0	0	20210901
005801FF0001005006D400692D3DA877	1	0	0	20210901
005801FF0001005006D400692D3DA93E	1	0	0	20210901
005801FF0001005006D400692D3DA95D	0	1	0	20210901
005801FF0001005006D400692D3DA987	0	0	1	20210901
005801FF0001005006D400692D3DA9D1	0	1	0	20210901
005801FF0001005006D400692D3DAA10	1	0	0	20210901
005801FF0001005006D400692D3DAA2D	1	0	0	20210901
005801FF0001005006D400692D3DAA82	1	0	0	20210901
005801FF0001005006D400692D3DAB53	1	0	0	20210901
005801FF0001005006D400692D3DACB4	1	0	0	20210901
005801FF0001005006D400692D3DAD14	0	1	0	20210901
005801FF0001005006D400692D3DAD7E	1	0	0	20210901
005801FF0001005006D400692D3DADCF	1	0	0	20210901
005801FF0001005006D400692D3DAE42	1	0	0	20210901
005801FF0001005006D400692D3DAE47	1	0	0	20210901
005801FF0001005006D400692D3DAEB6	0	1	0	20210901
005801FF0001005006D400692D3DAEB9	0	0	1	20210901
005801FF0001005006D400692D3DAF64	1	0	0	20210901
005801FF0001005006D400692D3DAFB1	1	0	0	20210901
005801FF0001005006D400692D3DB07E	1	0	0	20210901
005801FF0001005006D400692D3DB14C	0	1	0	20210901
005801FF0001005006D400692D3DB291	1	0	0	20210901
005801FF0001005006D400692D3DB3FB	1	0	0	20210901
005801FF0001005006D400692D3DB3FC	0	1	0	20210901
005801FF0001005006D400692D3DB43F	0	0	1	20210901
005801FF0001005006D400692D3DB632	1	0	0	20210901
005801FF0001005006D400692D3DB64E	1	0	0	20210901
005801FF0001005006D400692D3DB664	1	0	0	20210901
005801FF0001005006D400692D3DB73A	0	1	0	20210901
005801FF0001005006D400692D3DB87E	1	0	0	20210901
005801FF0001005006D400692D3DB9C0	1	0	0	20210901
005801FF0001005006D400692D3DBA3C	1	0	0	20210901
005801FF0001005006D400692D3DBC75	1	0	0	20210901
005801FF0001005006D400692D3DBCB3	0	1	0	20210901
005801FF0001005006D400692D3DBDA5	0	1	0	20210901
005801FF0001005006D400692D3DBDDA	1	0	0	20210901
005801FF0001005006D400692D3DBE4A	1	0	0	20210901
005801FF0001005006D400692D3DBE8F	0	1	0	20210901
005801FF0001005006D400692D3DC05A	1	0	0	20210901
005801FF0001005006D400692D3DC086	0	1	0	20210901
005801FF0001005006D400692D3DC0B5	1	0	0	20210901
005801FF0001005006D400692D3DC0E2	1	0	0	20210901
005801FF0001005006D400692D3DC125	1	0	0	20210901
005801FF0001005006D400692D3DC161	0	1	0	20210901
005801FF0001005006D400692D3DC16C	1	0	0	20210901
005801FF0001005006D400692D3DC185	0	1	0	20210901
005801FF0001005006D400692D3DC18D	1	0	0	20210901
005801FF0001005006D400692D3DC399	1	0	0	20210901
005801FF00010050F6E52C43BE5CA12A	1	0	0	20210901
005801FF00010050F6E52C43BE5CA2C3	0	1	0	20210901
005801FF00010050F6E52C43BE5CA2F2	1	0	0	20210901
005801FF00010050F6E52C43BE5CA39B	0	1	0	20210901
005801FF00010050F6E52C43BE5CA488	1	0	0	20210901
005801FF00010050F6E52C43BE5CA585	0	1	0	20210901
005801FF00010050F6E52C43BE5CA5D6	0	1	0	20210901
005801FF00010050F6E52C43BE5CA6B9	0	1	0	20210901
005801FF00010050F6E52C43BE5CA7DF	0	1	0	20210901
005801FF00010050F6E52C43BE5CA92C	0	1	0	20210901
005801FF00010050F6E52C43BE5CA934	1	0	0	20210901
005801FF00010050F6E52C43BE5CA95C	0	1	0	20210901
005801FF00010050F6E52C43BE5CAA1A	0	0	1	20210901
005801FF00010050F6E52C43BE5CAA4A	0	0	1	20210901
005801FF00010050F6E52C43BE5CAAC4	0	1	0	20210901
005801FF00010050F6E52C43BE5CAC9F	0	1	0	20210901
005801FF00010050F6E52C43BE5CAE02	0	0	1	20210901
005801FF00010050F6E52C43BE5CAE0F	1	0	0	20210901
005801FF00010050F6E52C43BE5CAEE5	1	0	0	20210901
005801FF00010050F6E52C43BE5CB024	1	0	0	20210901
005801FF00010050F6E52C43BE5CB36D	0	1	0	20210901
005801FF00010050F6E52C43BE5CB40C	1	0	0	20210901
005801FF00010050F6E52C43BE5CB4B4	1	0	0	20210901
005801FF00010050F6E52C43BE5CB567	1	0	0	20210901
005801FF00010050F6E52C43BE5CB59E	0	1	0	20210901
005801FF00010050F6E52C43BE5CB5CF	1	0	0	20210901
005801FF00010050F6E52C43BE5CB5E5	1	0	0	20210901
005801FF00010050F6E52C43BE5CB6A3	0	1	0	20210901
005801FF00010050F6E52C43BE5CB6A6	1	0	0	20210901
005801FF00010050F6E52C43BE5CB6B8	1	0	0	20210901
005801FF00010050F6E52C43BE5CB6BF	0	1	0	20210901
005801FF00010050F6E52C43BE5CB6DE	0	1	0	20210901
005801FF00010050F6E52C43BE5CB6E5	0	0	1	20210901
005801FF00010050F6E52C43BE5CB6EA	0	1	0	20210901
005801FF00010050F6E52C43BE5CB723	1	0	0	20210901
005801FF00010050F6E52C43BE5CB733	0	1	0	20210901
005801FF00010050F6E52C43BE5CB746	0	1	0	20210901
005801FF00010050F6E52C43BE5CB75A	1	0	0	20210901
005801FF00010050F6E52C43BE5CB7B9	1	0	0	20210901
005801FF00010050F6E52C43BE5CB7C9	1	0	0	20210901
005801FF00010050F6E52C43BE5CB7D2	1	0	0	20210901
005801FF00010050F6E52C43BE5CB81F	1	0	0	20210901
005801FF00010050F6E52C43BE5CB82A	0	1	0	20210901
005801FF00010050F6E52C43BE5CB860	1	0	0	20210901
005801FF00010050F6E52C43BE5CB872	1	0	0	20210901
005801FF00010050F6E52C43BE5CB8BF	1	0	0	20210901
005801FF00010050F6E52C43BE5CB8E8	0	0	1	20210901
005801FF00010050F6E52C43BE5CB947	1	0	0	20210901
005801FF00010050F6E52C43BE5CBA8D	1	0	0	20210901
005801FF00010050F6E52C43BE5CBAC5	0	1	0	20210901
005801FF00010050F6E52C43BE5CBB13	0	1	0	20210901
005801FF00010050F6E52C43BE5CBB43	1	0	0	20210901
005801FF00010050F6E52C43BE5CBB5F	1	0	0	20210901
005801FF00010050F6E52C43BE5CBBA1	0	0	1	20210901
005801FF00010050F6E52C43BE5CBCD3	1	0	0	20210901
005801FF00010050F6E52C43BE5CBD2D	1	0	0	20210901
005801FF00010050F6E52C43BE5CBDBB	1	0	0	20210901
005801FF00010050F6E52C43BE5CBF31	1	0	0	20210901
005801FF00010050F6E52C43BE5CC0C2	1	0	0	20210901
005801FF00010050F6E52C43BE5CC0D0	0	1	0	20210901
005801FF00010050F6E52C43BE5CC0ED	0	1	0	20210901
005801FF00010050F6E52C43BE5CC0FC	0	0	1	20210901
005801FF00010050F6E52C43BE5CC125	0	1	0	20210901
005801FF00010050F6E52C43BE5CC15A	1	0	0	20210901
005801FF00010050F6E52C43BE5CC163	0	1	0	20210901
005801FF00010050F6E52C43BE5CC197	0	0	1	20210901
005801FF00010050F6E52C43BE5CC1DD	0	1	0	20210901
005801FF00010050F6E52C43BE5CC1DF	0	0	1	20210901
005801FF00010050F6E52C43BE5CC1E9	0	1	0	20210901
005801FF00010050F6E52C43BE5CC1F8	1	0	0	20210901
005801FF00010050F6E52C43BE5CC280	1	0	0	20210901
005801FF00010050F6E52C43BE5CC2DA	0	1	0	20210901
005801FF00010050F6E52C43BE5CC451	1	0	0	20210901
005801FF00010050F6E52C43BE5CC455	0	1	0	20210901
005801FF00010050F6E52C43BE5CC460	0	1	0	20210901
005801FF00010050F6E52C43BE5CC49A	1	0	0	20210901
005801FF00010050F6E52C43BE5CC54E	0	1	0	20210901
005801FF00010050F6E52C43BE5CC552	1	0	0	20210901
005801FF00010050F6E52C43BE5CC604	1	0	0	20210901
005801FF00010050F6E52C43BE5CC780	1	0	0	20210901
005801FF00010050F6E52C43BE5CC79A	0	1	0	20210901
005801FF00010050F6E52C43BE5CC822	0	0	1	20210901
005801FF00010050F6E52C43BE5CC86F	1	0	0	20210901
005801FF00010050F6E52C43BE5CC871	1	0	0	20210901
005801FF00010050F6E52C43BE5CC890	0	1	0	20210901
005801FF00010050F6E52C43BE5CC89A	1	0	0	20210901
005801FF00010050F6E52C43BE5CCA1A	0	1	0	20210901
005801FF00010050F6E52C43BE5CCA29	0	1	0	20210901
005801FF00010050F6E52C43BE5CCA32	0	0	1	20210901
005801FF00010050F6E52C43BE5CCA51	0	1	0	20210901
005801FF00010050F6E52C43BE5CCB11	1	0	0	20210901
005801FF00010050F6E52C43BE5CCB90	1	0	0	20210901
005801FF00010050F6E52C43BE5CCC49	1	0	0	20210901
005801FF00010050F6E52C43BE5CCCA9	0	1	0	20210901
005801FF00010050F6E52C43BE5CCD68	1	0	0	20210901
005801FF00010050F6E52C43BE5CCE59	1	0	0	20210901
005801FF00010050F6E52C43BE5CCE6B	1	0	0	20210901
005801FF00010050F6E52C43BE5CCEB6	1	0	0	20210901
005801FF00010050F6E52C43BE5CCF5C	0	1	0	20210901
005801FF00010050F6E52C43BE5CCFE2	0	0	1	20210901
005801FF00010050F6E52C43BE5CD058	0	0	1	20210901
005801FF00010050F6E52C43BE5CD07B	0	1	0	20210901
005801FF00010050F6E52C43BE5CD10A	1	0	0	20210901
005801FF00010050F6E52C43BE5CD172	0	1	0	20210901
005801FF00010050F6E52C43BE5CD183	0	1	0	20210901
005801FF00010050F6E52C43BE5CD241	0	1	0	20210901
005801FF0001007001B960D21C442551	1	0	0	20210901
005801FF0001007001B960D21C442584	1	0	0	20210901
005801FF0001007001B960D21C44261E	1	0	0	20210901
005801FF0001007001B960D21C442771	0	1	0	20210901
005801FF0001007001B960D21C44279D	1	0	0	20210901
005801FF0001007001B960D21C4428D5	1	0	0	20210901
005801FF0001007001B960D21C442AA9	0	1	0	20210901
005801FF0001007001B960D21C442AB0	0	1	0	20210901
005801FF0001007001B960D21C442ADD	1	0	0	20210901
005801FF0001007001B960D21C442B9C	1	0	0	20210901
005801FF0001007001B960D21C442C7C	0	1	0	20210901
005801FF0001007001B960D21C442CCE	1	0	0	20210901
005801FF0001007001B960D21C442CED	1	0	0	20210901
005801FF0001007001B960D21C4431CA	1	0	0	20210901
005801FF0001007001B960D21C44320B	0	1	0	20210901
005801FF0001007001B960D21C44321C	1	0	0	20210901
005801FF0001007001B960D21C443391	1	0	0	20210901
005801FF0001007001B960D21C443651	0	1	0	20210901
005801FF0001007001B960D21C44365C	1	0	0	20210901
005801FF0001007001B960D21C443687	1	0	0	20210901
005801FF0001007001B960D21C443876	1	0	0	20210901
005801FF0001007001B960D21C4438EF	0	1	0	20210901
005801FF0001007001B960D21C44391C	1	0	0	20210901
005801FF0001007001B960D21C44397C	1	0	0	20210901
005801FF0001007001B960D21C443AA4	1	0	0	20210901
005801FF0001007001B960D21C443B68	1	0	0	20210901
005801FF0001007001B960D21C443B9B	1	0	0	20210901
005801FF0001007001B960D21C443D4B	1	0	0	20210901
005801FF0001007001B960D21C443E3F	0	0	1	20210901
005801FF0001007001B960D21C443EA7	1	0	0	20210901
005801FF0001007001B960D21C443F07	1	0	0	20210901
005801FF0001007001B960D21C444017	1	0	0	20210901
005801FF0001007001B960D21C444026	0	1	0	20210901
005801FF0001007001B960D21C4440D5	0	1	0	20210901
005801FF0001007001B960D21C444115	0	1	0	20210901
005801FF0001007001B960D21C44422D	1	0	0	20210901
005801FF0001007001B960D21C444495	1	0	0	20210901
005801FF0001007001B960D21C444502	1	0	0	20210901
005801FF0001007001B960D21C4448CF	1	0	0	20210901
005801FF0001007001B960D21C4448E2	1	0	0	20210901
005801FF0001007001B960D21C444A71	1	0	0	20210901
005801FF0001007001B960D21C444BC5	0	1	0	20210901
005801FF0001007003B860D21C3E1AB4	0	1	0	20210901
005801FF0001007003B860D21C3E1AF5	1	0	0	20210901
005801FF0001007003B860D21C3E1B57	1	0	0	20210901
005801FF0001007003B860D21C3E1B8C	0	0	1	20210901
005801FF0001007003B860D21C3E1D6E	1	0	0	20210901
005801FF0001007003B860D21C3E1E93	1	0	0	20210901
005801FF0001007003B860D21C3E1F20	1	0	0	20210901
005801FF0001007003B860D21C3E1F64	1	0	0	20210901
005801FF0001007003B860D21C3E2019	1	0	0	20210901
005801FF0001007003B860D21C3E204D	1	0	0	20210901
005801FF0001007003B860D21C3E21C6	1	0	0	20210901
005801FF0001007003B860D21C3E224E	0	1	0	20210901
005801FF0001007003B860D21C3E227A	1	0	0	20210901
005801FF0001007003B860D21C3E22E4	0	1	0	20210901
005801FF0001007003B860D21C3E22F6	0	1	0	20210901
005801FF0001007003B860D21C3E241E	1	0	0	20210901
005801FF0001007003B860D21C3E2462	1	0	0	20210901
005801FF0001007003B860D21C3E2477	1	0	0	20210901
005801FF0001007003B860D21C3E25F3	1	0	0	20210901
005801FF0001007003B860D21C3E2690	1	0	0	20210901
005801FF0001007003B860D21C3E2761	0	1	0	20210901
005801FF0001007003B860D21C3E27CF	1	0	0	20210901
005801FF0001007003B860D21C3E27D8	0	1	0	20210901
005801FF0001007003B860D21C3E29F0	0	1	0	20210901
005801FF0001007003B860D21C3E2A6F	1	0	0	20210901
005801FF0001007003B860D21C3E2BE6	1	0	0	20210901
005801FF0001007003B860D21C3E2DA7	0	1	0	20210901
005801FF0001007003B860D21C3E2F83	0	1	0	20210901
005801FF0001007003B860D21C3E2F94	1	0	0	20210901
005801FF0001007003B860D21C3E30D2	1	0	0	20210901
005801FF0001007003B860D21C3E322E	1	0	0	20210901
005801FF0001007003B860D21C3E3230	0	1	0	20210901
005801FF0001007003B860D21C3E3422	1	0	0	20210901
005801FF0001007003B860D21C3E3542	0	0	1	20210901
005801FF0001007003B860D21C3E354D	0	1	0	20210901
005801FF0001007003B860D21C3E35E8	1	0	0	20210901
005801FF0001007003B860D21C3E367C	0	1	0	20210901
005801FF0001007003B860D21C3E36A0	1	0	0	20210901
005801FF0001007003B860D21C3E36B3	1	0	0	20210901
005801FF0001007003B860D21C3E3787	1	0	0	20210901
005801FF0001007003B860D21C3E384D	1	0	0	20210901
005801FF0001007003B860D21C3E38FD	1	0	0	20210901
005801FF0001007003B860D21C3E390E	1	0	0	20210901
005801FF0001007003B860D21C3E3A36	1	0	0	20210901
005801FF0001007003B860D21C3E3ACB	0	1	0	20210901
005801FF0001007003B860D21C3E3AEC	1	0	0	20210901
005801FF0001007003B860D21C3E3B8D	0	1	0	20210901
005801FF0001007003B860D21C3E3C59	1	0	0	20210901
005801FF0001007003B860D21C3E3CCE	1	0	0	20210901
005801FF0001007003B860D21C3E3E66	1	0	0	20210901
005801FF0001007003B860D21C3E3E79	0	1	0	20210901
005801FF0001007003B860D21C3E3F10	1	0	0	20210901
005801FF0001007003B860D21C3E3FCB	1	0	0	20210901
005801FF0001007003B860D21C3E4054	1	0	0	20210901
005801FF0001007003B860D21C3E40F4	0	0	1	20210901
005801FF0001007003B860D21C3E410D	1	0	0	20210901
005801FF0001007003B860D21C3E4149	1	0	0	20210901
005801FF0001007005B860D21C304547	0	1	0	20210901
005801FF0001007005B860D21C3046B1	0	1	0	20210901
005801FF0001007005B860D21C3046F6	0	1	0	20210901
005801FF0001007005B860D21C3048D6	1	0	0	20210901
005801FF0001007005B860D21C304A8E	0	1	0	20210901
005801FF0001007005B860D21C304AF5	1	0	0	20210901
005801FF0001007005B860D21C304B20	0	1	0	20210901
005801FF0001007005B860D21C304B71	1	0	0	20210901
005801FF0001007005B860D21C304DAF	1	0	0	20210901
005801FF0001007005B860D21C304F12	1	0	0	20210901
005801FF0001007005B860D21C305104	1	0	0	20210901
005801FF0001007005B860D21C305122	1	0	0	20210901
005801FF0001007005B860D21C3051A8	1	0	0	20210901
005801FF0001007005B860D21C3051BA	1	0	0	20210901
005801FF0001007005B860D21C3052A6	1	0	0	20210901
005801FF0001007005B860D21C305786	1	0	0	20210901
005801FF0001007005B860D21C3058D2	1	0	0	20210901
005801FF0001007005B860D21C305AC6	1	0	0	20210901
005801FF0001007005B860D21C305ADB	0	1	0	20210901
005801FF0001007005B860D21C305C1C	1	0	0	20210901
005801FF0001007005B860D21C305C2C	0	1	0	20210901
005801FF0001007005B860D21C305C51	1	0	0	20210901
005801FF0001007005B860D21C305CDC	1	0	0	20210901
005801FF0001007005B860D21C305D8C	1	0	0	20210901
005801FF0001007005B860D21C305DAE	1	0	0	20210901
005801FF0001007005B860D21C305F07	0	1	0	20210901
005801FF0001007005B860D21C305F52	0	1	0	20210901
005801FF0001007005B860D21C30607F	1	0	0	20210901
005801FF0001007005B860D21C3060F7	0	1	0	20210901
005801FF0001007005B860D21C306186	1	0	0	20210901
005801FF0001007005B860D21C3062DC	1	0	0	20210901
005801FF0001007005B860D21C30638B	1	0	0	20210901
005801FF0001007005B860D21C30648D	0	0	1	20210901
005801FF0001007005B860D21C3064E6	0	1	0	20210901
005801FF0001007005B860D21C30651A	0	0	1	20210901
005801FF0001007005B860D21C3066F2	0	1	0	20210901
005801FF0001007005B860D21C306777	1	0	0	20210901
005801FF0001007005B860D21C30679C	0	1	0	20210901
005801FF0001007005B860D21C3068FE	1	0	0	20210901
005801FF0001007005B860D21C30699C	1	0	0	20210901
005801FF0001007005B860D21C306A2C	1	0	0	20210901
005801FF0001007005B860D21C306C2A	0	1	0	20210901
005801FF0001007005B860D21C306DB2	1	0	0	20210901
005801FF0001007005B860D21C306E29	0	0	1	20210901
005801FF0001007005B860D21C306E65	0	1	0	20210901
005801FF0001007005B860D21C306E7D	1	0	0	20210901
005801FF0001007005B860D21C306FFB	1	0	0	20210901
005801FF0001007005B860D21C307060	1	0	0	20210901
005801FF0001007005B860D21C307095	1	0	0	20210901
005801FF0001007005B860D21C3070D3	1	0	0	20210901
005801FF0001007005B860D21C3070FB	1	0	0	20210901
005801FF0001007005B860D21C3072D3	1	0	0	20210901
005801FF0001007005B860D21C30731B	1	0	0	20210901
005801FF0001007005B860D21C30734B	1	0	0	20210901
005801FF0001007005B860D21C30740D	0	1	0	20210901
005801FF0001007005B860D21C307418	1	0	0	20210901
005801FF0001007005B860D21C307434	1	0	0	20210901
005801FF0001007005B860D21C3074D5	1	0	0	20210901
005801FF0001007005B860D21C3077F7	1	0	0	20210901
005801FF0001007005B860D21C30784E	0	0	1	20210901
005801FF0001007005B860D21C307A51	1	0	0	20210901
005801FF0001007005B860D21C307BF4	1	0	0	20210901
005801FF0001007005B860D21C307D1C	1	0	0	20210901
005801FF0001007005B860D21C307E46	1	0	0	20210901
005801FF0001007005B860D21C307EDA	0	1	0	20210901
005801FF0001007005B860D21C307F37	0	0	1	20210901
005801FF0001007005B860D21C307F99	0	1	0	20210901
005801FF0001007005B860D21C307FAC	1	0	0	20210901
005801FF0001007005B860D21C30811E	1	0	0	20210901
005801FF0001007005B860D21C3082A1	0	1	0	20210901
005801FF0001007005B860D21C3082D3	0	0	1	20210901
005801FF0001007005B860D21C3083A4	1	0	0	20210901
005801FF0001007005B860D21C3083D8	0	1	0	20210901
005801FF0001007005B860D21C308515	1	0	0	20210901
005801FF0001007005B860D21C308560	1	0	0	20210901
005801FF0001007005B860D21C308580	1	0	0	20210901
005801FF0001007005B860D21C3086E6	0	1	0	20210901
005801FF0001007005B860D21C3087AD	1	0	0	20210901
005801FF0001007005B860D21C308966	1	0	0	20210901
005801FF0001007005B860D21C3089B8	1	0	0	20210901
005801FF0001007005B860D21C308B68	0	1	0	20210901
005801FF0001007005B860D21C308CF5	1	0	0	20210901
005801FF0001007005B860D21C308E9F	1	0	0	20210901
005801FF0001007005B860D21C308F67	0	1	0	20210901
005801FF0001007005B860D21C308FA0	0	1	0	20210901
005801FF0001007005B860D21C30909A	1	0	0	20210901
005801FF0001007005B860D21C309123	1	0	0	20210901
005801FF0001007005B860D21C30915E	1	0	0	20210901
005801FF0001007005B860D21C30916B	1	0	0	20210901
005801FF0001007005B860D21C309278	1	0	0	20210901
005801FF0001007005B860D21C30927D	0	1	0	20210901
005801FF0001007005B860D21C309344	1	0	0	20210901
005801FF0001007005B860D21C3093EC	1	0	0	20210901
005801FF0001007005B860D21C30964E	1	0	0	20210901
005801FF0001007005B860D21C3096DE	1	0	0	20210901
005801FF0001007005B860D21C309AB0	1	0	0	20210901
005801FF0001007005B860D21C309F08	1	0	0	20210901
005801FF0001007005B860D21C309F81	1	0	0	20210901
005801FF0001007005B860D21C30A1FF	1	0	0	20210901
005801FF0001007005B860D21C30A2DB	1	0	0	20210901
005801FF0001007005B860D21C30A33B	0	1	0	20210901
005801FF0001007005B860D21C30A35E	1	0	0	20210901
005801FF0001007005B860D21C30A37F	1	0	0	20210901
005801FF0001007005B860D21C30A41B	1	0	0	20210901
005801FF0001007005B860D21C30A42B	1	0	0	20210901
005801FF0001007005B860D21C30A44A	1	0	0	20210901
005801FF0001007005B860D21C30A46A	1	0	0	20210901
005801FF0001007005B860D21C30A46F	1	0	0	20210901
005801FF0001007005B860D21C30A78D	1	0	0	20210901
005801FF0001007005B860D21C30A7EE	0	0	1	20210901
005801FF0001007005B860D21C30A836	0	1	0	20210901
005801FF0001007005B860D21C30A856	1	0	0	20210901
005801FF0001007005B860D21C30A895	1	0	0	20210901
005801FF0001007005B860D21C30AA8C	1	0	0	20210901
005801FF0001007005B860D21C30AC2A	1	0	0	20210901
005801FF0001007005B860D21C30AD0C	1	0	0	20210901
005801FF0001007005B860D21C30AD80	1	0	0	20210901
005801FF0001007005B860D21C30ADA6	1	0	0	20210901
005801FF0001007005B860D21C30ADA9	1	0	0	20210901
005801FF0001007005B860D21C30AE01	1	0	0	20210901
005801FF0001007005B860D21C30AED7	0	1	0	20210901
005801FF0001007005B860D21C30AEE3	0	1	0	20210901
005801FF0001007005B860D21C30AFCB	0	1	0	20210901
005801FF0001007005B860D21C30B0A9	1	0	0	20210901
005801FF0001007005B860D21C30B1E9	0	0	1	20210901
005801FF0001007005B860D21C30B4C4	1	0	0	20210901
005801FF0001007005B860D21C30B5E3	0	1	0	20210901
005801FF0001007005B860D21C30B6C4	0	0	1	20210901
005801FF0001007005B860D21C30B805	1	0	0	20210901
005801FF0001007005B860D21C30BA30	0	1	0	20210901
005801FF0001007005B860D21C30BBD8	0	1	0	20210901
005801FF0001007005B860D21C30BC2A	1	0	0	20210901
005801FF0001007005B860D21C30BD76	0	1	0	20210901
005801FF0001007005B860D21C30BE3E	1	0	0	20210901
005801FF0001007005B860D21C30BE5F	1	0	0	20210901
005801FF0001007005B860D21C30C016	1	0	0	20210901
005801FF0001007005B860D21C30C1E3	1	0	0	20210901
005801FF0001007005B860D21C30C2F8	0	1	0	20210901
005801FF0001007005B860D21C30C489	0	1	0	20210901
005801FF0001007005B860D21C30C57B	1	0	0	20210901
005801FF0001007005B860D21C30C5D1	1	0	0	20210901
005801FF0001007005B860D21C30C685	1	0	0	20210901
005801FF0001007005B860D21C30C836	1	0	0	20210901
005801FF0001007005B860D21C30C865	0	1	0	20210901
005801FF0001007005B860D21C30CB14	1	0	0	20210901
005801FF0001007005B860D21C30CB1F	1	0	0	20210901
005801FF0001007005B860D21C30CB2D	1	0	0	20210901
005801FF0001007005B860D21C30CC02	1	0	0	20210901
005801FF0001007005B860D21C30CC14	0	1	0	20210901
005801FF0001007005B860D21C30CD43	1	0	0	20210901
005801FF0001007005B860D21C30CEE4	1	0	0	20210901
005801FF0001007005B860D21C30CF49	0	1	0	20210901
005801FF0001007005B860D21C30CF6D	1	0	0	20210901
005801FF0001007005B860D21C30D059	1	0	0	20210901
005801FF0001007005B860D21C30D1E6	1	0	0	20210901
005801FF0001007005B860D21C30D1E7	1	0	0	20210901
005801FF0001007005B860D21C30D265	1	0	0	20210901
005801FF0001007005B860D21C30D2C9	0	1	0	20210901
005801FF0001007005B860D21C30D2EE	1	0	0	20210901
005801FF0001007005B860D21C30D3A8	1	0	0	20210901
005801FF0001007005B860D21C30D467	1	0	0	20210901
005801FF0001007005B860D21C30D4AA	1	0	0	20210901
005801FF0001007005B860D21C30D727	1	0	0	20210901
005801FF0001007005B860D21C30D829	0	1	0	20210901
005801FF0001007005B860D21C30D96A	1	0	0	20210901
005801FF0001007005B860D21C30DBFE	1	0	0	20210901
005801FF0001007005B860D21C30DD00	0	1	0	20210901
005801FF0001007005B860D21C30DE34	1	0	0	20210901
005801FF0001007005B860D21C30DEF0	1	0	0	20210901
005801FF0001007005B860D21C30E02D	1	0	0	20210901
005801FF0001007005B860D21C30E08E	1	0	0	20210901
005801FF0001007005B860D21C30E1D9	1	0	0	20210901
005801FF0001007005B860D21C30E25E	1	0	0	20210901
005801FF0001007005B860D21C30E2F5	0	1	0	20210901
005801FF0001007005B860D21C30E43E	1	0	0	20210901
005801FF0001007005B860D21C30E536	1	0	0	20210901
005801FF0001007005B860D21C30E5E8	1	0	0	20210901
005801FF0001007005B860D21C30E616	1	0	0	20210901
005801FF0001007005B860D21C30E6C9	1	0	0	20210901
005801FF0001007005B860D21C30E746	1	0	0	20210901
005801FF0001007005B860D21C30E818	0	1	0	20210901
005801FF0001007005B860D21C30E84B	0	0	0	20210901
005801FF0001007005B860D21C30E904	1	0	0	20210901
005801FF0001007005B860D21C30E918	1	0	0	20210901
005801FF0001007005B860D21C30E947	1	0	0	20210901
005801FF0001007005B860D21C30EB78	1	0	0	20210901
005801FF0001007005B860D21C30EC16	0	1	0	20210901
005801FF0001007005B860D21C30ECC7	1	0	0	20210901
005801FF0001007005B860D21C30EDB2	1	0	0	20210901
005801FF0001007005B860D21C30EDF4	1	0	0	20210901
005801FF0001007005B860D21C30EF10	1	0	0	20210901
005801FF0001007005B860D21C30EF3B	1	0	0	20210901
005801FF0001007005B860D21C30EF61	1	0	0	20210901
005801FF0001007005B860D21C30EF79	1	0	0	20210901
005801FF0001007005B860D21C30EF88	1	0	0	20210901
005801FF0001007005B860D21C30F0A1	0	1	0	20210901
005801FF0001007005B860D21C30F13F	0	1	0	20210901
005801FF0001007005B860D21C30F4E0	0	1	0	20210901
005801FF0001007005B860D21C30F743	1	0	0	20210901
005801FF0001007005B860D21C30F8C7	1	0	0	20210901
005801FF0001007005B860D21C30F9D2	1	0	0	20210901
005801FF0001007005B860D21C30FA3E	1	0	0	20210901
005801FF0001007005B860D21C30FBA3	1	0	0	20210901
005801FF0001007005B860D21C30FCBD	1	0	0	20210901
005801FF0001007005B860D21C30FD2D	1	0	0	20210901
005801FF0001007005B860D21C30FD61	1	0	0	20210901
005801FF0001007005B860D21C30FE7E	1	0	0	20210901
005801FF0001007005B860D21C30FF92	1	0	0	20210901
005801FF0001007005B860D21C31017F	0	1	0	20210901
005801FF0001007005B860D21C310255	0	1	0	20210901
005801FF0001007005B860D21C3102D2	0	1	0	20210901
005801FF0001007005B860D21C31046E	1	0	0	20210901
005801FF0001007005B860D21C3104D5	0	1	0	20210901
005801FF0001007005B860D21C310588	0	1	0	20210901
005801FF0001007005B860D21C31062E	1	0	0	20210901
005801FF0001007005B860D21C3106C4	1	0	0	20210901
005801FF0001007005B860D21C310783	0	1	0	20210901
005801FF0001007005B860D21C3E9521	1	0	0	20210901
005801FF0001007005B860D21C3E95D2	1	0	0	20210901
005801FF0001007005B860D21C3E95E7	1	0	0	20210901
005801FF0001007005B860D21C3E96EC	1	0	0	20210901
005801FF0001007005B860D21C3E977B	1	0	0	20210901
005801FF0001007005B860D21C3E98ED	1	0	0	20210901
005801FF0001007005B860D21C3E99C3	0	1	0	20210901
005801FF0001007005B860D21C3E99C4	1	0	0	20210901
005801FF0001007005B860D21C3E9A73	1	0	0	20210901
005801FF0001007005B860D21C3E9B58	1	0	0	20210901
005801FF0001007005B860D21C3E9C2F	1	0	0	20210901
005801FF0001007005B860D21C3E9CAB	1	0	0	20210901
005801FF0001007005B860D21C3E9D49	0	0	1	20210901
005801FF0001007005B860D21C3E9E13	1	0	0	20210901
005801FF0001007005B860D21C3E9E6C	1	0	0	20210901
005801FF0001007005B860D21C3E9EEB	1	0	0	20210901
005801FF0001007005B860D21C3E9F44	0	1	0	20210901
005801FF0001007005B860D21C3E9F65	1	0	0	20210901
005801FF0001007005B860D21C3EA129	1	0	0	20210901
005801FF0001007005B860D21C3EA1B0	1	0	0	20210901
005801FF0001007005B860D21C3EA1EF	1	0	0	20210901
005801FF0001007005B860D21C3EA236	1	0	0	20210901
005801FF0001007005B860D21C3EA272	1	0	0	20210901
005801FF0001007005B860D21C3EA3FB	1	0	0	20210901
005801FF0001007005B860D21C3EA56B	1	0	0	20210901
005801FF0001007005B860D21C3EA619	0	1	0	20210901
005801FF0001007005B860D21C3EA6F8	1	0	0	20210901
005801FF0001007005B860D21C3EA6FC	1	0	0	20210901
005801FF0001007005B860D21C3EA7E3	0	1	0	20210901
005801FF0001007005B860D21C3EA810	0	1	0	20210901
005801FF0001007005B860D21C3EA860	1	0	0	20210901
005801FF0001007005B860D21C3EA8D5	0	1	0	20210901
005801FF0001007005B860D21C3EA99A	0	0	1	20210901
005801FF0001007005B860D21C3EAA89	0	1	0	20210901
005801FF0001007005B860D21C3EAB9D	1	0	0	20210901
005801FF0001007005B860D21C3EAF60	1	0	0	20210901
005801FF0001007005B860D21C3EAFE9	1	0	0	20210901
005801FF0001007005B860D21C3EB1A9	1	0	0	20210901
005801FF0001007005B860D21C3EB201	1	0	0	20210901
005801FF0001007005B860D21C3EB25B	1	0	0	20210901
005801FF0001007005B860D21C3EB2D7	1	0	0	20210901
005801FF0001007005B860D21C3EB2D8	0	1	0	20210901
005801FF0001007005B860D21C3EB37B	1	0	0	20210901
005801FF0001007005B860D21C3EB37C	1	0	0	20210901
005801FF0001007005B860D21C3EB429	1	0	0	20210901
005801FF0001007005B860D21C3EB502	1	0	0	20210901
005801FF0001007005B860D21C3EB592	0	1	0	20210901
005801FF0001007005B860D21C3EB59A	1	0	0	20210901
005801FF0001007005B860D21C3EB5E0	1	0	0	20210901
005801FF0001007005B860D21C3EB7C4	1	0	0	20210901
005801FF0001007005B860D21C3EB865	0	1	0	20210901
005801FF0001007005B860D21C3EB951	1	0	0	20210901
005801FF0001007005B860D21C3EBA79	1	0	0	20210901
005801FF0001007005B860D21C3EBAB3	1	0	0	20210901
005801FF0001007005BA60D21C5CAB14	1	0	0	20210901
005801FF0001007005BA60D21C5CAB19	0	1	0	20210901
005801FF0001007005BA60D21C5CAD29	1	0	0	20210901
005801FF0001007005BA60D21C5CAD5A	0	0	1	20210901
005801FF0001007005BA60D21C5CAE96	1	0	0	20210901
005801FF0001007005BA60D21C5CAF92	1	0	0	20210901
005801FF0001007005BA60D21C5CB0A8	1	0	0	20210901
005801FF0001007005BA60D21C5CB131	1	0	0	20210901
005801FF0001007005BA60D21C5CB199	0	1	0	20210901
005801FF0001007005BA60D21C5CB30B	1	0	0	20210901
005801FF0001007005BA60D21C5CB32A	1	0	0	20210901
005801FF0001007005BA60D21C5CB437	1	0	0	20210901
005801FF0001007005BA60D21C5CB492	1	0	0	20210901
005801FF0001007005BA60D21C5CB4AA	1	0	0	20210901
005801FF0001007005BA60D21C5CB66A	1	0	0	20210901
005801FF0001007005BA60D21C5CB6DF	1	0	0	20210901
005801FF0001007005BA60D21C5CB747	0	1	0	20210901
005801FF0001007005BA60D21C5CB7F2	1	0	0	20210901
005801FF0001007005BA60D21C5CB855	1	0	0	20210901
005801FF0001007005BA60D21C5CB8C3	0	1	0	20210901
005801FF0001007005BA60D21C5CBA08	1	0	0	20210901
005801FF0001007005BA60D21C5CBA35	0	0	1	20210901
005801FF0001007005BA60D21C5CBAB9	1	0	0	20210901
005801FF0001007005BA60D21C5CBCAF	0	1	0	20210901
005801FF0001007005BA60D21C5CBCCD	1	0	0	20210901
005801FF0001007005BA60D21C5CBDEE	1	0	0	20210901
005801FF0001007005BA60D21C5CBE94	0	1	0	20210901
005801FF0001007005BA60D21C5CBFB9	0	1	0	20210901
005801FF0001007005BA60D21C5CC23C	1	0	0	20210901
005801FF0001007005BA60D21C5CC2D0	0	1	0	20210901
005801FF0001007005BA60D21C5CC4DE	1	0	0	20210901
005801FF0001007005BA60D21C5CC59A	0	1	0	20210901
005801FF0001007005BA60D21C5CC655	1	0	0	20210901
005801FF0001007005BA60D21C5CC659	1	0	0	20210901
005801FF0001007005BA60D21C5CC71D	0	1	0	20210901
005801FF0001007005BA60D21C5CC828	1	0	0	20210901
005801FF0001007005BA60D21C5CC88A	1	0	0	20210901
005801FF0001007005BA60D21C5CC8FD	1	0	0	20210901
005801FF0001007005BA60D21C5CC931	1	0	0	20210901
005801FF0001007005BA60D21C5CC9D1	1	0	0	20210901
005801FF0001007005BA60D21C5CC9F7	1	0	0	20210901
005801FF0001007005BA60D21C5CCA6E	0	1	0	20210901
005801FF0001007005BA60D21C5CCAB8	1	0	0	20210901
005801FF0001007005BA60D21C5CCB29	1	0	0	20210901
005801FF0001007005BA60D21C5CCB78	0	1	0	20210901
005801FF0001007005BA60D21C5CCC8A	1	0	0	20210901
005801FF0001007005BA60D21C5CCE45	1	0	0	20210901
005801FF0001007005BA60D21C5CCEEF	1	0	0	20210901
005801FF0001007005BA60D21C5CCFB3	1	0	0	20210901
005801FF0001007005BA60D21C5CCFB9	1	0	0	20210901
005801FF0001007005BA60D21C5CD012	1	0	0	20210901
005801FF0001007005BA60D21C5CD0F5	1	0	0	20210901
005801FF0001007005BA60D21C5CD110	1	0	0	20210901
005801FF0001007005BA60D21C5CD147	0	1	0	20210901
005801FF0001007005BA60D21C5CD1F7	0	1	0	20210901
005801FF0001007005BA60D21C5CD21E	1	0	0	20210901
005801FF0001007005BA60D21C5CD261	1	0	0	20210901
005801FF0001007005BA60D21C5CD2A8	0	1	0	20210901
005801FF0001007005BA60D21C5CD311	0	0	1	20210901
005801FF0001007005BA60D21C5CD3B9	1	0	0	20210901
005801FF0001007005BA60D21C5CD3CE	1	0	0	20210901
005801FF0001007005BA60D21C5CD44E	1	0	0	20210901
005801FF0001007005BA60D21C5CD486	1	0	0	20210901
005801FF0001007005BA60D21C5CD52A	1	0	0	20210901
005801FF0001007005BA60D21C5CD610	0	1	0	20210901
005801FF0001007005BA60D21C5CD657	0	1	0	20210901
005801FF0001007005BA60D21C5CD66B	0	1	0	20210901
005801FF0001007005BA60D21C5CD696	1	0	0	20210901
005801FF0001007005BA60D21C5CD6C2	0	0	1	20210901
005801FF0001007005BA60D21C5CD6D4	1	0	0	20210901
005801FF0001007005BA60D21C5CD7AC	1	0	0	20210901
005801FF0001007005BA60D21C5CD7E1	1	0	0	20210901
005801FF0001007005BA60D21C5CD873	1	0	0	20210901
005801FF0001007005BA60D21C5CD952	0	1	0	20210901
005801FF0001007005BA60D21C5CD963	0	1	0	20210901
005801FF0001007005BA60D21C5CDC3E	0	1	0	20210901
005801FF0001007005BA60D21C5CDCF8	0	1	0	20210901
005801FF0001007005BA60D21C5CDF19	0	0	1	20210901
005801FF0001007005BA60D21C5CDFEE	0	1	0	20210901
005801FF0001007005BA60D21C5CE020	0	1	0	20210901
005801FF0001007005BA60D21C5CE2B8	0	1	0	20210901
005801FF0001007005BA60D21C5CE315	1	0	0	20210901
005801FF0001007005BA60D21C5CE4CC	1	0	0	20210901
005801FF0001007005BA60D21C5CE4E6	0	1	0	20210901
005801FF0001007005BA60D21C5CE61F	1	0	0	20210901
005801FF0001007005BA60D21C5CE62D	1	0	0	20210901
005801FF0001007005BA60D21C5CE646	0	1	0	20210901
005801FF0001007005BA60D21C5CE824	1	0	0	20210901
005801FF0001007005BA60D21C5CE8FB	0	1	0	20210901
005801FF0001007005BA60D21C5CE91B	1	0	0	20210901
005801FF0001007005BA60D21C5CEDE0	1	0	0	20210901
005801FF0001007005BA60D21C5CEFA2	1	0	0	20210901
005801FF0001007005BA60D21C5CF042	0	1	0	20210901
005801FF0001007005BA60D21C5CF096	1	0	0	20210901
005801FF0001007005BA60D21C5CF168	1	0	0	20210901
005801FF0001007005BA60D21C5CF719	1	0	0	20210901
005801FF0001007005BA60D21C5CF754	1	0	0	20210901
005801FF0001007005BA60D21C5CF7AF	1	0	0	20210901
005801FF0001007005BA60D21C5CF905	1	0	0	20210901
005801FF0001007005BA60D21C626930	1	0	0	20210901
005801FF0001007005BA60D21C626994	0	1	0	20210901
005801FF0001007005BA60D21C626A7C	1	0	0	20210901
005801FF0001007005BA60D21C626D72	0	1	0	20210901
005801FF0001007005BA60D21C626FD4	0	1	0	20210901
005801FF0001007005BA60D21C627085	1	0	0	20210901
005801FF0001007005BA60D21C627089	1	0	0	20210901
005801FF0001007005BA60D21C62717A	0	1	0	20210901
005801FF0001007005BA60D21C6273DA	0	1	0	20210901
005801FF0001007005BA60D21C6274AA	1	0	0	20210901
005801FF0001007005BA60D21C6277FC	1	0	0	20210901
005801FF0001007005BA60D21C62795B	1	0	0	20210901
005801FF0001007005BA60D21C62795F	0	1	0	20210901
005801FF0001007005BA60D21C62797B	1	0	0	20210901
005801FF0001007005BA60D21C6279C1	0	1	0	20210901
005801FF0001007005BA60D21C627C47	0	1	0	20210901
005801FF0001007005BA60D21C627C68	0	1	0	20210901
005801FF0001007005BA60D21C627C89	1	0	0	20210901
005801FF0001007005BA60D21C627D28	1	0	0	20210901
005801FF0001007005BA60D21C627D33	1	0	0	20210901
005801FF0001007005BA60D21C627EC8	1	0	0	20210901
005801FF0001007005BA60D21C628019	0	1	0	20210901
005801FF0001007005BA60D21C6280A4	1	0	0	20210901
005801FF0001007005BA60D21C628205	1	0	0	20210901
005801FF0001007005BA60D21C628232	1	0	0	20210901
005801FF0001007005BA60D21C6282F0	0	1	0	20210901
005801FF0001007005BA60D21C6284ED	0	1	0	20210901
005801FF0001007005BA60D21C628738	1	0	0	20210901
005801FF0001007005BA60D21C6287B6	1	0	0	20210901
005801FF0001007005BA60D21C6287EA	0	1	0	20210901
005801FF0001007005BA60D21C6287F2	1	0	0	20210901
005801FF0001007005BA60D21C628891	1	0	0	20210901
005801FF0001007005BA60D21C628DCF	0	1	0	20210901
005801FF0001007005BA60D21C628DE3	1	0	0	20210901
005801FF0001007005BA60D21C628DF2	0	0	1	20210901
005801FF0001007005BA60D21C628E13	0	1	0	20210901
005801FF0001007005BA60D21C628E9F	0	1	0	20210901
005801FF0001007005BA60D21C6291EE	0	1	0	20210901
005801FF0001007005BA60D21C629248	0	1	0	20210901
005801FF0001007005BA60D21C62932E	1	0	0	20210901
005801FF0001007005BA60D21C6293D3	1	0	0	20210901
005801FF0001007005BA60D21C629411	1	0	0	20210901
005801FF0001007005BA60D21C62949E	1	0	0	20210901
005801FF0001007005BA60D21C6294CF	1	0	0	20210901
005801FF0001007005BA60D21C629591	1	0	0	20210901
005801FF0001007005BA60D21C6296A2	1	0	0	20210901
005801FF0001007005BA60D21C629DF0	0	1	0	20210901
005801FF0001007005BA60D21C629DF3	1	0	0	20210901
005801FF0001007005BA60D21C629E2A	1	0	0	20210901
005801FF0001007005BA60D21C629F7B	0	1	0	20210901
005801FF0001007005BA60D21C62A0B7	1	0	0	20210901
005801FF0001007005BA60D21C62A12C	1	0	0	20210901
005801FF0001007005BA60D21C62A29F	1	0	0	20210901
005801FF0001007005BA60D21C62A37C	1	0	0	20210901
005801FF0001007005BA60D21C62A3B5	1	0	0	20210901
005801FF0001007005BA60D21C62A485	1	0	0	20210901
005801FF0001007005BA60D21C62A550	1	0	0	20210901
005801FF0001007005BA60D21C62A5AE	1	0	0	20210901
005801FF0001007005BA60D21C62A5DE	1	0	0	20210901
005801FF0001007005BA60D21C62A616	1	0	0	20210901
005801FF0001007005BA60D21C62A741	1	0	0	20210901
005801FF0001007005BA60D21C62A75F	1	0	0	20210901
005801FF0001007005BA60D21C62A812	1	0	0	20210901
005801FF0001007005BA60D21C62A8BE	1	0	0	20210901
005801FF0001007005BA60D21C62A925	0	1	0	20210901
005801FF0001007005BA60D21C62A974	1	0	0	20210901
005801FF0001007005BA60D21C62A9F1	1	0	0	20210901
005801FF0001007005BA60D21C62AB11	1	0	0	20210901
005801FF0001007005BA60D21C62AB96	0	1	0	20210901
005801FF0001007005BA60D21C62ABA0	1	0	0	20210901
005801FF0001007005BA60D21C62AC80	1	0	0	20210901
005801FF0001007005BA60D21C62AC8C	1	0	0	20210901
005801FF0001007005BA60D21C62AC98	0	1	0	20210901
005801FF0001007005BA60D21C62ACA5	1	0	0	20210901
005801FF0001007005BA60D21C62ACCC	0	1	0	20210901
005801FF0001007005BA60D21C62AE1E	0	1	0	20210901
005801FF0001007005BA60D21C62AF06	0	1	0	20210901
005801FF0001007005BA60D21C62AF82	1	0	0	20210901
005801FF0001007005BA60D21C62AFB1	1	0	0	20210901
005801FF0001007005BA60D21C62B033	1	0	0	20210901
005801FF0001007005BA60D21C62B074	1	0	0	20210901
005801FF0001007005BA60D21C62B17D	1	0	0	20210901
005801FF0001007005BA60D21C62B1D8	1	0	0	20210901
005801FF0001007005BA60D21C62B308	1	0	0	20210901
005801FF0001007005BA60D21C62B3DF	1	0	0	20210901
005801FF0001007005BA60D21C62B414	0	0	1	20210901
005801FF0001007005BA60D21C62B45F	1	0	0	20210901
005801FF0001007005BA60D21C62B4B5	1	0	0	20210901
005801FF0001007005BA60D21C62B4C5	1	0	0	20210901
005801FF0001007005BA60D21C62B4E0	1	0	0	20210901
005801FF0001007005BA60D21C62B57D	1	0	0	20210901
005801FF0001007005BB60D21C6968C2	1	0	0	20210901
005801FF0001007005BB60D21C6969B6	1	0	0	20210901
005801FF0001007005BB60D21C696A6A	1	0	0	20210901
005801FF0001007005BB60D21C696ABA	1	0	0	20210901
005801FF0001007005BB60D21C696AC7	0	1	0	20210901
005801FF0001007005BB60D21C696BE8	1	0	0	20210901
005801FF0001007005BB60D21C696D2C	1	0	0	20210901
005801FF0001007005BB60D21C696E5E	0	1	0	20210901
005801FF0001007005BB60D21C696F90	1	0	0	20210901
005801FF0001007005BB60D21C696FCD	1	0	0	20210901
005801FF0001007005BB60D21C6970AF	1	0	0	20210901
005801FF0001007005BB60D21C6970E5	0	1	0	20210901
005801FF0001007005BB60D21C697184	0	1	0	20210901
005801FF0001007005BB60D21C6971BB	1	0	0	20210901
005801FF0001007005BB60D21C697207	1	0	0	20210901
005801FF0001007005BB60D21C6972AE	1	0	0	20210901
005801FF0001007005BB60D21C697331	1	0	0	20210901
005801FF0001007005BB60D21C697334	0	0	1	20210901
005801FF0001007005BB60D21C697488	0	1	0	20210901
005801FF0001007005BB60D21C697496	1	0	0	20210901
005801FF0001007005BB60D21C6975A6	1	0	0	20210901
005801FF0001007005BB60D21C697606	1	0	0	20210901
005801FF0001007005BB60D21C69771C	1	0	0	20210901
005801FF0001007005BB60D21C6977EA	1	0	0	20210901
005801FF0001007005BB60D21C6978EF	0	1	0	20210901
005801FF0001007005BB60D21C697908	0	1	0	20210901
005801FF0001007005BB60D21C697AA5	0	0	1	20210901
005801FF0001007005BB60D21C697AA6	1	0	0	20210901
005801FF0001007005BB60D21C697AAE	1	0	0	20210901
005801FF0001007005BB60D21C697B8C	0	1	0	20210901
005801FF0001007005BB60D21C697BAE	1	0	0	20210901
005801FF0001007005BB60D21C697BC6	1	0	0	20210901
005801FF0001007005BB60D21C697D6C	1	0	0	20210901
005801FF0001007005BB60D21C697F55	0	0	1	20210901
005801FF0001007005BB60D21C697F8E	1	0	0	20210901
005801FF0001007005BB60D21C697FEA	1	0	0	20210901
005801FF0001007005BB60D21C698055	0	1	0	20210901
005801FF0001007005BB60D21C6980A1	1	0	0	20210901
005801FF0001007005BB60D21C698232	1	0	0	20210901
005801FF0001007005BB60D21C698376	1	0	0	20210901
005801FF0001007005BB60D21C69837E	1	0	0	20210901
005801FF0001007005BB60D21C6983FF	1	0	0	20210901
005801FF0001007005BB60D21C69841F	0	1	0	20210901
005801FF0001007005BB60D21C698619	0	1	0	20210901
005801FF0001007005BB60D21C698654	1	0	0	20210901
005801FF0001007005BB60D21C6986B3	1	0	0	20210901
005801FF0001007005BB60D21C69886B	1	0	0	20210901
005801FF0001007005BB60D21C6988F8	1	0	0	20210901
005801FF0001007005BB60D21C698A34	1	0	0	20210901
005801FF0001007005BB60D21C698A98	1	0	0	20210901
005801FF0001007005BB60D21C698AB8	1	0	0	20210901
005801FF0001007005BB60D21C698BF5	1	0	0	20210901
005801FF0001007005BB60D21C698C26	1	0	0	20210901
005801FF0001007005BB60D21C698C34	0	1	0	20210901
005801FF0001007005BB60D21C698C49	1	0	0	20210901
005801FF0001007005BB60D21C698CAB	0	1	0	20210901
005801FF0001007005BB60D21C698D03	1	0	0	20210901
005801FF0001007005BB60D21C699001	1	0	0	20210901
005801FF0001007005BB60D21C699068	0	0	1	20210901
005801FF0001007005BB60D21C699195	0	1	0	20210901
005801FF0001007005BB60D21C6994CD	1	0	0	20210901
005801FF0001007005BB60D21C69953C	0	0	1	20210901
005801FF0001007005BB60D21C699541	1	0	0	20210901
005801FF0001007005BB60D21C699576	1	0	0	20210901
005801FF0001007005BB60D21C6995BD	0	1	0	20210901
005801FF0001007005BB60D21C6995D0	1	0	0	20210901
005801FF0001007005BB60D21C6995DA	1	0	0	20210901
005801FF0001007005BB60D21C699732	1	0	0	20210901
005801FF0001007005BB60D21C69975C	0	1	0	20210901
005801FF0001007005BB60D21C6997B1	1	0	0	20210901
005801FF0001007005BB60D21C6997BF	0	1	0	20210901
005801FF0001007005BB60D21C6997C7	1	0	0	20210901
005801FF0001007005BB60D21C6997EC	1	0	0	20210901
005801FF0001007005BB60D21C69980D	1	0	0	20210901
005801FF0001007005BB60D21C699850	0	0	1	20210901
005801FF0001007005BB60D21C699908	1	0	0	20210901
005801FF0001007005BB60D21C699998	1	0	0	20210901
005801FF0001007005BB60D21C699A31	0	1	0	20210901
005801FF0001007005BB60D21C699A80	1	0	0	20210901
005801FF0001007005BB60D21C699ACB	1	0	0	20210901
005801FF0001007005BB60D21C699B94	0	1	0	20210901
005801FF0001007005BB60D21C699CCC	1	0	0	20210901
005801FF0001007005BB60D21C699DB8	1	0	0	20210901
005801FF0001007005BB60D21C699F0C	1	0	0	20210901
005801FF0001007005BB60D21C699F51	1	0	0	20210901
005801FF0001007005BB60D21C69A107	1	0	0	20210901
005801FF0001007005BB60D21C69A128	1	0	0	20210901
005801FF0001007005BB60D21C69A26F	0	1	0	20210901
005801FF0001007005BB60D21C69A3D1	1	0	0	20210901
005801FF0001007005BB60D21C69A3D2	1	0	0	20210901
005801FF0001007005BB60D21C69A462	1	0	0	20210901
005801FF0001007005BB60D21C69A485	1	0	0	20210901
005801FF0001007005BB60D21C69A7B5	0	1	0	20210901
005801FF0001007005BB60D21C69A8A0	0	0	1	20210901
005801FF0001007005BB60D21C69A900	1	0	0	20210901
005801FF0001007005BB60D21C69A90E	0	1	0	20210901
005801FF0001007005BB60D21C69A940	0	0	1	20210901
005801FF0001007005BB60D21C69AAD6	0	0	1	20210901
005801FF0001007005BB60D21C69AB15	0	0	1	20210901
005801FF0001007005BB60D21C69AB4F	0	1	0	20210901
005801FF0001007005BB60D21C69AC49	1	0	0	20210901
005801FF0001007005BB60D21C69AEDD	1	0	0	20210901
005801FF0001007005BB60D21C69AEDE	0	1	0	20210901
005801FF0001007005BB60D21C69B0A7	0	1	0	20210901
