htv_tv_order_dm.deviceid	htv_tv_order_dm.tv_light_not_order	htv_tv_order_dm.tv_middle_not_order	htv_tv_order_dm.tv_high_not_order	htv_tv_order_dm.date_time
005101FF00011810111160D21CA9B1E5	1	0	0	20210901
005801FF0001005005D300692D37D294	0	0	1	20210901
005801FF0001005005D300692D37D2AA	0	1	0	20210901
005801FF0001005005D300692D37D362	1	0	0	20210901
005801FF0001005005D300692D37D36E	0	1	0	20210901
005801FF0001005005D300692D37D376	1	0	0	20210901
005801FF0001005005D300692D37D3B0	1	0	0	20210901
005801FF0001005005D300692D37D3D5	1	0	0	20210901
005801FF0001005005D300692D37D437	1	0	0	20210901
005801FF0001005005D300692D37D465	0	1	0	20210901
005801FF0001005005D300692D37D4BE	1	0	0	20210901
005801FF0001005005D300692D37D4DB	0	1	0	20210901
005801FF0001005005D300692D37D4E3	0	1	0	20210901
005801FF0001005005D300692D37D4EA	1	0	0	20210901
005801FF0001005005D300692D37D52C	1	0	0	20210901
005801FF0001005005D300692D37D580	1	0	0	20210901
005801FF0001005005D300692D37D5E3	0	1	0	20210901
005801FF0001005005D300692D37D629	1	0	0	20210901
005801FF0001005005D300692D37D643	0	1	0	20210901
005801FF0001005005D300692D37D6F3	0	0	1	20210901
005801FF0001005005D300692D37D733	0	1	0	20210901
005801FF0001005005D300692D37D7AE	1	0	0	20210901
005801FF0001005005D300692D37D7D6	1	0	0	20210901
005801FF0001005005D300692D37D7E1	1	0	0	20210901
005801FF0001005005D300692D37D8C7	1	0	0	20210901
005801FF0001005005D300692D37DA62	0	1	0	20210901
005801FF0001005005D300692D37DA69	0	1	0	20210901
005801FF0001005005D300692D37DA6C	1	0	0	20210901
005801FF0001005005D300692D37DA6D	0	0	1	20210901
005801FF0001005005D300692D37DA95	0	1	0	20210901
005801FF0001005005D300692D37DAAB	0	1	0	20210901
005801FF0001005005D300692D37DAC3	0	1	0	20210901
005801FF0001005005D300692D37DBE8	1	0	0	20210901
005801FF0001005005D300692D37DC0B	1	0	0	20210901
005801FF0001005005D300692D37DC27	0	0	1	20210901
005801FF0001005005D300692D37DC95	1	0	0	20210901
005801FF0001005005D300692D37DCA8	1	0	0	20210901
005801FF0001005005D300692D37DCBE	1	0	0	20210901
005801FF0001005005D300692D37DD4E	1	0	0	20210901
005801FF0001005005D300692D37DD59	0	1	0	20210901
005801FF0001005005D300692D37DD80	0	0	1	20210901
005801FF0001005005D300692D37DDA6	0	1	0	20210901
005801FF0001005005D300692D37DDDB	0	0	1	20210901
005801FF0001005005D300692D37DE1C	0	1	0	20210901
005801FF0001005005D300692D37DE54	1	0	0	20210901
005801FF0001005005D300692D37DEAC	1	0	0	20210901
005801FF0001005005D300692D37DF18	1	0	0	20210901
005801FF0001005005D300692D37DF31	0	1	0	20210901
005801FF0001005005D300692D37DF32	0	0	1	20210901
005801FF0001005005D300692D37DFCF	1	0	0	20210901
005801FF0001005005D300692D37DFE1	0	0	1	20210901
005801FF0001005005D300692D37E0C5	0	1	0	20210901
005801FF0001005005D300692D37E117	0	0	1	20210901
005801FF0001005005D300692D37E129	0	1	0	20210901
005801FF0001005005D300692D37E152	0	1	0	20210901
005801FF0001005005D300692D37E1DE	0	0	1	20210901
005801FF0001005005D300692D37E1E2	0	0	1	20210901
005801FF0001005005D300692D37E27D	0	1	0	20210901
005801FF0001005005D300692D37E2F9	1	0	0	20210901
005801FF0001005005D300692D37E340	0	0	1	20210901
005801FF0001005005D300692D37E355	1	0	0	20210901
005801FF0001005005D300692D37E3D0	0	1	0	20210901
005801FF0001005005D300692D37E401	0	0	1	20210901
005801FF0001005005D300692D37E492	1	0	0	20210901
005801FF0001005005D300692D37E523	0	1	0	20210901
005801FF0001005005D300692D37E560	1	0	0	20210901
005801FF0001005005D300692D37E56D	0	0	1	20210901
005801FF0001005005D300692D37E5B7	0	1	0	20210901
005801FF0001005005D300692D37E5F4	0	0	1	20210901
005801FF0001005005D300692D37E5F8	1	0	0	20210901
005801FF0001005005D300692D37E627	0	0	1	20210901
005801FF0001005005D300692D37E671	0	1	0	20210901
005801FF0001005005D300692D37E68D	0	0	1	20210901
005801FF0001005005D300692D37E6AE	1	0	0	20210901
005801FF0001005005D300692D37E6C6	0	0	1	20210901
005801FF0001005005D300692D37E702	1	0	0	20210901
005801FF0001005005D300692D37E739	0	0	1	20210901
005801FF0001005005D300692D37E750	1	0	0	20210901
005801FF0001005005D300692D37E783	1	0	0	20210901
005801FF0001005005D300692D37E7BA	0	1	0	20210901
005801FF0001005005D300692D37E7EF	0	1	0	20210901
005801FF0001005005D300692D37E843	0	0	1	20210901
005801FF0001005005D300692D37E84A	0	0	1	20210901
005801FF0001005005D300692D37E892	0	1	0	20210901
005801FF0001005005D300692D37E918	1	0	0	20210901
005801FF0001005005D300692D37E919	0	0	1	20210901
005801FF0001005005D300692D37E972	1	0	0	20210901
005801FF0001005005D300692D37E99E	0	0	1	20210901
005801FF0001005005D300692D37E9BF	0	1	0	20210901
005801FF0001005005D300692D37E9F3	0	1	0	20210901
005801FF0001005005D300692D37EA0D	0	1	0	20210901
005801FF0001005005D300692D37EA66	0	1	0	20210901
005801FF0001005005D300692D37EAA9	0	0	1	20210901
005801FF0001005005D300692D37EAAB	0	1	0	20210901
005801FF0001005005D300692D37EB2A	0	1	0	20210901
005801FF0001005005D300692D37EB96	1	0	0	20210901
005801FF0001005005D300692D37EB99	0	1	0	20210901
005801FF0001005005D300692D37EC1D	0	1	0	20210901
005801FF0001005005D300692D37EC2B	0	1	0	20210901
005801FF0001005005D300692D37EC3C	0	1	0	20210901
005801FF0001005005D300692D37EC9F	0	0	1	20210901
005801FF0001005005D300692D37ECC4	0	1	0	20210901
005801FF0001005005D300692D37ECC6	0	1	0	20210901
005801FF0001005005D300692D37ECE1	1	0	0	20210901
005801FF0001005005D300692D37EDA7	0	1	0	20210901
005801FF0001005005D300692D37EDB2	1	0	0	20210901
005801FF0001005005D300692D37EDE7	0	0	1	20210901
005801FF0001005005D300692D37EE15	1	0	0	20210901
005801FF0001005005D300692D37EEAF	0	0	1	20210901
005801FF0001005005D300692D37EF17	0	0	1	20210901
005801FF0001005005D300692D37EF2E	1	0	0	20210901
005801FF0001005005D300692D37EF2F	0	1	0	20210901
005801FF0001005005D300692D37EF3E	1	0	0	20210901
005801FF0001005005D300692D37EFA8	0	1	0	20210901
005801FF0001005005D300692D37F01A	1	0	0	20210901
005801FF0001005005D300692D37F09E	0	0	1	20210901
005801FF0001005005D300692D37F0B8	0	0	1	20210901
005801FF0001005005D300692D37F0F7	0	1	0	20210901
005801FF0001005005D300692D37F10F	1	0	0	20210901
005801FF0001005005D300692D37F117	0	0	1	20210901
005801FF0001005005D300692D37F14D	0	1	0	20210901
005801FF0001005005D300692D37F14F	0	0	1	20210901
005801FF0001005005D300692D37F19B	0	1	0	20210901
005801FF0001005005D300692D37F1C1	0	0	1	20210901
005801FF0001005005D300692D37F1F2	1	0	0	20210901
005801FF0001005005D300692D37F213	1	0	0	20210901
005801FF0001005005D300692D37F28F	1	0	0	20210901
005801FF0001005005D300692D37F296	0	1	0	20210901
005801FF0001005005D300692D37F29C	1	0	0	20210901
005801FF0001005005D300692D37F2A5	0	1	0	20210901
005801FF0001005005D300692D37F2CD	0	1	0	20210901
005801FF0001005005D300692D37F2D9	0	1	0	20210901
005801FF0001005005D300692D37F346	1	0	0	20210901
005801FF0001005005D300692D37F37B	0	1	0	20210901
005801FF0001005005D300692D37F3AA	0	1	0	20210901
005801FF0001005005D300692D37F3C2	0	1	0	20210901
005801FF0001005005D300692D37F3C3	1	0	0	20210901
005801FF0001005005D300692D37F3D0	0	1	0	20210901
005801FF0001005005D300692D37F3D1	0	0	1	20210901
005801FF0001005005D300692D37F3F1	0	1	0	20210901
005801FF0001005005D300692D37F418	0	1	0	20210901
005801FF0001005005D300692D37F41F	0	1	0	20210901
005801FF0001005005D300692D37F428	0	0	1	20210901
005801FF0001005005D300692D37F42D	1	0	0	20210901
005801FF0001005005D300692D37F480	0	1	0	20210901
005801FF0001005005D300692D37F4D8	1	0	0	20210901
005801FF0001005005D300692D37F4DB	0	0	1	20210901
005801FF0001005005D300692D37F587	0	1	0	20210901
005801FF0001005005D300692D37F6AF	1	0	0	20210901
005801FF0001005005D300692D37F6E9	1	0	0	20210901
005801FF0001005005D300692D37F776	0	1	0	20210901
005801FF0001005005D300692D37F7CD	0	0	1	20210901
005801FF0001005005D300692D37F7E1	0	1	0	20210901
005801FF0001005005D300692D37F803	0	1	0	20210901
005801FF0001005005D300692D37F8D3	1	0	0	20210901
005801FF0001005005D300692D37F937	0	1	0	20210901
005801FF0001005005D300692D37F968	1	0	0	20210901
005801FF0001005005D300692D37FA3E	0	0	1	20210901
005801FF0001005005D300692D37FAD1	1	0	0	20210901
005801FF0001005005D300692D37FB72	0	1	0	20210901
005801FF0001005005D300692D37FBDA	0	0	1	20210901
005801FF0001005005D300692D37FC39	0	1	0	20210901
005801FF0001005005D300692D37FC51	1	0	0	20210901
005801FF0001005005D300692D37FCA8	0	0	1	20210901
005801FF0001005005D300692D37FCB7	0	1	0	20210901
005801FF0001005005D300692D37FCBD	0	1	0	20210901
005801FF0001005005D300692D37FD32	0	0	1	20210901
005801FF0001005005D300692D37FD4B	1	0	0	20210901
005801FF0001005005D300692D37FD90	0	1	0	20210901
005801FF0001005005D300692D37FE3A	0	1	0	20210901
005801FF0001005005D300692D37FE4D	1	0	0	20210901
005801FF0001005005D300692D37FE69	1	0	0	20210901
005801FF0001005005D300692D37FE90	1	0	0	20210901
005801FF0001005005D300692D37FEB5	0	1	0	20210901
005801FF0001005005D300692D37FECC	0	1	0	20210901
005801FF0001005005D300692D37FED7	1	0	0	20210901
005801FF0001005005D300692D37FEF4	0	0	1	20210901
005801FF0001005005D300692D37FEF9	0	1	0	20210901
005801FF0001005005D300692D37FF2E	0	1	0	20210901
005801FF0001005005D300692D37FF51	1	0	0	20210901
005801FF0001005005D300692D37FF87	1	0	0	20210901
005801FF0001005005D300692D37FFBA	1	0	0	20210901
005801FF0001005005D300692D380061	0	1	0	20210901
005801FF0001005005D300692D38006D	0	1	0	20210901
005801FF0001005005D300692D3800FC	0	1	0	20210901
005801FF0001005005D300692D380133	0	0	1	20210901
005801FF0001005005D300692D38013D	1	0	0	20210901
005801FF0001005005D300692D3801CA	0	1	0	20210901
005801FF0001005005D300692D3801FC	0	0	1	20210901
005801FF0001005005D300692D3802FE	0	0	1	20210901
005801FF0001005005D300692D380345	0	1	0	20210901
005801FF0001005005D300692D380413	1	0	0	20210901
005801FF0001005005D300692D380439	0	1	0	20210901
005801FF0001005005D300692D38048F	0	1	0	20210901
005801FF0001005005D300692D3804D0	0	0	1	20210901
005801FF0001005005D300692D3804DB	1	0	0	20210901
005801FF0001005005D300692D38054F	0	1	0	20210901
005801FF0001005005D300692D38058B	0	0	1	20210901
005801FF0001005005D300692D3805B2	0	0	1	20210901
005801FF0001005005D300692D380626	0	1	0	20210901
005801FF0001005005D300692D38063D	0	0	1	20210901
005801FF0001005005D300692D38065A	1	0	0	20210901
005801FF0001005005D300692D380732	1	0	0	20210901
005801FF0001005005D300692D380733	0	1	0	20210901
005801FF0001005005D300692D380735	1	0	0	20210901
005801FF0001005005D300692D3807AE	0	1	0	20210901
005801FF0001005005D300692D3807BE	1	0	0	20210901
005801FF0001005005D300692D3807F9	1	0	0	20210901
005801FF0001005005D300692D380811	1	0	0	20210901
005801FF0001005005D300692D38085F	1	0	0	20210901
005801FF0001005005D300692D38086A	0	1	0	20210901
005801FF0001005005D300692D3808C5	1	0	0	20210901
005801FF0001005005D300692D3808E6	0	0	1	20210901
005801FF0001005005D300692D38091F	1	0	0	20210901
005801FF0001005005D300692D3809A2	1	0	0	20210901
005801FF0001005005D300692D3809B0	0	1	0	20210901
005801FF0001005005D300692D3809ED	0	0	1	20210901
005801FF0001005005D300692D380A91	0	1	0	20210901
005801FF0001005005D300692D380B0B	0	0	1	20210901
005801FF0001005005D300692D380B4F	0	1	0	20210901
005801FF0001005005D300692D380B5E	0	1	0	20210901
005801FF0001005005D300692D380BB8	0	1	0	20210901
005801FF0001005005D300692D380BC7	0	1	0	20210901
005801FF0001005005D300692D380BDD	0	1	0	20210901
005801FF0001005005D300692D380C06	1	0	0	20210901
005801FF0001005005D300692D380C51	0	0	1	20210901
005801FF0001005005D300692D380C63	0	1	0	20210901
005801FF0001005005D300692D380C68	1	0	0	20210901
005801FF0001005005D300692D380C6F	0	1	0	20210901
005801FF0001005005D300692D380CA1	0	0	1	20210901
005801FF0001005005D300692D380D14	0	0	1	20210901
005801FF0001005005D300692D380D35	1	0	0	20210901
005801FF0001005005D300692D380D4F	0	1	0	20210901
005801FF0001005005D300692D380D6E	0	0	1	20210901
005801FF0001005005D300692D380D7C	0	1	0	20210901
005801FF0001005005D300692D380DD5	0	1	0	20210901
005801FF0001005005D300692D380E03	0	1	0	20210901
005801FF0001005005D300692D380E0A	1	0	0	20210901
005801FF0001005005D300692D380E23	0	0	1	20210901
005801FF0001005005D300692D380E2F	0	0	1	20210901
005801FF0001005005D300692D380F0E	0	1	0	20210901
005801FF0001005005D300692D380F29	0	0	1	20210901
005801FF0001005005D300692D380F36	0	1	0	20210901
005801FF0001005005D300692D380F49	1	0	0	20210901
005801FF0001005005D300692D380F8D	1	0	0	20210901
005801FF0001005005D300692D380F8E	0	1	0	20210901
005801FF0001005005D300692D380FA6	1	0	0	20210901
005801FF0001005005D300692D380FD2	0	0	1	20210901
005801FF0001005005D300692D380FD8	1	0	0	20210901
005801FF0001005005D300692D380FEC	0	1	0	20210901
005801FF0001005005D300692D381006	1	0	0	20210901
005801FF0001005005D300692D381034	0	0	1	20210901
005801FF0001005005D300692D381035	0	0	1	20210901
005801FF0001005005D300692D381054	1	0	0	20210901
005801FF0001005005D300692D3810B7	0	1	0	20210901
005801FF0001005005D300692D3810E3	0	1	0	20210901
005801FF0001005005D300692D381116	0	1	0	20210901
005801FF0001005005D300692D381122	1	0	0	20210901
005801FF0001005005D300692D38117A	0	0	1	20210901
005801FF0001005005D300692D3811CE	1	0	0	20210901
005801FF0001005005D300692D38120B	1	0	0	20210901
005801FF0001005005D300692D381248	1	0	0	20210901
005801FF0001005005D300692D38125E	0	1	0	20210901
005801FF0001005005D300692D38126F	1	0	0	20210901
005801FF0001005005D300692D3812B4	1	0	0	20210901
005801FF0001005005D300692D3812CE	0	0	1	20210901
005801FF0001005005D300692D381376	1	0	0	20210901
005801FF0001005005D300692D381379	0	0	1	20210901
005801FF0001005005D300692D3813EB	0	1	0	20210901
005801FF0001005005D300692D38141D	1	0	0	20210901
005801FF0001005005D300692D381443	0	0	1	20210901
005801FF0001005005D300692D38144C	0	1	0	20210901
005801FF0001005005D300692D381479	0	0	1	20210901
005801FF0001005005D300692D381580	0	0	1	20210901
005801FF0001005005D300692D38160D	0	1	0	20210901
005801FF0001005005D300692D38165B	0	1	0	20210901
005801FF0001005005D300692D3816CC	0	0	1	20210901
005801FF0001005005D300692D3816DD	1	0	0	20210901
005801FF0001005005D300692D3816FE	0	1	0	20210901
005801FF0001005005D300692D381731	0	0	1	20210901
005801FF0001005005D300692D38175A	0	1	0	20210901
005801FF0001005005D300692D381786	1	0	0	20210901
005801FF0001005005D300692D38179C	0	0	1	20210901
005801FF0001005005D300692D3818D7	0	0	1	20210901
005801FF0001005005D300692D38199A	0	0	1	20210901
005801FF0001005005D300692D3819FE	0	1	0	20210901
005801FF0001005005D300692D381A13	0	1	0	20210901
005801FF0001005005D300692D381A29	1	0	0	20210901
005801FF0001005005D300692D381A4D	1	0	0	20210901
005801FF0001005005D300692D381A6D	1	0	0	20210901
005801FF0001005005D300692D381A7A	0	0	1	20210901
005801FF0001005005D300692D381ABA	1	0	0	20210901
005801FF0001005005D300692D381B12	0	0	1	20210901
005801FF0001005005D300692D381B2E	1	0	0	20210901
005801FF0001005005D300692D381B57	0	1	0	20210901
005801FF0001005005D300692D381B6A	1	0	0	20210901
005801FF0001005005D300692D381BC9	0	0	1	20210901
005801FF0001005005D300692D381C15	1	0	0	20210901
005801FF0001005005D300692D381C1C	0	1	0	20210901
005801FF0001005005D300692D381CD9	1	0	0	20210901
005801FF0001005005D300692D381CF1	1	0	0	20210901
005801FF0001005005D300692D381CF4	1	0	0	20210901
005801FF0001005005D300692D381D31	0	0	1	20210901
005801FF0001005005D300692D381D5A	1	0	0	20210901
005801FF0001005005D300692D381D6C	0	1	0	20210901
005801FF0001005005D300692D381DC0	0	1	0	20210901
005801FF0001005005D300692D381E5A	0	0	1	20210901
005801FF0001005005D300692D381E7A	0	1	0	20210901
005801FF0001005005D300692D381E7D	0	1	0	20210901
005801FF0001005005D300692D381E8B	1	0	0	20210901
005801FF0001005005D300692D381EB3	1	0	0	20210901
005801FF0001005005D300692D381ED3	0	0	1	20210901
005801FF0001005005D300692D381EDA	1	0	0	20210901
005801FF0001005005D300692D381F17	0	0	1	20210901
005801FF0001005005D300692D381F44	0	1	0	20210901
005801FF0001005005D300692D381F8E	0	1	0	20210901
005801FF0001005005D300692D381FD5	1	0	0	20210901
005801FF0001005005D300692D381FDB	1	0	0	20210901
005801FF0001005005D300692D381FF5	0	1	0	20210901
005801FF0001005005D300692D38202E	0	1	0	20210901
005801FF0001005006D400692D3D9C52	0	0	1	20210901
005801FF0001005006D400692D3D9C96	0	1	0	20210901
005801FF0001005006D400692D3D9D24	0	0	1	20210901
005801FF0001005006D400692D3D9D80	0	0	1	20210901
005801FF0001005006D400692D3D9D8D	0	0	1	20210901
005801FF0001005006D400692D3D9DC4	0	0	1	20210901
005801FF0001005006D400692D3D9DF1	1	0	0	20210901
005801FF0001005006D400692D3D9E6B	1	0	0	20210901
005801FF0001005006D400692D3D9E70	1	0	0	20210901
005801FF0001005006D400692D3D9E7B	0	0	1	20210901
005801FF0001005006D400692D3D9E90	1	0	0	20210901
005801FF0001005006D400692D3D9EA0	1	0	0	20210901
005801FF0001005006D400692D3D9F48	1	0	0	20210901
005801FF0001005006D400692D3D9FCA	0	0	1	20210901
005801FF0001005006D400692D3DA021	1	0	0	20210901
005801FF0001005006D400692D3DA043	0	0	1	20210901
005801FF0001005006D400692D3DA07A	0	1	0	20210901
005801FF0001005006D400692D3DA0FF	1	0	0	20210901
005801FF0001005006D400692D3DA219	0	1	0	20210901
005801FF0001005006D400692D3DA2AE	0	1	0	20210901
005801FF0001005006D400692D3DA303	1	0	0	20210901
005801FF0001005006D400692D3DA4A7	0	1	0	20210901
005801FF0001005006D400692D3DA4EB	0	1	0	20210901
005801FF0001005006D400692D3DA50A	1	0	0	20210901
005801FF0001005006D400692D3DA648	0	1	0	20210901
005801FF0001005006D400692D3DA65D	1	0	0	20210901
005801FF0001005006D400692D3DA6A5	0	0	1	20210901
005801FF0001005006D400692D3DA719	0	0	1	20210901
005801FF0001005006D400692D3DA784	0	1	0	20210901
005801FF0001005006D400692D3DA793	1	0	0	20210901
005801FF0001005006D400692D3DA809	0	1	0	20210901
005801FF0001005006D400692D3DA80E	0	1	0	20210901
005801FF0001005006D400692D3DA819	0	0	1	20210901
005801FF0001005006D400692D3DA81A	0	1	0	20210901
005801FF0001005006D400692D3DA838	0	0	1	20210901
005801FF0001005006D400692D3DA840	0	0	1	20210901
005801FF0001005006D400692D3DA849	0	0	1	20210901
005801FF0001005006D400692D3DA868	1	0	0	20210901
005801FF0001005006D400692D3DA910	0	1	0	20210901
005801FF0001005006D400692D3DA91D	0	0	1	20210901
005801FF0001005006D400692D3DA93C	0	1	0	20210901
005801FF0001005006D400692D3DA97C	1	0	0	20210901
005801FF0001005006D400692D3DA9AF	0	1	0	20210901
005801FF0001005006D400692D3DA9CE	0	0	1	20210901
005801FF0001005006D400692D3DAA44	0	0	1	20210901
005801FF0001005006D400692D3DAA8A	1	0	0	20210901
005801FF0001005006D400692D3DAC77	0	0	1	20210901
005801FF0001005006D400692D3DACBF	1	0	0	20210901
005801FF0001005006D400692D3DACEC	0	0	1	20210901
005801FF0001005006D400692D3DAD27	0	0	1	20210901
005801FF0001005006D400692D3DAD72	0	0	1	20210901
005801FF0001005006D400692D3DADA5	1	0	0	20210901
005801FF0001005006D400692D3DADF5	0	1	0	20210901
005801FF0001005006D400692D3DAE58	0	1	0	20210901
005801FF0001005006D400692D3DAE70	1	0	0	20210901
005801FF0001005006D400692D3DAE99	1	0	0	20210901
005801FF0001005006D400692D3DAE9C	0	1	0	20210901
005801FF0001005006D400692D3DAEB3	0	0	1	20210901
005801FF0001005006D400692D3DAEDA	1	0	0	20210901
005801FF0001005006D400692D3DAF99	1	0	0	20210901
005801FF0001005006D400692D3DAFCA	0	0	1	20210901
005801FF0001005006D400692D3DB07E	1	0	0	20210901
005801FF0001005006D400692D3DB116	1	0	0	20210901
005801FF0001005006D400692D3DB220	0	0	1	20210901
005801FF0001005006D400692D3DB224	0	0	1	20210901
005801FF0001005006D400692D3DB27E	1	0	0	20210901
005801FF0001005006D400692D3DB285	0	1	0	20210901
005801FF0001005006D400692D3DB28E	1	0	0	20210901
005801FF0001005006D400692D3DB2DC	0	0	1	20210901
005801FF0001005006D400692D3DB2FC	0	0	1	20210901
005801FF0001005006D400692D3DB357	1	0	0	20210901
005801FF0001005006D400692D3DB3D9	0	0	1	20210901
005801FF0001005006D400692D3DB4FA	0	0	1	20210901
005801FF0001005006D400692D3DB64E	0	1	0	20210901
005801FF0001005006D400692D3DB664	1	0	0	20210901
005801FF0001005006D400692D3DB772	1	0	0	20210901
005801FF0001005006D400692D3DB82C	1	0	0	20210901
005801FF0001005006D400692D3DB856	0	0	1	20210901
005801FF0001005006D400692D3DB88C	0	1	0	20210901
005801FF0001005006D400692D3DB8A5	0	1	0	20210901
005801FF0001005006D400692D3DB989	1	0	0	20210901
005801FF0001005006D400692D3DB9C0	1	0	0	20210901
005801FF0001005006D400692D3DBB9A	0	1	0	20210901
005801FF0001005006D400692D3DBC44	0	1	0	20210901
005801FF0001005006D400692D3DBC4E	1	0	0	20210901
005801FF0001005006D400692D3DBDA5	0	0	1	20210901
005801FF0001005006D400692D3DBE7C	0	1	0	20210901
005801FF0001005006D400692D3DBE9B	0	0	1	20210901
005801FF0001005006D400692D3DC01F	0	0	1	20210901
005801FF0001005006D400692D3DC14A	0	1	0	20210901
005801FF0001005006D400692D3DC1FE	1	0	0	20210901
005801FF0001005006D400692D3DC2F1	1	0	0	20210901
005801FF00010050F6E52C43BE5C9F2D	0	0	1	20210901
005801FF00010050F6E52C43BE5C9F43	0	0	1	20210901
005801FF00010050F6E52C43BE5C9F76	0	1	0	20210901
005801FF00010050F6E52C43BE5CA013	1	0	0	20210901
005801FF00010050F6E52C43BE5CA127	1	0	0	20210901
005801FF00010050F6E52C43BE5CA12A	0	1	0	20210901
005801FF00010050F6E52C43BE5CA17A	0	1	0	20210901
005801FF00010050F6E52C43BE5CA1BD	0	1	0	20210901
005801FF00010050F6E52C43BE5CA27C	0	1	0	20210901
005801FF00010050F6E52C43BE5CA305	0	0	1	20210901
005801FF00010050F6E52C43BE5CA360	0	1	0	20210901
005801FF00010050F6E52C43BE5CA4E1	1	0	0	20210901
005801FF00010050F6E52C43BE5CA515	0	1	0	20210901
005801FF00010050F6E52C43BE5CA531	0	0	1	20210901
005801FF00010050F6E52C43BE5CA585	0	1	0	20210901
005801FF00010050F6E52C43BE5CA5CF	0	0	1	20210901
005801FF00010050F6E52C43BE5CA5E9	0	1	0	20210901
005801FF00010050F6E52C43BE5CA5F2	0	0	1	20210901
005801FF00010050F6E52C43BE5CA669	1	0	0	20210901
005801FF00010050F6E52C43BE5CA694	0	1	0	20210901
005801FF00010050F6E52C43BE5CA6D7	1	0	0	20210901
005801FF00010050F6E52C43BE5CA7C5	1	0	0	20210901
005801FF00010050F6E52C43BE5CA801	0	0	1	20210901
005801FF00010050F6E52C43BE5CA806	1	0	0	20210901
005801FF00010050F6E52C43BE5CA934	1	0	0	20210901
005801FF00010050F6E52C43BE5CA938	1	0	0	20210901
005801FF00010050F6E52C43BE5CAA03	0	0	1	20210901
005801FF00010050F6E52C43BE5CAA2D	0	1	0	20210901
005801FF00010050F6E52C43BE5CAA2F	0	0	1	20210901
005801FF00010050F6E52C43BE5CAA55	0	1	0	20210901
005801FF00010050F6E52C43BE5CAA59	0	0	1	20210901
005801FF00010050F6E52C43BE5CAA65	0	1	0	20210901
005801FF00010050F6E52C43BE5CAA6F	0	0	1	20210901
005801FF00010050F6E52C43BE5CAB09	0	1	0	20210901
005801FF00010050F6E52C43BE5CAB38	0	1	0	20210901
005801FF00010050F6E52C43BE5CAB8E	0	0	1	20210901
005801FF00010050F6E52C43BE5CAC8B	0	0	1	20210901
005801FF00010050F6E52C43BE5CAC9F	1	0	0	20210901
005801FF00010050F6E52C43BE5CADE8	0	0	1	20210901
005801FF00010050F6E52C43BE5CAEA5	0	0	1	20210901
005801FF00010050F6E52C43BE5CAEA8	0	0	1	20210901
005801FF00010050F6E52C43BE5CAF48	0	1	0	20210901
005801FF00010050F6E52C43BE5CAF79	1	0	0	20210901
005801FF00010050F6E52C43BE5CAFCF	1	0	0	20210901
005801FF00010050F6E52C43BE5CB23F	1	0	0	20210901
005801FF00010050F6E52C43BE5CB2ED	1	0	0	20210901
005801FF00010050F6E52C43BE5CB3D1	0	0	1	20210901
005801FF00010050F6E52C43BE5CB426	0	1	0	20210901
005801FF00010050F6E52C43BE5CB449	0	1	0	20210901
005801FF00010050F6E52C43BE5CB461	0	0	1	20210901
005801FF00010050F6E52C43BE5CB473	0	0	1	20210901
005801FF00010050F6E52C43BE5CB4B4	0	1	0	20210901
005801FF00010050F6E52C43BE5CB4E6	0	0	1	20210901
005801FF00010050F6E52C43BE5CB53C	1	0	0	20210901
005801FF00010050F6E52C43BE5CB553	0	1	0	20210901
005801FF00010050F6E52C43BE5CB5B7	1	0	0	20210901
005801FF00010050F6E52C43BE5CB5C5	0	0	1	20210901
005801FF00010050F6E52C43BE5CB606	0	1	0	20210901
005801FF00010050F6E52C43BE5CB60F	1	0	0	20210901
005801FF00010050F6E52C43BE5CB6B8	1	0	0	20210901
005801FF00010050F6E52C43BE5CB6C4	0	0	1	20210901
005801FF00010050F6E52C43BE5CB701	0	0	1	20210901
005801FF00010050F6E52C43BE5CB733	0	1	0	20210901
005801FF00010050F6E52C43BE5CB78C	0	0	1	20210901
005801FF00010050F6E52C43BE5CB7B9	0	0	1	20210901
005801FF00010050F6E52C43BE5CB848	0	0	1	20210901
005801FF00010050F6E52C43BE5CB860	1	0	0	20210901
005801FF00010050F6E52C43BE5CB861	1	0	0	20210901
005801FF00010050F6E52C43BE5CB878	0	0	1	20210901
005801FF00010050F6E52C43BE5CB8AD	1	0	0	20210901
005801FF00010050F6E52C43BE5CB941	0	0	1	20210901
005801FF00010050F6E52C43BE5CBA6D	1	0	0	20210901
005801FF00010050F6E52C43BE5CBACF	0	0	1	20210901
005801FF00010050F6E52C43BE5CBB30	0	0	1	20210901
005801FF00010050F6E52C43BE5CBB39	0	0	1	20210901
005801FF00010050F6E52C43BE5CBB52	1	0	0	20210901
005801FF00010050F6E52C43BE5CBB79	0	0	1	20210901
005801FF00010050F6E52C43BE5CBB96	0	1	0	20210901
005801FF00010050F6E52C43BE5CBBFB	0	0	1	20210901
005801FF00010050F6E52C43BE5CBCB1	1	0	0	20210901
005801FF00010050F6E52C43BE5CBCFB	1	0	0	20210901
005801FF00010050F6E52C43BE5CBD21	1	0	0	20210901
005801FF00010050F6E52C43BE5CBF5F	1	0	0	20210901
005801FF00010050F6E52C43BE5CBF9A	0	0	1	20210901
005801FF00010050F6E52C43BE5CC076	0	1	0	20210901
005801FF00010050F6E52C43BE5CC0DA	0	1	0	20210901
005801FF00010050F6E52C43BE5CC0FC	1	0	0	20210901
005801FF00010050F6E52C43BE5CC116	0	0	1	20210901
005801FF00010050F6E52C43BE5CC137	0	1	0	20210901
005801FF00010050F6E52C43BE5CC165	0	0	1	20210901
005801FF00010050F6E52C43BE5CC1D3	0	0	1	20210901
005801FF00010050F6E52C43BE5CC1E9	0	0	1	20210901
005801FF00010050F6E52C43BE5CC23C	1	0	0	20210901
005801FF00010050F6E52C43BE5CC2DD	1	0	0	20210901
005801FF00010050F6E52C43BE5CC34F	0	1	0	20210901
005801FF00010050F6E52C43BE5CC3B5	0	1	0	20210901
005801FF00010050F6E52C43BE5CC3D1	0	1	0	20210901
005801FF00010050F6E52C43BE5CC49A	1	0	0	20210901
005801FF00010050F6E52C43BE5CC51E	0	1	0	20210901
005801FF00010050F6E52C43BE5CC5EE	1	0	0	20210901
005801FF00010050F6E52C43BE5CC627	0	1	0	20210901
005801FF00010050F6E52C43BE5CC692	1	0	0	20210901
005801FF00010050F6E52C43BE5CC790	0	0	1	20210901
005801FF00010050F6E52C43BE5CC7AD	0	1	0	20210901
005801FF00010050F6E52C43BE5CC880	0	1	0	20210901
005801FF00010050F6E52C43BE5CC8DA	0	1	0	20210901
005801FF00010050F6E52C43BE5CC8E1	0	0	1	20210901
005801FF00010050F6E52C43BE5CC977	0	0	1	20210901
005801FF00010050F6E52C43BE5CCA9A	0	0	1	20210901
005801FF00010050F6E52C43BE5CCB4C	0	1	0	20210901
005801FF00010050F6E52C43BE5CCBC4	0	0	1	20210901
005801FF00010050F6E52C43BE5CCE6B	1	0	0	20210901
005801FF00010050F6E52C43BE5CCED9	0	0	1	20210901
005801FF00010050F6E52C43BE5CCEE4	0	0	1	20210901
005801FF00010050F6E52C43BE5CCF18	1	0	0	20210901
005801FF00010050F6E52C43BE5CCF36	0	0	1	20210901
005801FF00010050F6E52C43BE5CCF4E	0	0	1	20210901
005801FF00010050F6E52C43BE5CCF75	0	0	1	20210901
005801FF00010050F6E52C43BE5CCFC6	1	0	0	20210901
005801FF00010050F6E52C43BE5CCFE4	1	0	0	20210901
005801FF00010050F6E52C43BE5CD0CC	1	0	0	20210901
005801FF00010050F6E52C43BE5CD0CE	1	0	0	20210901
005801FF00010050F6E52C43BE5CD10F	1	0	0	20210901
005801FF0001007001B960D21C44261E	1	0	0	20210901
005801FF0001007001B960D21C44267E	0	0	1	20210901
005801FF0001007001B960D21C44277F	1	0	0	20210901
005801FF0001007001B960D21C4427B5	0	1	0	20210901
005801FF0001007001B960D21C442859	1	0	0	20210901
005801FF0001007001B960D21C4428F1	0	1	0	20210901
005801FF0001007001B960D21C442A4F	1	0	0	20210901
005801FF0001007001B960D21C442AA9	0	0	1	20210901
005801FF0001007001B960D21C442AB7	0	0	1	20210901
005801FF0001007001B960D21C442ADD	1	0	0	20210901
005801FF0001007001B960D21C442B36	1	0	0	20210901
005801FF0001007001B960D21C442B7C	0	1	0	20210901
005801FF0001007001B960D21C442B9C	0	1	0	20210901
005801FF0001007001B960D21C442C2B	0	1	0	20210901
005801FF0001007001B960D21C442C6E	0	0	1	20210901
005801FF0001007001B960D21C442C7C	1	0	0	20210901
005801FF0001007001B960D21C442CAE	0	1	0	20210901
005801FF0001007001B960D21C442D29	0	0	1	20210901
005801FF0001007001B960D21C442DD7	0	1	0	20210901
005801FF0001007001B960D21C442E17	1	0	0	20210901
005801FF0001007001B960D21C442EDB	1	0	0	20210901
005801FF0001007001B960D21C442F18	1	0	0	20210901
005801FF0001007001B960D21C442F90	0	1	0	20210901
005801FF0001007001B960D21C443023	1	0	0	20210901
005801FF0001007001B960D21C443060	0	0	1	20210901
005801FF0001007001B960D21C4430E4	0	0	1	20210901
005801FF0001007001B960D21C44319F	0	0	1	20210901
005801FF0001007001B960D21C443296	0	0	1	20210901
005801FF0001007001B960D21C44338C	0	1	0	20210901
005801FF0001007001B960D21C44339A	0	1	0	20210901
005801FF0001007001B960D21C44345C	0	0	1	20210901
005801FF0001007001B960D21C443651	1	0	0	20210901
005801FF0001007001B960D21C4436B5	0	1	0	20210901
005801FF0001007001B960D21C443753	0	1	0	20210901
005801FF0001007001B960D21C443755	0	0	1	20210901
005801FF0001007001B960D21C443786	1	0	0	20210901
005801FF0001007001B960D21C44378F	0	0	1	20210901
005801FF0001007001B960D21C4437AE	0	0	1	20210901
005801FF0001007001B960D21C4438C9	0	1	0	20210901
005801FF0001007001B960D21C4438FD	0	1	0	20210901
005801FF0001007001B960D21C443AA4	1	0	0	20210901
005801FF0001007001B960D21C443AA8	0	0	1	20210901
005801FF0001007001B960D21C443AF2	1	0	0	20210901
005801FF0001007001B960D21C443B03	1	0	0	20210901
005801FF0001007001B960D21C443C2E	0	0	1	20210901
005801FF0001007001B960D21C443D2C	0	0	1	20210901
005801FF0001007001B960D21C443D66	0	0	1	20210901
005801FF0001007001B960D21C443DC6	0	0	1	20210901
005801FF0001007001B960D21C443DF7	0	0	1	20210901
005801FF0001007001B960D21C443E06	0	0	1	20210901
005801FF0001007001B960D21C443EF3	1	0	0	20210901
005801FF0001007001B960D21C44403D	1	0	0	20210901
005801FF0001007001B960D21C44412C	0	1	0	20210901
005801FF0001007001B960D21C444156	1	0	0	20210901
005801FF0001007001B960D21C4441E8	0	1	0	20210901
005801FF0001007001B960D21C44430C	0	1	0	20210901
005801FF0001007001B960D21C444364	0	1	0	20210901
005801FF0001007001B960D21C444502	1	0	0	20210901
005801FF0001007001B960D21C444573	1	0	0	20210901
005801FF0001007001B960D21C4445B3	1	0	0	20210901
005801FF0001007001B960D21C4445CA	0	1	0	20210901
005801FF0001007001B960D21C4445D5	0	0	1	20210901
005801FF0001007001B960D21C44461C	1	0	0	20210901
005801FF0001007001B960D21C4446F4	0	0	0	20210901
005801FF0001007001B960D21C444703	0	0	1	20210901
005801FF0001007001B960D21C44471A	0	1	0	20210901
005801FF0001007001B960D21C44478E	0	1	0	20210901
005801FF0001007001B960D21C44487D	1	0	0	20210901
005801FF0001007001B960D21C4448E2	1	0	0	20210901
005801FF0001007001B960D21C444973	1	0	0	20210901
005801FF0001007001B960D21C4449D6	1	0	0	20210901
005801FF0001007001B960D21C444A5D	0	0	1	20210901
005801FF0001007001B960D21C444AA6	1	0	0	20210901
005801FF0001007001B960D21C444BFE	0	0	1	20210901
005801FF0001007001B960D21C444C19	0	1	0	20210901
005801FF0001007001B960D21C444C1D	0	1	0	20210901
005801FF0001007003B860D21C3E1B8C	0	1	0	20210901
005801FF0001007003B860D21C3E1C16	1	0	0	20210901
005801FF0001007003B860D21C3E1C9B	1	0	0	20210901
005801FF0001007003B860D21C3E1D02	0	0	1	20210901
005801FF0001007003B860D21C3E1D19	0	1	0	20210901
005801FF0001007003B860D21C3E1D56	1	0	0	20210901
005801FF0001007003B860D21C3E1E33	0	0	1	20210901
005801FF0001007003B860D21C3E1E65	0	1	0	20210901
005801FF0001007003B860D21C3E1E7B	1	0	0	20210901
005801FF0001007003B860D21C3E1E89	1	0	0	20210901
005801FF0001007003B860D21C3E1F2F	1	0	0	20210901
005801FF0001007003B860D21C3E201F	1	0	0	20210901
005801FF0001007003B860D21C3E206C	1	0	0	20210901
005801FF0001007003B860D21C3E20BE	0	1	0	20210901
005801FF0001007003B860D21C3E210B	0	1	0	20210901
005801FF0001007003B860D21C3E228A	0	0	1	20210901
005801FF0001007003B860D21C3E23E3	0	0	1	20210901
005801FF0001007003B860D21C3E245F	1	0	0	20210901
005801FF0001007003B860D21C3E2492	1	0	0	20210901
005801FF0001007003B860D21C3E24B2	0	1	0	20210901
005801FF0001007003B860D21C3E24C9	1	0	0	20210901
005801FF0001007003B860D21C3E24ED	0	1	0	20210901
005801FF0001007003B860D21C3E24FF	0	0	1	20210901
005801FF0001007003B860D21C3E2541	1	0	0	20210901
005801FF0001007003B860D21C3E25D2	0	1	0	20210901
005801FF0001007003B860D21C3E25F3	1	0	0	20210901
005801FF0001007003B860D21C3E268D	0	1	0	20210901
005801FF0001007003B860D21C3E26EE	0	1	0	20210901
005801FF0001007003B860D21C3E2761	1	0	0	20210901
005801FF0001007003B860D21C3E27BE	0	1	0	20210901
005801FF0001007003B860D21C3E283C	0	1	0	20210901
005801FF0001007003B860D21C3E28C3	0	0	1	20210901
005801FF0001007003B860D21C3E292C	0	0	1	20210901
005801FF0001007003B860D21C3E295E	0	1	0	20210901
005801FF0001007003B860D21C3E298C	1	0	0	20210901
005801FF0001007003B860D21C3E2A0E	1	0	0	20210901
005801FF0001007003B860D21C3E2A6F	1	0	0	20210901
005801FF0001007003B860D21C3E2A7A	1	0	0	20210901
005801FF0001007003B860D21C3E2A89	0	1	0	20210901
005801FF0001007003B860D21C3E2AB5	0	0	1	20210901
005801FF0001007003B860D21C3E2ABA	1	0	0	20210901
005801FF0001007003B860D21C3E2B74	0	0	1	20210901
005801FF0001007003B860D21C3E2BB3	0	0	1	20210901
005801FF0001007003B860D21C3E2C9B	0	1	0	20210901
005801FF0001007003B860D21C3E2CB2	0	1	0	20210901
005801FF0001007003B860D21C3E2CB9	0	0	1	20210901
005801FF0001007003B860D21C3E2CDF	0	0	1	20210901
005801FF0001007003B860D21C3E2D2F	0	1	0	20210901
005801FF0001007003B860D21C3E2DDB	0	1	0	20210901
005801FF0001007003B860D21C3E2E24	1	0	0	20210901
005801FF0001007003B860D21C3E2E3D	0	0	1	20210901
005801FF0001007003B860D21C3E2E9C	0	1	0	20210901
005801FF0001007003B860D21C3E2F0F	0	1	0	20210901
005801FF0001007003B860D21C3E2F10	0	0	1	20210901
005801FF0001007003B860D21C3E2F69	1	0	0	20210901
005801FF0001007003B860D21C3E2FC7	0	0	1	20210901
005801FF0001007003B860D21C3E2FCD	1	0	0	20210901
005801FF0001007003B860D21C3E2FD3	0	1	0	20210901
005801FF0001007003B860D21C3E3145	0	0	1	20210901
005801FF0001007003B860D21C3E317E	0	0	1	20210901
005801FF0001007003B860D21C3E31A2	0	1	0	20210901
005801FF0001007003B860D21C3E31F3	0	0	1	20210901
005801FF0001007003B860D21C3E3230	1	0	0	20210901
005801FF0001007003B860D21C3E32A4	0	1	0	20210901
005801FF0001007003B860D21C3E32CB	0	0	1	20210901
005801FF0001007003B860D21C3E32F4	0	1	0	20210901
005801FF0001007003B860D21C3E336B	0	0	1	20210901
005801FF0001007003B860D21C3E33FB	0	0	1	20210901
005801FF0001007003B860D21C3E3406	0	1	0	20210901
005801FF0001007003B860D21C3E3486	0	1	0	20210901
005801FF0001007003B860D21C3E361F	0	0	1	20210901
005801FF0001007003B860D21C3E3651	0	0	1	20210901
005801FF0001007003B860D21C3E368A	0	0	1	20210901
005801FF0001007003B860D21C3E36A0	0	0	1	20210901
005801FF0001007003B860D21C3E36B3	1	0	0	20210901
005801FF0001007003B860D21C3E36B4	0	1	0	20210901
005801FF0001007003B860D21C3E3754	0	1	0	20210901
005801FF0001007003B860D21C3E384D	1	0	0	20210901
005801FF0001007003B860D21C3E38A5	1	0	0	20210901
005801FF0001007003B860D21C3E38AB	1	0	0	20210901
005801FF0001007003B860D21C3E399A	0	1	0	20210901
005801FF0001007003B860D21C3E39C2	0	1	0	20210901
005801FF0001007003B860D21C3E39E1	1	0	0	20210901
005801FF0001007003B860D21C3E3A4A	1	0	0	20210901
005801FF0001007003B860D21C3E3A73	0	1	0	20210901
005801FF0001007003B860D21C3E3AA0	0	1	0	20210901
005801FF0001007003B860D21C3E3AED	0	0	1	20210901
005801FF0001007003B860D21C3E3B30	1	0	0	20210901
005801FF0001007003B860D21C3E3B80	0	1	0	20210901
005801FF0001007003B860D21C3E3C30	0	1	0	20210901
005801FF0001007003B860D21C3E3D4B	1	0	0	20210901
005801FF0001007003B860D21C3E3DAF	0	0	1	20210901
005801FF0001007003B860D21C3E3DBA	0	1	0	20210901
005801FF0001007003B860D21C3E3E30	0	1	0	20210901
005801FF0001007003B860D21C3E3EA5	0	1	0	20210901
005801FF0001007003B860D21C3E3F56	0	1	0	20210901
005801FF0001007003B860D21C3E3FC9	1	0	0	20210901
005801FF0001007003B860D21C3E3FCB	0	1	0	20210901
005801FF0001007003B860D21C3E3FE5	1	0	0	20210901
005801FF0001007003B860D21C3E405C	1	0	0	20210901
005801FF0001007003B860D21C3E40F4	1	0	0	20210901
005801FF0001007003B860D21C3E4149	1	0	0	20210901
005801FF0001007003B860D21C3E416F	1	0	0	20210901
005801FF0001007005B860D21C3044FE	0	0	1	20210901
005801FF0001007005B860D21C304511	1	0	0	20210901
005801FF0001007005B860D21C30453A	0	0	1	20210901
005801FF0001007005B860D21C304615	1	0	0	20210901
005801FF0001007005B860D21C3046D4	1	0	0	20210901
005801FF0001007005B860D21C304745	0	0	1	20210901
005801FF0001007005B860D21C3047AF	1	0	0	20210901
005801FF0001007005B860D21C30482B	1	0	0	20210901
005801FF0001007005B860D21C304870	1	0	0	20210901
005801FF0001007005B860D21C3048CA	0	0	1	20210901
005801FF0001007005B860D21C30490E	1	0	0	20210901
005801FF0001007005B860D21C304959	1	0	0	20210901
005801FF0001007005B860D21C304B8C	0	1	0	20210901
005801FF0001007005B860D21C304BC1	0	0	1	20210901
005801FF0001007005B860D21C304C05	1	0	0	20210901
005801FF0001007005B860D21C304C3B	0	1	0	20210901
005801FF0001007005B860D21C304C42	0	1	0	20210901
005801FF0001007005B860D21C304D19	0	1	0	20210901
005801FF0001007005B860D21C304D22	0	0	1	20210901
005801FF0001007005B860D21C304D4D	1	0	0	20210901
005801FF0001007005B860D21C304DDC	0	0	1	20210901
005801FF0001007005B860D21C304EA9	0	0	1	20210901
005801FF0001007005B860D21C304F5D	1	0	0	20210901
005801FF0001007005B860D21C304F5E	1	0	0	20210901
005801FF0001007005B860D21C305031	1	0	0	20210901
005801FF0001007005B860D21C305104	1	0	0	20210901
005801FF0001007005B860D21C30511F	1	0	0	20210901
005801FF0001007005B860D21C305120	0	0	1	20210901
005801FF0001007005B860D21C30513C	0	0	1	20210901
005801FF0001007005B860D21C305159	1	0	0	20210901
005801FF0001007005B860D21C305260	1	0	0	20210901
005801FF0001007005B860D21C30538A	1	0	0	20210901
005801FF0001007005B860D21C305568	0	0	1	20210901
005801FF0001007005B860D21C3055D8	0	0	1	20210901
005801FF0001007005B860D21C3055DD	0	0	1	20210901
005801FF0001007005B860D21C30565C	1	0	0	20210901
005801FF0001007005B860D21C30574D	1	0	0	20210901
005801FF0001007005B860D21C305829	1	0	0	20210901
005801FF0001007005B860D21C3058D2	1	0	0	20210901
005801FF0001007005B860D21C305A65	1	0	0	20210901
005801FF0001007005B860D21C305AE2	0	1	0	20210901
005801FF0001007005B860D21C305B7D	0	1	0	20210901
005801FF0001007005B860D21C305BB2	0	0	1	20210901
005801FF0001007005B860D21C305C51	1	0	0	20210901
005801FF0001007005B860D21C305DAE	0	0	1	20210901
005801FF0001007005B860D21C305DD2	1	0	0	20210901
005801FF0001007005B860D21C305DF3	1	0	0	20210901
005801FF0001007005B860D21C305E98	0	0	1	20210901
005801FF0001007005B860D21C305ECA	0	0	1	20210901
005801FF0001007005B860D21C306091	0	0	1	20210901
005801FF0001007005B860D21C3060EB	0	1	0	20210901
005801FF0001007005B860D21C306286	0	1	0	20210901
005801FF0001007005B860D21C3062AA	1	0	0	20210901
005801FF0001007005B860D21C30638B	1	0	0	20210901
005801FF0001007005B860D21C306486	0	1	0	20210901
005801FF0001007005B860D21C3064AF	0	0	1	20210901
005801FF0001007005B860D21C3065DB	0	1	0	20210901
005801FF0001007005B860D21C3066BE	1	0	0	20210901
005801FF0001007005B860D21C306702	0	0	1	20210901
005801FF0001007005B860D21C306717	0	0	1	20210901
005801FF0001007005B860D21C3067CC	0	1	0	20210901
005801FF0001007005B860D21C3067F6	0	1	0	20210901
005801FF0001007005B860D21C30683C	0	0	1	20210901
005801FF0001007005B860D21C3068E9	1	0	0	20210901
005801FF0001007005B860D21C3068FE	0	0	1	20210901
005801FF0001007005B860D21C30692E	0	1	0	20210901
005801FF0001007005B860D21C306988	0	1	0	20210901
005801FF0001007005B860D21C306A24	1	0	0	20210901
005801FF0001007005B860D21C306AD3	0	1	0	20210901
005801FF0001007005B860D21C306B55	1	0	0	20210901
005801FF0001007005B860D21C306C07	1	0	0	20210901
005801FF0001007005B860D21C306D02	0	1	0	20210901
005801FF0001007005B860D21C306D3F	1	0	0	20210901
005801FF0001007005B860D21C306E14	1	0	0	20210901
005801FF0001007005B860D21C306F0B	0	0	1	20210901
005801FF0001007005B860D21C306F1C	0	1	0	20210901
005801FF0001007005B860D21C306F40	1	0	0	20210901
005801FF0001007005B860D21C306F4C	0	0	1	20210901
005801FF0001007005B860D21C306FC5	1	0	0	20210901
005801FF0001007005B860D21C307060	1	0	0	20210901
005801FF0001007005B860D21C30716B	1	0	0	20210901
005801FF0001007005B860D21C307298	0	0	1	20210901
005801FF0001007005B860D21C3072D3	0	0	1	20210901
005801FF0001007005B860D21C30730D	1	0	0	20210901
005801FF0001007005B860D21C30731B	0	1	0	20210901
005801FF0001007005B860D21C3073AC	1	0	0	20210901
005801FF0001007005B860D21C3073CF	1	0	0	20210901
005801FF0001007005B860D21C3073DE	0	1	0	20210901
005801FF0001007005B860D21C30740D	0	1	0	20210901
005801FF0001007005B860D21C307418	1	0	0	20210901
005801FF0001007005B860D21C307426	0	1	0	20210901
005801FF0001007005B860D21C307495	0	0	1	20210901
005801FF0001007005B860D21C30749B	0	0	1	20210901
005801FF0001007005B860D21C3074D5	1	0	0	20210901
005801FF0001007005B860D21C30752C	1	0	0	20210901
005801FF0001007005B860D21C307591	0	1	0	20210901
005801FF0001007005B860D21C30767F	1	0	0	20210901
005801FF0001007005B860D21C307698	1	0	0	20210901
005801FF0001007005B860D21C3077E5	1	0	0	20210901
005801FF0001007005B860D21C307830	0	1	0	20210901
005801FF0001007005B860D21C3078E2	0	1	0	20210901
005801FF0001007005B860D21C307ABB	0	0	1	20210901
005801FF0001007005B860D21C307B04	1	0	0	20210901
005801FF0001007005B860D21C307B3C	0	0	1	20210901
005801FF0001007005B860D21C307B4D	1	0	0	20210901
005801FF0001007005B860D21C307B6D	0	1	0	20210901
005801FF0001007005B860D21C307B89	1	0	0	20210901
005801FF0001007005B860D21C307C14	1	0	0	20210901
005801FF0001007005B860D21C307C9E	1	0	0	20210901
005801FF0001007005B860D21C307CA8	0	1	0	20210901
005801FF0001007005B860D21C307D1C	1	0	0	20210901
005801FF0001007005B860D21C307F2D	1	0	0	20210901
005801FF0001007005B860D21C307F4A	0	0	1	20210901
005801FF0001007005B860D21C307F99	0	0	1	20210901
005801FF0001007005B860D21C308087	1	0	0	20210901
005801FF0001007005B860D21C3080DF	0	1	0	20210901
005801FF0001007005B860D21C308298	0	0	1	20210901
005801FF0001007005B860D21C3082B9	1	0	0	20210901
005801FF0001007005B860D21C308362	0	0	1	20210901
005801FF0001007005B860D21C3083E9	0	1	0	20210901
005801FF0001007005B860D21C3083F7	0	0	1	20210901
005801FF0001007005B860D21C30841B	1	0	0	20210901
005801FF0001007005B860D21C308448	0	1	0	20210901
005801FF0001007005B860D21C30848E	0	1	0	20210901
005801FF0001007005B860D21C308515	0	0	1	20210901
005801FF0001007005B860D21C3085F5	1	0	0	20210901
005801FF0001007005B860D21C30886B	0	1	0	20210901
005801FF0001007005B860D21C3088A9	0	0	1	20210901
005801FF0001007005B860D21C308907	1	0	0	20210901
005801FF0001007005B860D21C308968	0	1	0	20210901
005801FF0001007005B860D21C308997	0	0	1	20210901
005801FF0001007005B860D21C3089FE	0	0	1	20210901
005801FF0001007005B860D21C308AE7	0	1	0	20210901
005801FF0001007005B860D21C308B68	0	0	1	20210901
005801FF0001007005B860D21C308BD9	1	0	0	20210901
005801FF0001007005B860D21C308CC1	0	1	0	20210901
005801FF0001007005B860D21C308CC7	0	0	1	20210901
005801FF0001007005B860D21C308D49	0	0	1	20210901
005801FF0001007005B860D21C308DE9	0	0	1	20210901
005801FF0001007005B860D21C308DF1	1	0	0	20210901
005801FF0001007005B860D21C308E79	1	0	0	20210901
005801FF0001007005B860D21C308E89	1	0	0	20210901
005801FF0001007005B860D21C308F18	0	1	0	20210901
005801FF0001007005B860D21C308F89	1	0	0	20210901
005801FF0001007005B860D21C3090BF	0	1	0	20210901
005801FF0001007005B860D21C3090E1	0	1	0	20210901
005801FF0001007005B860D21C30915E	1	0	0	20210901
005801FF0001007005B860D21C3091AC	0	0	1	20210901
005801FF0001007005B860D21C3091BF	0	1	0	20210901
005801FF0001007005B860D21C309290	0	0	1	20210901
005801FF0001007005B860D21C3092AC	0	1	0	20210901
005801FF0001007005B860D21C30931D	0	0	1	20210901
005801FF0001007005B860D21C30939E	1	0	0	20210901
005801FF0001007005B860D21C309410	0	0	1	20210901
005801FF0001007005B860D21C309663	1	0	0	20210901
005801FF0001007005B860D21C3096DE	1	0	0	20210901
005801FF0001007005B860D21C3096EF	0	1	0	20210901
005801FF0001007005B860D21C3097FB	1	0	0	20210901
005801FF0001007005B860D21C309850	0	1	0	20210901
005801FF0001007005B860D21C3098A8	1	0	0	20210901
005801FF0001007005B860D21C309A3E	0	0	1	20210901
005801FF0001007005B860D21C309AAB	1	0	0	20210901
005801FF0001007005B860D21C309B9E	0	1	0	20210901
005801FF0001007005B860D21C309C4E	1	0	0	20210901
005801FF0001007005B860D21C309D48	1	0	0	20210901
005801FF0001007005B860D21C309E30	1	0	0	20210901
005801FF0001007005B860D21C309EBA	0	0	1	20210901
005801FF0001007005B860D21C309EC1	0	1	0	20210901
005801FF0001007005B860D21C309F08	0	0	1	20210901
005801FF0001007005B860D21C309F10	0	0	1	20210901
005801FF0001007005B860D21C30A006	0	1	0	20210901
005801FF0001007005B860D21C30A095	1	0	0	20210901
005801FF0001007005B860D21C30A32D	0	0	1	20210901
005801FF0001007005B860D21C30A33B	1	0	0	20210901
005801FF0001007005B860D21C30A37E	1	0	0	20210901
005801FF0001007005B860D21C30A42B	1	0	0	20210901
005801FF0001007005B860D21C30A46A	0	1	0	20210901
005801FF0001007005B860D21C30A46F	1	0	0	20210901
005801FF0001007005B860D21C30A4D4	1	0	0	20210901
005801FF0001007005B860D21C30A5A8	0	1	0	20210901
005801FF0001007005B860D21C30A6DB	1	0	0	20210901
005801FF0001007005B860D21C30A7EE	1	0	0	20210901
005801FF0001007005B860D21C30A85C	0	0	1	20210901
005801FF0001007005B860D21C30A87E	1	0	0	20210901
005801FF0001007005B860D21C30A902	0	1	0	20210901
005801FF0001007005B860D21C30A917	0	0	1	20210901
005801FF0001007005B860D21C30AB1B	1	0	0	20210901
005801FF0001007005B860D21C30AC54	0	1	0	20210901
005801FF0001007005B860D21C30ACD0	0	1	0	20210901
005801FF0001007005B860D21C30AD06	0	1	0	20210901
005801FF0001007005B860D21C30AD80	0	0	1	20210901
005801FF0001007005B860D21C30ADFF	0	1	0	20210901
005801FF0001007005B860D21C30AE01	0	0	1	20210901
005801FF0001007005B860D21C30AE95	1	0	0	20210901
005801FF0001007005B860D21C30AEC5	0	0	1	20210901
005801FF0001007005B860D21C30AED7	1	0	0	20210901
005801FF0001007005B860D21C30AFCB	1	0	0	20210901
005801FF0001007005B860D21C30B016	1	0	0	20210901
005801FF0001007005B860D21C30B02A	0	1	0	20210901
005801FF0001007005B860D21C30B030	0	0	1	20210901
005801FF0001007005B860D21C30B038	1	0	0	20210901
005801FF0001007005B860D21C30B0B7	1	0	0	20210901
005801FF0001007005B860D21C30B185	1	0	0	20210901
005801FF0001007005B860D21C30B2A1	0	0	1	20210901
005801FF0001007005B860D21C30B382	1	0	0	20210901
005801FF0001007005B860D21C30B418	1	0	0	20210901
005801FF0001007005B860D21C30B4C4	1	0	0	20210901
005801FF0001007005B860D21C30B4EA	0	1	0	20210901
005801FF0001007005B860D21C30B557	0	1	0	20210901
005801FF0001007005B860D21C30B5B9	0	1	0	20210901
005801FF0001007005B860D21C30B5FC	0	0	1	20210901
005801FF0001007005B860D21C30B61E	1	0	0	20210901
005801FF0001007005B860D21C30B64F	1	0	0	20210901
005801FF0001007005B860D21C30B65B	1	0	0	20210901
005801FF0001007005B860D21C30B6CC	0	0	1	20210901
005801FF0001007005B860D21C30B778	0	0	1	20210901
005801FF0001007005B860D21C30B910	1	0	0	20210901
005801FF0001007005B860D21C30B9CD	0	0	0	20210901
005801FF0001007005B860D21C30BA5F	1	0	0	20210901
005801FF0001007005B860D21C30BB7A	0	1	0	20210901
005801FF0001007005B860D21C30BBEE	0	1	0	20210901
005801FF0001007005B860D21C30BBF4	1	0	0	20210901
005801FF0001007005B860D21C30BC2A	1	0	0	20210901
005801FF0001007005B860D21C30BC4B	1	0	0	20210901
005801FF0001007005B860D21C30BCD4	1	0	0	20210901
005801FF0001007005B860D21C30BCFD	0	1	0	20210901
005801FF0001007005B860D21C30BD84	0	1	0	20210901
005801FF0001007005B860D21C30BE07	0	1	0	20210901
005801FF0001007005B860D21C30BE27	1	0	0	20210901
005801FF0001007005B860D21C30BE2A	0	0	1	20210901
005801FF0001007005B860D21C30BEF8	0	1	0	20210901
005801FF0001007005B860D21C30C15C	1	0	0	20210901
005801FF0001007005B860D21C30C18A	1	0	0	20210901
005801FF0001007005B860D21C30C266	0	1	0	20210901
005801FF0001007005B860D21C30C38D	1	0	0	20210901
005801FF0001007005B860D21C30C486	0	1	0	20210901
005801FF0001007005B860D21C30C4B5	0	0	1	20210901
005801FF0001007005B860D21C30C516	0	1	0	20210901
005801FF0001007005B860D21C30C5E2	0	0	1	20210901
005801FF0001007005B860D21C30C629	1	0	0	20210901
005801FF0001007005B860D21C30C656	1	0	0	20210901
005801FF0001007005B860D21C30C65C	0	0	1	20210901
005801FF0001007005B860D21C30C685	0	1	0	20210901
005801FF0001007005B860D21C30C6DC	0	1	0	20210901
005801FF0001007005B860D21C30C745	0	1	0	20210901
005801FF0001007005B860D21C30C769	1	0	0	20210901
005801FF0001007005B860D21C30C799	0	1	0	20210901
005801FF0001007005B860D21C30C7E1	0	1	0	20210901
005801FF0001007005B860D21C30C882	1	0	0	20210901
005801FF0001007005B860D21C30C8B1	0	0	1	20210901
005801FF0001007005B860D21C30C8C0	1	0	0	20210901
005801FF0001007005B860D21C30C9C9	0	1	0	20210901
005801FF0001007005B860D21C30C9DC	1	0	0	20210901
005801FF0001007005B860D21C30CAEB	1	0	0	20210901
005801FF0001007005B860D21C30CB1F	1	0	0	20210901
005801FF0001007005B860D21C30CB2D	1	0	0	20210901
005801FF0001007005B860D21C30CB75	0	0	1	20210901
005801FF0001007005B860D21C30CBDF	0	0	1	20210901
005801FF0001007005B860D21C30CBE4	1	0	0	20210901
005801FF0001007005B860D21C30CC5A	0	0	1	20210901
005801FF0001007005B860D21C30CC78	0	0	1	20210901
005801FF0001007005B860D21C30CCBC	0	1	0	20210901
005801FF0001007005B860D21C30CD07	1	0	0	20210901
005801FF0001007005B860D21C30CD25	1	0	0	20210901
005801FF0001007005B860D21C30CDA0	1	0	0	20210901
005801FF0001007005B860D21C30CE0C	0	1	0	20210901
005801FF0001007005B860D21C30CE86	0	1	0	20210901
005801FF0001007005B860D21C30CEE4	1	0	0	20210901
005801FF0001007005B860D21C30CF08	0	0	1	20210901
005801FF0001007005B860D21C30CF6D	0	1	0	20210901
005801FF0001007005B860D21C30CFA3	1	0	0	20210901
005801FF0001007005B860D21C30CFB0	0	0	1	20210901
005801FF0001007005B860D21C30CFF9	0	1	0	20210901
005801FF0001007005B860D21C30D013	0	1	0	20210901
005801FF0001007005B860D21C30D031	0	1	0	20210901
005801FF0001007005B860D21C30D03D	0	0	1	20210901
005801FF0001007005B860D21C30D059	1	0	0	20210901
005801FF0001007005B860D21C30D05C	1	0	0	20210901
005801FF0001007005B860D21C30D0C0	0	0	1	20210901
005801FF0001007005B860D21C30D0EA	0	1	0	20210901
005801FF0001007005B860D21C30D0EC	0	0	1	20210901
005801FF0001007005B860D21C30D0F6	1	0	0	20210901
005801FF0001007005B860D21C30D0F7	1	0	0	20210901
005801FF0001007005B860D21C30D1B5	0	1	0	20210901
005801FF0001007005B860D21C30D2DE	0	0	1	20210901
005801FF0001007005B860D21C30D396	1	0	0	20210901
