htv_deviceinfo_dm.deviceid	htv_deviceinfo_dm.model	htv_deviceinfo_dm.manufacturer	htv_deviceinfo_dm.cp_name
0005801FF0001005005D300692D37EF5	CM211-2_IPTV_GS	NULL	32
003401FF0001007000BB60D21C6BA88B	CM201-2_IPTV_GS	NULL	3
003401FF0001061001B554C57ADBED5F	CM201-22	NULL	3
003403FF001834600005A8BD3A5DA23B	UNT400B2	广东九联科技股份有限公司	3
003403FF001834600005A8BD3A5DA23E	UNT400B2	广东九联科技股份有限公司	3
003701FF00010610124260D21CD95214	CM211-2_IPTV_GS	NULL	32
003701FF00010610124260D21CD95215	CM201-2_IPTV_GS	NULL	32
003803FF0003F400000150DE19C0000C	MGV2000-W_2	咪咕视讯科技有限公司	3
004001FF001968000001741E90D05FA4	HG680KA_A_2	NULL	3
004001FF001968000001741E90D05FB4	HG680KB_A_2	烽火通信科技股份有限公司	3
004003FF00010060180758B42D73E304	CM201-1-YS2	中国移动通信集团终端有限公司	3
004003FF00010060180758B42D73E305	CM201-1-YS2	中国移动通信集团终端有限公司	3
004101FF0001101001E4000763EAFC87	CM1012	中国移动通信集团终端有限公司	3
004104182091680010000C6ABCFFFF5E	HG680KB_A_IPTV_GS	NULL	32
004201FF310445700005748F1BFE2DD7	MGV2000-UA2		3
0044045CCBCA13101C195CCBCA1D92C8	H10g-13-XW2	NULL	3
004501000001004005D800692D6D0601	CM201-22	NULL	3
004601FF0001061001B154C57A45FEE3	CM201-22	NULL	3
004703000003531000143C0CDB3E86C6	MG100-U2	NULL	eeee
0047030000188750001164E0AB5AD8B7	UNT402A-0U2	NULL	3
004703FF000373100012A8BD3A69FF3F	MG100-U2	咪咕视讯科技有限公司	3
004703FF000373100014A8BD3A69D8DD	MG100-U2	NULL	3
00480300001968001218A4190882197C	HG680KA_A_IPTV_GS	NULL	32
00490300000248800004748F1B21A46F	M301A_UM2		3
004903000003204019297C52593C36AE	MGV2000-J-02	NULL	3
004903FF000248800003748F1BA902E4	M301A_UM_IPTV_GS	NULL	32
004903FF001837800001748F1B4496F5	UNT401H-0U_IPTV_GS	NULL	32
004903FF001837800001748F1B4496F7	UNT401H-0U_IPTV_GS	NULL	32
004903FF001837800001748F1B4496F9	M302A_MQ_IPTV_GS	NULL	32
004903FF001837800001748F1B4496FB	UNT401H-0U2	广东九联科技股份有限公司	3
004903FF001837800001748F1B4496FC	UNT401H-0U2	广东九联科技股份有限公司	3
004903FF001847800001748F1B0D0881	UNT401H-0U2	广东九联科技股份有限公司	3
004903FF001847800001748F1B0D0882	UNT401H-0U2	广东九联科技股份有限公司	3
004903FF001847800001748F1B0D088C	UNT401H-0U2	广东九联科技股份有限公司	3
004903FF001847800001748F1B108D54	UNT401H-0U2	广东九联科技股份有限公司	3
005001FF0001061001AC54C57A235F97	CM201-22	中国移动通信集团终端有限公司	3
005001FF0001061001AC54C57A235F98	CM201-22	中国移动通信集团终端有限公司	3
00500300000351800038748F1BDA58C6	MGV2000-KL_IPTV_GS2	NULL	32
00500300000355500057748F1B0C6B9B	UNT402H_IPTV_GS	NULL	32
00500300000355500058748F1B8897BD	MGV2000-UA_IPTV_GS	NULL	32
00500300000355500058748F1B8897C0	MGV2000-UA_IPTV_GS	NULL	32
00500300000355500058748F1B8897C3	MGV2000-UA_IPTV_GS	NULL	32
00500300000355500058748F1B8897C4	MGV2000-UA_IPTV_GS	NULL	32
00500300000355500058748F1B889849	MGV2000-UA2		3
00500300000355500058748F1B88986D	MGV2000-UA_IPTV_GS	NULL	32
00500300000355500058748F1B88986F	MGV2000-UA_IPTV_GS	NULL	32
00500300000355500058748F1B889875	MGV2000-UA_IPTV_GS	NULL	32
00500300000355500058748F1B88987D	MGV2000-UA_IPTV_GS	NULL	32
00500300000355500058748F1B88987F	MGV2000-UA_IPTV_GS	NULL	32
005101FF00010070111160D21CA9B1CF	CM201-22	中国移动通信集团终端有限公司	3
005101FF00011810111160D21CA9B1E5	CM201-22	NULL	3
005104FF00042020121200692D623178	H10e-12_IPTV_GS	NULL	32
005104FF00042020121200692DB1C371	H10e-12_IPTV_GS	NULL	32
005303FF0002380017030CC655832470	M101_YST_2	中移物联网有限公司	3
005303FF0002380017047868F79467E1	M101_SKYWORTH_2	NULL	3
005403000003431000623C0CDB8C0DE2	MG100-U2	NULL	3
005403FF0034441000010023B8002344	JIUZHOU_PTV-8098-02	四川九州电子科技股份有限公司	3
005503FF0002380017117868F7AA1862	CM201-1-YS2	NULL	3
00550454F6C53030000154F6C58603E8	H10g-13-XW2	NULL	3
005801FF0001005005D300692D37D271	CM211-2_IPTV_GS	NULL	32
005801FF0001005005D300692D37D274	CM211-2_IPTV_GS	NULL	32
005801FF0001005005D300692D37D275	CM211-2_IPTV_GS	NULL	32
005801FF0001005005D300692D37D277	CM211-2_IPTV_GS	NULL	32
005801FF0001005005D300692D37D279	CM211-2_IPTV_GS	NULL	32
005801FF0001005005D300692D37D27A	CM211-2_IPTV_GS	NULL	32
005801FF0001005005D300692D37D27B	CM211-2_IPTV_GS	NULL	32
005801FF0001005005D300692D37D27C	CM211-2_IPTV_GS	NULL	32
005801FF0001005005D300692D37D27D	CM211-2_IPTV_GS	NULL	32
005801FF0001005005D300692D37D27F	CM211-2_IPTV_GS	NULL	32
005801FF0001005005D300692D37D281	CM211-2_IPTV_GS	NULL	32
005801FF0001005005D300692D37D282	CM211-2_IPTV_GS	NULL	32
005801FF0001005005D300692D37D283	CM211-2_IPTV_GS	NULL	32
005801FF0001005005D300692D37D285	CM211-2_IPTV_GS	NULL	32
005801FF0001005005D300692D37D286	CM211-2_IPTV_GS	NULL	32
005801FF0001005005D300692D37D287	CM211-2_IPTV_GS	NULL	32
005801FF0001005005D300692D37D288	CM211-2_IPTV_GS	NULL	3
005801FF0001005005D300692D37D28A	CM211-2_IPTV_GS	NULL	32
005801FF0001005005D300692D37D28C	CM211-2_IPTV_GS	NULL	32
005801FF0001005005D300692D37D28F	CM211-2_IPTV_GS	NULL	32
005801FF0001005005D300692D37D290	CM211-2_IPTV_GS	NULL	32
005801FF0001005005D300692D37D294	CM211-2_IPTV_GS	NULL	32
005801FF0001005005D300692D37D296	CM211-2_IPTV_GS	NULL	32
005801FF0001005005D300692D37D29B	CM211-2_IPTV_GS	NULL	32
005801FF0001005005D300692D37D29C	CM211-2_IPTV_GS	NULL	32
005801FF0001005005D300692D37D29D	CM211-2_IPTV_GS	NULL	32
005801FF0001005005D300692D37D29E	CM211-2_IPTV_GS	NULL	32
005801FF0001005005D300692D37D2A1	CM211-2_IPTV_GS	NULL	32
005801FF0001005005D300692D37D2A4	CM211-2_IPTV_GS	NULL	32
005801FF0001005005D300692D37D2A6	CM211-2_IPTV_GS	NULL	32
005801FF0001005005D300692D37D2A7	CM211-2_IPTV_GS	NULL	32
005801FF0001005005D300692D37D2AA	CM211-2_IPTV_GS	NULL	32
005801FF0001005005D300692D37D2AD	CM211-2_IPTV_GS	NULL	32
005801FF0001005005D300692D37D2B2	CM211-2_IPTV_GS	NULL	32
005801FF0001005005D300692D37D2B3	CM211-2_IPTV_GS	NULL	32
005801FF0001005005D300692D37D2B4	CM211-2_IPTV_GS	NULL	32
005801FF0001005005D300692D37D2B6	CM211-2_IPTV_GS	NULL	32
005801FF0001005005D300692D37D2B8	CM211-2_IPTV_GS	NULL	32
005801FF0001005005D300692D37D2B9	CM211-2_IPTV_GS	NULL	32
005801FF0001005005D300692D37D2BB	CM211-2_IPTV_GS	NULL	32
005801FF0001005005D300692D37D2BD	CM211-2_IPTV_GS	NULL	32
005801FF0001005005D300692D37D2C3	CM211-2_IPTV_GS	NULL	32
005801FF0001005005D300692D37D2C4	CM211-2_IPTV_GS	NULL	32
005801FF0001005005D300692D37D2C6	CM211-2_IPTV_GS	NULL	32
005801FF0001005005D300692D37D2CA	CM211-2_IPTV_GS	NULL	32
005801FF0001005005D300692D37D2CB	CM211-2_IPTV_GS	NULL	32
005801FF0001005005D300692D37D2CC	CM211-2_IPTV_GS	NULL	32
005801FF0001005005D300692D37D2CD	CM211-2_IPTV_GS	NULL	32
005801FF0001005005D300692D37D2CF	CM211-2_IPTV_GS	NULL	32
005801FF0001005005D300692D37D2D0	CM211-2_IPTV_GS	NULL	32
005801FF0001005005D300692D37D2D5	CM211-2_IPTV_GS	NULL	32
005801FF0001005005D300692D37D2DA	CM211-2_IPTV_GS	NULL	32
005801FF0001005005D300692D37D2DD	CM211-2_IPTV_GS	NULL	32
005801FF0001005005D300692D37D2DE	CM211-2_IPTV_GS	NULL	32
005801FF0001005005D300692D37D2DF	CM211-2_IPTV_GS	NULL	32
005801FF0001005005D300692D37D2E1	CM211-2_IPTV_GS	NULL	32
005801FF0001005005D300692D37D2E2	CM211-2_IPTV_GS	NULL	32
005801FF0001005005D300692D37D2E5	CM211-2_IPTV_GS	NULL	32
005801FF0001005005D300692D37D2E9	CM211-2_IPTV_GS	NULL	32
005801FF0001005005D300692D37D2EE	CM211-2_IPTV_GS	NULL	32
005801FF0001005005D300692D37D2EF	CM211-2_IPTV_GS	NULL	32
005801FF0001005005D300692D37D2F0	CM211-2_IPTV_GS	NULL	32
005801FF0001005005D300692D37D2F1	CM211-2_IPTV_GS	NULL	32
005801FF0001005005D300692D37D2F2	CM211-2_IPTV_GS	NULL	32
005801FF0001005005D300692D37D2F5	CM211-2_IPTV_GS	NULL	32
005801FF0001005005D300692D37D2F7	CM211-2_IPTV_GS	NULL	32
005801FF0001005005D300692D37D2FA	CM211-2_IPTV_GS	NULL	32
005801FF0001005005D300692D37D2FC	CM211-2_IPTV_GS	NULL	32
005801FF0001005005D300692D37D2FD	CM211-2_IPTV_GS	NULL	32
005801FF0001005005D300692D37D301	CM211-2_IPTV_GS	NULL	32
005801FF0001005005D300692D37D305	CM211-2_IPTV_GS	NULL	32
005801FF0001005005D300692D37D306	CM211-2_IPTV_GS	NULL	32
005801FF0001005005D300692D37D307	CM211-2_IPTV_GS	NULL	32
005801FF0001005005D300692D37D308	CM211-2_IPTV_GS	NULL	32
005801FF0001005005D300692D37D30D	CM211-2_IPTV_GS	NULL	32
005801FF0001005005D300692D37D310	CM211-2_IPTV_GS	NULL	32
005801FF0001005005D300692D37D312	CM211-2_IPTV_GS	NULL	32
005801FF0001005005D300692D37D313	CM211-2_IPTV_GS	NULL	32
005801FF0001005005D300692D37D314	CM211-2_IPTV_GS	NULL	32
005801FF0001005005D300692D37D317	CM211-2_IPTV_GS	NULL	32
005801FF0001005005D300692D37D318	CM211-2_IPTV_GS	NULL	32
005801FF0001005005D300692D37D31A	CM211-2_IPTV_GS	NULL	32
005801FF0001005005D300692D37D31B	CM211-2_IPTV_GS	NULL	32
005801FF0001005005D300692D37D31C	CM211-2_IPTV_GS	NULL	32
005801FF0001005005D300692D37D31E	CM211-2_IPTV_GS	NULL	32
005801FF0001005005D300692D37D31F	CM211-2_IPTV_GS	NULL	32
005801FF0001005005D300692D37D323	CM211-2_IPTV_GS	NULL	32
005801FF0001005005D300692D37D324	CM211-2_IPTV_GS	NULL	32
005801FF0001005005D300692D37D325	CM211-2_IPTV_GS	NULL	32
005801FF0001005005D300692D37D328	CM211-2_IPTV_GS	NULL	32
005801FF0001005005D300692D37D32A	CM211-2_IPTV_GS	NULL	32
005801FF0001005005D300692D37D32E	CM211-2_IPTV_GS	NULL	32
005801FF0001005005D300692D37D32F	CM211-2_IPTV_GS	NULL	32
005801FF0001005005D300692D37D331	CM211-2_IPTV_GS	NULL	32
005801FF0001005005D300692D37D334	CM211-2_IPTV_GS	NULL	32
005801FF0001005005D300692D37D335	CM211-2_IPTV_GS	NULL	32
005801FF0001005005D300692D37D336	CM211-2_IPTV_GS	NULL	32
005801FF0001005005D300692D37D338	CM211-2_IPTV_GS	NULL	32
005801FF0001005005D300692D37D33A	CM211-2_IPTV_GS	NULL	32
005801FF0001005005D300692D37D33C	CM211-2_IPTV_GS	NULL	32
005801FF0001005005D300692D37D33F	CM211-2_IPTV_GS	中国移动通信集团终端有限公司	32
005801FF0001005005D300692D37D340	CM211-2_IPTV_GS	NULL	32
005801FF0001005005D300692D37D342	CM211-2_IPTV_GS	NULL	32
005801FF0001005005D300692D37D343	CM211-2_IPTV_GS	NULL	32
005801FF0001005005D300692D37D347	CM211-2_IPTV_GS	NULL	32
005801FF0001005005D300692D37D349	CM211-2_IPTV_GS	NULL	32
005801FF0001005005D300692D37D34E	CM211-2_IPTV_GS	NULL	32
005801FF0001005005D300692D37D34F	CM211-2_IPTV_GS	NULL	32
005801FF0001005005D300692D37D351	CM211-2_IPTV_GS	NULL	32
005801FF0001005005D300692D37D353	CM211-2_IPTV_GS	NULL	32
005801FF0001005005D300692D37D357	CM211-2_IPTV_GS	NULL	32
005801FF0001005005D300692D37D359	CM211-2_IPTV_GS	NULL	32
005801FF0001005005D300692D37D35B	CM211-2_IPTV_GS	NULL	32
005801FF0001005005D300692D37D35D	CM211-2_IPTV_GS	NULL	32
005801FF0001005005D300692D37D360	CM211-2_IPTV_GS	NULL	32
005801FF0001005005D300692D37D361	CM211-2_IPTV_GS	NULL	32
005801FF0001005005D300692D37D363	CM211-2_IPTV_GS	NULL	32
005801FF0001005005D300692D37D366	CM211-2_IPTV_GS	NULL	32
005801FF0001005005D300692D37D36A	CM211-2_IPTV_GS	NULL	32
005801FF0001005005D300692D37D36B	CM211-2_IPTV_GS	NULL	32
005801FF0001005005D300692D37D36D	CM211-2_IPTV_GS	NULL	32
005801FF0001005005D300692D37D36E	CM211-2_IPTV_GS	NULL	32
005801FF0001005005D300692D37D36F	CM211-2_IPTV_GS	NULL	32
005801FF0001005005D300692D37D370	CM211-2_IPTV_GS	NULL	32
005801FF0001005005D300692D37D372	CM211-2_IPTV_GS	NULL	32
005801FF0001005005D300692D37D373	CM211-2_IPTV_GS	NULL	32
005801FF0001005005D300692D37D374	CM211-2_IPTV_GS	NULL	32
005801FF0001005005D300692D37D375	CM211-2_IPTV_GS	NULL	32
005801FF0001005005D300692D37D379	CM211-2_IPTV_GS	NULL	32
005801FF0001005005D300692D37D37A	CM211-2_IPTV_GS	NULL	32
005801FF0001005005D300692D37D37C	CM211-2_IPTV_GS	NULL	32
005801FF0001005005D300692D37D37D	CM211-2_IPTV_GS	NULL	32
005801FF0001005005D300692D37D37E	CM211-2_IPTV_GS	NULL	32
005801FF0001005005D300692D37D380	CM211-2_IPTV_GS	NULL	32
005801FF0001005005D300692D37D384	CM211-2_IPTV_GS	NULL	32
005801FF0001005005D300692D37D385	CM211-2_IPTV_GS	NULL	32
005801FF0001005005D300692D37D386	CM211-2_IPTV_GS	NULL	32
005801FF0001005005D300692D37D388	CM211-2_IPTV_GS	NULL	32
005801FF0001005005D300692D37D38D	CM211-2_IPTV_GS	NULL	32
005801FF0001005005D300692D37D391	CM211-2_IPTV_GS	NULL	32
005801FF0001005005D300692D37D392	CM211-2_IPTV_GS	NULL	32
005801FF0001005005D300692D37D394	CM211-2_IPTV_GS	NULL	32
005801FF0001005005D300692D37D397	CM211-2_IPTV_GS	NULL	32
005801FF0001005005D300692D37D398	CM211-2_IPTV_GS	NULL	32
005801FF0001005005D300692D37D39D	CM211-2_IPTV_GS	NULL	32
005801FF0001005005D300692D37D39F	CM211-2_IPTV_GS	NULL	32
005801FF0001005005D300692D37D3A0	CM211-2_IPTV_GS	NULL	32
005801FF0001005005D300692D37D3A1	CM211-2_IPTV_GS	NULL	32
005801FF0001005005D300692D37D3A3	CM211-2_IPTV_GS	NULL	32
005801FF0001005005D300692D37D3A5	CM211-2_IPTV_GS	NULL	32
005801FF0001005005D300692D37D3A7	CM211-2_IPTV_GS	NULL	32
005801FF0001005005D300692D37D3A8	CM211-2_IPTV_GS	NULL	32
005801FF0001005005D300692D37D3A9	CM211-2_IPTV_GS	NULL	32
005801FF0001005005D300692D37D3AC	CM211-2_IPTV_GS	NULL	32
005801FF0001005005D300692D37D3AE	CM211-2_IPTV_GS	NULL	32
005801FF0001005005D300692D37D3B0	CM211-2_IPTV_GS	NULL	32
005801FF0001005005D300692D37D3B1	CM211-2_IPTV_GS	NULL	32
005801FF0001005005D300692D37D3B4	CM211-2_IPTV_GS	NULL	32
005801FF0001005005D300692D37D3B5	CM211-2_IPTV_GS	NULL	32
005801FF0001005005D300692D37D3B6	CM211-2_IPTV_GS	NULL	32
005801FF0001005005D300692D37D3B7	CM211-2_IPTV_GS	NULL	32
005801FF0001005005D300692D37D3B9	CM211-2_IPTV_GS	NULL	32
005801FF0001005005D300692D37D3BA	CM211-2_IPTV_GS	NULL	32
005801FF0001005005D300692D37D3BC	CM211-2_IPTV_GS	NULL	32
005801FF0001005005D300692D37D3C2	CM211-2_IPTV_GS	NULL	32
005801FF0001005005D300692D37D3C4	CM211-2_IPTV_GS	NULL	32
005801FF0001005005D300692D37D3C8	CM211-2_IPTV_GS	NULL	32
005801FF0001005005D300692D37D3CF	CM211-2_IPTV_GS	NULL	32
005801FF0001005005D300692D37D3D0	CM211-2_IPTV_GS	NULL	32
005801FF0001005005D300692D37D3D1	CM211-2_IPTV_GS	NULL	32
005801FF0001005005D300692D37D3D2	CM211-2_IPTV_GS	NULL	32
005801FF0001005005D300692D37D3D5	CM211-2_IPTV_GS	NULL	32
005801FF0001005005D300692D37D3D6	CM211-2_IPTV_GS	NULL	32
005801FF0001005005D300692D37D3D7	CM211-2_IPTV_GS	NULL	32
005801FF0001005005D300692D37D3D9	CM211-2_IPTV_GS	NULL	32
005801FF0001005005D300692D37D3DA	CM211-2_IPTV_GS	NULL	32
005801FF0001005005D300692D37D3DF	CM211-2_IPTV_GS	NULL	32
005801FF0001005005D300692D37D3E0	CM211-2_IPTV_GS	NULL	32
005801FF0001005005D300692D37D3E1	CM211-2_IPTV_GS	NULL	32
005801FF0001005005D300692D37D3E9	CM211-2_IPTV_GS	NULL	32
005801FF0001005005D300692D37D3EA	CM211-2_IPTV_GS	NULL	32
005801FF0001005005D300692D37D3EE	CM211-2_IPTV_GS	NULL	32
005801FF0001005005D300692D37D3EF	CM211-2_IPTV_GS	NULL	32
005801FF0001005005D300692D37D3F0	CM211-2_IPTV_GS	NULL	32
005801FF0001005005D300692D37D3F2	CM211-2_IPTV_GS	NULL	32
005801FF0001005005D300692D37D3F3	CM211-2_IPTV_GS	NULL	32
005801FF0001005005D300692D37D3F4	CM211-2_IPTV_GS	NULL	32
005801FF0001005005D300692D37D3F5	CM211-2_IPTV_GS	NULL	32
005801FF0001005005D300692D37D3F6	CM211-2_IPTV_GS	NULL	32
005801FF0001005005D300692D37D3F7	CM211-2_IPTV_GS	NULL	32
005801FF0001005005D300692D37D3F8	CM211-2_IPTV_GS	NULL	32
005801FF0001005005D300692D37D401	CM211-2_IPTV_GS	NULL	32
005801FF0001005005D300692D37D402	CM211-2_IPTV_GS	NULL	32
005801FF0001005005D300692D37D403	CM211-2_IPTV_GS	NULL	32
005801FF0001005005D300692D37D404	CM211-2_IPTV_GS	NULL	32
005801FF0001005005D300692D37D406	CM211-2_IPTV_GS	NULL	32
005801FF0001005005D300692D37D408	CM211-2_IPTV_GS	NULL	32
005801FF0001005005D300692D37D40A	CM211-2_IPTV_GS	NULL	32
005801FF0001005005D300692D37D40D	CM211-2_IPTV_GS	NULL	32
005801FF0001005005D300692D37D40E	CM211-2_IPTV_GS	NULL	32
005801FF0001005005D300692D37D40F	CM211-2_IPTV_GS	NULL	32
005801FF0001005005D300692D37D411	CM211-2_IPTV_GS	NULL	32
005801FF0001005005D300692D37D412	CM211-2_IPTV_GS	NULL	32
005801FF0001005005D300692D37D413	CM211-2_IPTV_GS	NULL	32
005801FF0001005005D300692D37D414	CM211-2_IPTV_GS	NULL	32
005801FF0001005005D300692D37D415	CM211-2_IPTV_GS	NULL	32
005801FF0001005005D300692D37D418	CM211-2_IPTV_GS	NULL	32
005801FF0001005005D300692D37D419	CM211-2_IPTV_GS	NULL	32
005801FF0001005005D300692D37D41D	CM211-2_IPTV_GS	NULL	32
005801FF0001005005D300692D37D41E	CM211-2_IPTV_GS	NULL	32
005801FF0001005005D300692D37D422	CM211-2_IPTV_GS	NULL	32
005801FF0001005005D300692D37D423	CM211-2_IPTV_GS	NULL	32
005801FF0001005005D300692D37D427	CM211-2_IPTV_GS	NULL	32
005801FF0001005005D300692D37D42A	CM211-2_IPTV_GS	NULL	32
005801FF0001005005D300692D37D42B	CM211-2_IPTV_GS	NULL	32
005801FF0001005005D300692D37D42C	CM211-2_IPTV_GS	NULL	32
005801FF0001005005D300692D37D42F	CM211-2_IPTV_GS	NULL	32
005801FF0001005005D300692D37D432	CM211-2_IPTV_GS	NULL	32
005801FF0001005005D300692D37D433	CM211-2_IPTV_GS	NULL	32
005801FF0001005005D300692D37D436	CM211-2_IPTV_GS	NULL	32
005801FF0001005005D300692D37D437	CM211-2_IPTV_GS	NULL	32
005801FF0001005005D300692D37D43B	CM211-2_IPTV_GS	NULL	32
005801FF0001005005D300692D37D43E	CM211-2_IPTV_GS	NULL	32
005801FF0001005005D300692D37D441	CM211-2_IPTV_GS	NULL	32
005801FF0001005005D300692D37D442	CM211-2_IPTV_GS	NULL	32
005801FF0001005005D300692D37D443	CM211-2_IPTV_GS	NULL	32
005801FF0001005005D300692D37D444	CM211-2_IPTV_GS	NULL	32
005801FF0001005005D300692D37D447	CM211-2_IPTV_GS	NULL	32
005801FF0001005005D300692D37D44C	CM211-2_IPTV_GS	NULL	3
005801FF0001005005D300692D37D44E	CM211-2_IPTV_GS	NULL	32
005801FF0001005005D300692D37D453	CM211-2_IPTV_GS	NULL	32
005801FF0001005005D300692D37D454	CM211-2_IPTV_GS	NULL	32
005801FF0001005005D300692D37D458	CM211-2_IPTV_GS	NULL	32
005801FF0001005005D300692D37D45B	CM211-2_IPTV_GS	NULL	32
005801FF0001005005D300692D37D45D	CM211-2_IPTV_GS	NULL	32
005801FF0001005005D300692D37D45E	CM211-2_IPTV_GS	NULL	32
005801FF0001005005D300692D37D45F	CM211-2_IPTV_GS	NULL	32
005801FF0001005005D300692D37D462	CM211-2_IPTV_GS	NULL	32
005801FF0001005005D300692D37D463	CM211-2_IPTV_GS	NULL	32
005801FF0001005005D300692D37D464	CM211-2_IPTV_GS	NULL	32
005801FF0001005005D300692D37D467	CM211-2_IPTV_GS	NULL	32
005801FF0001005005D300692D37D46B	CM211-2_IPTV_GS	NULL	32
005801FF0001005005D300692D37D46E	CM211-2_IPTV_GS	NULL	32
005801FF0001005005D300692D37D46F	CM211-2_IPTV_GS	NULL	32
005801FF0001005005D300692D37D471	CM211-2_IPTV_GS	NULL	32
005801FF0001005005D300692D37D474	CM211-2_IPTV_GS	NULL	32
005801FF0001005005D300692D37D475	CM211-2_IPTV_GS	NULL	32
005801FF0001005005D300692D37D477	CM211-2_IPTV_GS	NULL	32
005801FF0001005005D300692D37D478	CM211-2_IPTV_GS	NULL	32
005801FF0001005005D300692D37D47A	CM211-2_IPTV_GS	NULL	32
005801FF0001005005D300692D37D47B	CM211-2_IPTV_GS	NULL	32
005801FF0001005005D300692D37D47F	CM211-2_IPTV_GS	NULL	32
005801FF0001005005D300692D37D482	CM211-2_IPTV_GS	NULL	32
005801FF0001005005D300692D37D485	CM211-2_IPTV_GS	NULL	32
005801FF0001005005D300692D37D487	CM211-2_IPTV_GS	NULL	32
005801FF0001005005D300692D37D48D	CM211-2_IPTV_GS	NULL	32
005801FF0001005005D300692D37D48E	CM211-2_IPTV_GS	NULL	32
005801FF0001005005D300692D37D495	CM211-2_IPTV_GS	NULL	32
005801FF0001005005D300692D37D498	CM211-2_IPTV_GS	NULL	32
005801FF0001005005D300692D37D49B	CM211-2_IPTV_GS	NULL	32
005801FF0001005005D300692D37D49C	CM211-2_IPTV_GS	NULL	32
005801FF0001005005D300692D37D49D	CM211-2_IPTV_GS	NULL	32
005801FF0001005005D300692D37D49F	CM211-2_IPTV_GS	NULL	32
005801FF0001005005D300692D37D4A0	CM211-2_IPTV_GS	NULL	32
005801FF0001005005D300692D37D4A1	CM211-2_IPTV_GS	NULL	32
005801FF0001005005D300692D37D4A5	CM211-2_IPTV_GS	NULL	32
005801FF0001005005D300692D37D4A6	CM211-2_IPTV_GS	NULL	32
005801FF0001005005D300692D37D4A8	CM211-2_IPTV_GS	NULL	32
005801FF0001005005D300692D37D4AE	CM211-2_IPTV_GS	NULL	32
005801FF0001005005D300692D37D4B0	CM211-2_IPTV_GS	NULL	32
005801FF0001005005D300692D37D4B6	CM211-2_IPTV_GS	NULL	32
005801FF0001005005D300692D37D4B9	CM211-2_IPTV_GS	NULL	32
005801FF0001005005D300692D37D4BB	CM211-2_IPTV_GS	NULL	32
005801FF0001005005D300692D37D4BC	CM211-2_IPTV_GS	NULL	32
005801FF0001005005D300692D37D4C1	CM211-2_IPTV_GS	NULL	32
005801FF0001005005D300692D37D4C5	CM211-2_IPTV_GS	NULL	32
005801FF0001005005D300692D37D4C6	CM211-2_IPTV_GS	NULL	32
005801FF0001005005D300692D37D4CA	CM211-2_IPTV_GS	NULL	32
005801FF0001005005D300692D37D4CD	CM211-2_IPTV_GS	NULL	32
005801FF0001005005D300692D37D4D0	CM211-2_IPTV_GS	NULL	32
005801FF0001005005D300692D37D4D1	CM211-2_IPTV_GS	NULL	32
005801FF0001005005D300692D37D4D2	CM211-2_IPTV_GS	NULL	32
005801FF0001005005D300692D37D4D6	CM211-2_IPTV_GS	NULL	32
005801FF0001005005D300692D37D4E1	CM211-2_IPTV_GS	NULL	32
005801FF0001005005D300692D37D4E3	CM211-2_IPTV_GS	NULL	32
005801FF0001005005D300692D37D4E7	CM211-2_IPTV_GS	NULL	32
005801FF0001005005D300692D37D4ED	CM211-2_IPTV_GS	NULL	32
005801FF0001005005D300692D37D4EF	CM211-2_IPTV_GS	NULL	32
005801FF0001005005D300692D37D4F1	CM211-2_IPTV_GS	NULL	32
005801FF0001005005D300692D37D4F2	CM211-2_IPTV_GS	NULL	32
005801FF0001005005D300692D37D4F8	CM211-2_IPTV_GS	NULL	32
005801FF0001005005D300692D37D4F9	CM211-2_IPTV_GS	NULL	32
005801FF0001005005D300692D37D4FB	CM211-2_IPTV_GS	NULL	32
005801FF0001005005D300692D37D4FD	CM211-2_IPTV_GS	NULL	32
005801FF0001005005D300692D37D501	CM211-2_IPTV_GS	NULL	32
005801FF0001005005D300692D37D502	CM211-2_IPTV_GS	NULL	32
005801FF0001005005D300692D37D503	CM211-2_IPTV_GS	NULL	32
005801FF0001005005D300692D37D504	CM211-2_IPTV_GS	NULL	32
005801FF0001005005D300692D37D509	CM211-2_IPTV_GS	NULL	32
005801FF0001005005D300692D37D50A	CM211-2_IPTV_GS	NULL	32
005801FF0001005005D300692D37D50B	CM211-2_IPTV_GS	NULL	32
005801FF0001005005D300692D37D50C	CM211-2_IPTV_GS	NULL	32
005801FF0001005005D300692D37D50F	CM211-2_IPTV_GS	NULL	32
005801FF0001005005D300692D37D513	CM211-2_IPTV_GS	NULL	32
005801FF0001005005D300692D37D517	CM211-2_IPTV_GS	NULL	32
005801FF0001005005D300692D37D518	CM211-2_IPTV_GS	NULL	32
005801FF0001005005D300692D37D519	CM211-2_IPTV_GS	NULL	32
005801FF0001005005D300692D37D51B	CM211-2_IPTV_GS	NULL	32
005801FF0001005005D300692D37D51C	CM211-2_IPTV_GS	NULL	32
005801FF0001005005D300692D37D51E	CM211-2_IPTV_GS	NULL	32
005801FF0001005005D300692D37D51F	CM211-2_IPTV_GS	NULL	32
005801FF0001005005D300692D37D520	CM211-2_IPTV_GS	NULL	32
005801FF0001005005D300692D37D524	CM211-2_IPTV_GS	NULL	32
005801FF0001005005D300692D37D525	CM211-2_IPTV_GS	NULL	32
005801FF0001005005D300692D37D526	CM211-2_IPTV_GS	NULL	32
005801FF0001005005D300692D37D529	CM211-2_IPTV_GS	NULL	32
005801FF0001005005D300692D37D52A	CM211-2_IPTV_GS	NULL	32
005801FF0001005005D300692D37D52C	CM211-2_IPTV_GS	NULL	32
005801FF0001005005D300692D37D52F	CM211-2_IPTV_GS	NULL	32
005801FF0001005005D300692D37D530	CM211-2_IPTV_GS	NULL	32
005801FF0001005005D300692D37D534	CM211-2_IPTV_GS	NULL	32
005801FF0001005005D300692D37D536	CM211-2_IPTV_GS	NULL	32
005801FF0001005005D300692D37D538	CM211-2_IPTV_GS	NULL	32
005801FF0001005005D300692D37D539	CM211-2_IPTV_GS	NULL	32
005801FF0001005005D300692D37D53B	CM211-2_IPTV_GS	NULL	32
005801FF0001005005D300692D37D53E	CM211-2_IPTV_GS	NULL	32
005801FF0001005005D300692D37D53F	CM211-2_IPTV_GS	NULL	32
005801FF0001005005D300692D37D540	CM211-2_IPTV_GS	NULL	32
005801FF0001005005D300692D37D541	CM211-2_IPTV_GS	NULL	3
005801FF0001005005D300692D37D543	CM211-2_IPTV_GS	NULL	32
005801FF0001005005D300692D37D545	CM211-2_IPTV_GS	NULL	32
005801FF0001005005D300692D37D546	CM211-2_IPTV_GS	NULL	32
005801FF0001005005D300692D37D548	CM211-2_IPTV_GS	NULL	32
005801FF0001005005D300692D37D54B	CM211-2_IPTV_GS	NULL	32
005801FF0001005005D300692D37D54C	CM211-2_IPTV_GS	NULL	32
005801FF0001005005D300692D37D54D	CM211-2_IPTV_GS	NULL	32
005801FF0001005005D300692D37D54F	CM211-2_IPTV_GS	NULL	32
005801FF0001005005D300692D37D551	CM211-2_IPTV_GS	NULL	32
005801FF0001005005D300692D37D553	CM211-2_IPTV_GS	NULL	32
005801FF0001005005D300692D37D554	CM211-2_IPTV_GS	NULL	32
005801FF0001005005D300692D37D555	CM211-2_IPTV_GS	NULL	32
005801FF0001005005D300692D37D557	CM211-2_IPTV_GS	NULL	32
005801FF0001005005D300692D37D558	CM211-2_IPTV_GS	NULL	32
005801FF0001005005D300692D37D55B	CM211-2_IPTV_GS	NULL	32
005801FF0001005005D300692D37D55D	CM211-2_IPTV_GS	NULL	32
005801FF0001005005D300692D37D55E	CM211-2_IPTV_GS	NULL	32
005801FF0001005005D300692D37D55F	CM211-2_IPTV_GS	NULL	32
005801FF0001005005D300692D37D567	CM211-2_IPTV_GS	NULL	32
005801FF0001005005D300692D37D56D	CM211-2_IPTV_GS	NULL	32
005801FF0001005005D300692D37D56E	CM211-2_IPTV_GS	NULL	32
005801FF0001005005D300692D37D56F	CM211-2_IPTV_GS	NULL	32
005801FF0001005005D300692D37D573	CM211-2_IPTV_GS	NULL	32
005801FF0001005005D300692D37D574	CM211-2_IPTV_GS	NULL	3
005801FF0001005005D300692D37D575	CM211-2_IPTV_GS	NULL	32
005801FF0001005005D300692D37D576	CM211-2_IPTV_GS	NULL	32
005801FF0001005005D300692D37D57D	CM211-2_IPTV_GS	NULL	32
005801FF0001005005D300692D37D57E	CM211-2_IPTV_GS	NULL	32
005801FF0001005005D300692D37D57F	CM211-2_IPTV_GS	NULL	32
005801FF0001005005D300692D37D580	CM211-2_IPTV_GS	NULL	32
005801FF0001005005D300692D37D585	CM211-2_IPTV_GS	NULL	32
005801FF0001005005D300692D37D586	CM211-2_IPTV_GS	NULL	32
005801FF0001005005D300692D37D58D	CM211-2_IPTV_GS	NULL	32
005801FF0001005005D300692D37D58E	CM211-2_IPTV_GS	NULL	32
005801FF0001005005D300692D37D590	CM211-2_IPTV_GS	NULL	32
005801FF0001005005D300692D37D591	CM211-2_IPTV_GS	NULL	32
005801FF0001005005D300692D37D593	CM211-2_IPTV_GS	NULL	32
005801FF0001005005D300692D37D594	CM211-2_IPTV_GS	NULL	32
005801FF0001005005D300692D37D595	CM211-2_IPTV_GS	NULL	32
005801FF0001005005D300692D37D596	CM211-2_IPTV_GS	NULL	32
005801FF0001005005D300692D37D598	CM211-2_IPTV_GS	NULL	32
005801FF0001005005D300692D37D59A	CM211-2_IPTV_GS	NULL	32
005801FF0001005005D300692D37D59C	CM211-2_IPTV_GS	NULL	32
005801FF0001005005D300692D37D59E	CM211-2_IPTV_GS	NULL	32
005801FF0001005005D300692D37D5A2	CM211-2_IPTV_GS	NULL	32
005801FF0001005005D300692D37D5A4	CM211-2_IPTV_GS	NULL	32
005801FF0001005005D300692D37D5A8	CM211-2_IPTV_GS	NULL	32
005801FF0001005005D300692D37D5AA	CM211-2_IPTV_GS	NULL	32
005801FF0001005005D300692D37D5AD	CM211-2_IPTV_GS	NULL	32
005801FF0001005005D300692D37D5AE	CM211-2_IPTV_GS	NULL	32
005801FF0001005005D300692D37D5B1	CM211-2_IPTV_GS	NULL	32
005801FF0001005005D300692D37D5B2	CM211-2_IPTV_GS	NULL	32
005801FF0001005005D300692D37D5B4	CM211-2_IPTV_GS	NULL	32
005801FF0001005005D300692D37D5B5	CM211-2_IPTV_GS	NULL	32
005801FF0001005005D300692D37D5B6	CM211-2_IPTV_GS	NULL	32
005801FF0001005005D300692D37D5BA	CM211-2_IPTV_GS	NULL	32
005801FF0001005005D300692D37D5BB	CM211-2_IPTV_GS	NULL	32
005801FF0001005005D300692D37D5BD	CM211-2_IPTV_GS	NULL	32
005801FF0001005005D300692D37D5BF	CM211-2_IPTV_GS	NULL	32
005801FF0001005005D300692D37D5C0	CM211-2_IPTV_GS	NULL	32
005801FF0001005005D300692D37D5C1	CM211-2_IPTV_GS	NULL	32
005801FF0001005005D300692D37D5C3	CM211-2_IPTV_GS	NULL	32
005801FF0001005005D300692D37D5C5	CM211-2_IPTV_GS	NULL	32
005801FF0001005005D300692D37D5C6	CM211-2_IPTV_GS	NULL	32
005801FF0001005005D300692D37D5CA	CM211-2_IPTV_GS	NULL	32
005801FF0001005005D300692D37D5CB	CM211-2_IPTV_GS	NULL	32
005801FF0001005005D300692D37D5CD	CM211-2_IPTV_GS	NULL	32
005801FF0001005005D300692D37D5D2	CM211-2_IPTV_GS	NULL	32
005801FF0001005005D300692D37D5D3	CM211-2_IPTV_GS	NULL	32
005801FF0001005005D300692D37D5D4	CM211-2_IPTV_GS	NULL	32
005801FF0001005005D300692D37D5D8	CM211-2_IPTV_GS	NULL	32
005801FF0001005005D300692D37D5DA	CM211-2_IPTV_GS	NULL	32
005801FF0001005005D300692D37D5DD	CM211-2_IPTV_GS	NULL	32
005801FF0001005005D300692D37D5DF	CM211-2_IPTV_GS	NULL	32
005801FF0001005005D300692D37D5E0	CM211-2_IPTV_GS	NULL	32
005801FF0001005005D300692D37D5E3	CM211-2_IPTV_GS	NULL	32
005801FF0001005005D300692D37D5E7	CM211-2_IPTV_GS	NULL	32
005801FF0001005005D300692D37D5E8	CM211-2_IPTV_GS	NULL	32
005801FF0001005005D300692D37D5E9	CM211-2_IPTV_GS	NULL	32
005801FF0001005005D300692D37D5EE	CM211-2_IPTV_GS	NULL	32
005801FF0001005005D300692D37D5F1	CM211-2_IPTV_GS	NULL	32
005801FF0001005005D300692D37D5F3	CM211-2_IPTV_GS	NULL	32
005801FF0001005005D300692D37D5F4	CM211-2_IPTV_GS	NULL	32
005801FF0001005005D300692D37D5F5	CM211-2_IPTV_GS	NULL	32
005801FF0001005005D300692D37D5FA	CM211-2_IPTV_GS	NULL	32
005801FF0001005005D300692D37D5FD	CM211-2_IPTV_GS	NULL	32
005801FF0001005005D300692D37D604	CM211-2_IPTV_GS	NULL	32
005801FF0001005005D300692D37D606	CM211-2_IPTV_GS	NULL	32
005801FF0001005005D300692D37D609	CM211-2_IPTV_GS	NULL	32
005801FF0001005005D300692D37D60B	CM211-2_IPTV_GS	NULL	32
005801FF0001005005D300692D37D60C	CM211-2_IPTV_GS	NULL	32
005801FF0001005005D300692D37D60F	CM211-2_IPTV_GS	NULL	32
005801FF0001005005D300692D37D611	CM211-2_IPTV_GS	NULL	32
005801FF0001005005D300692D37D612	CM211-2_IPTV_GS	NULL	32
005801FF0001005005D300692D37D616	CM211-2_IPTV_GS	NULL	32
005801FF0001005005D300692D37D619	CM211-2_IPTV_GS	NULL	32
005801FF0001005005D300692D37D61A	CM211-2_IPTV_GS	NULL	32
005801FF0001005005D300692D37D61D	CM211-2_IPTV_GS	NULL	32
005801FF0001005005D300692D37D620	CM211-2_IPTV_GS	NULL	32
005801FF0001005005D300692D37D626	CM211-2_IPTV_GS	NULL	32
005801FF0001005005D300692D37D628	CM211-2_IPTV_GS	NULL	32
005801FF0001005005D300692D37D629	CM211-2_IPTV_GS	NULL	32
005801FF0001005005D300692D37D62F	CM211-2_IPTV_GS	NULL	32
005801FF0001005005D300692D37D631	CM211-2_IPTV_GS	NULL	32
005801FF0001005005D300692D37D632	CM211-2_IPTV_GS	NULL	32
005801FF0001005005D300692D37D633	CM211-2_IPTV_GS	NULL	32
005801FF0001005005D300692D37D635	CM211-2_IPTV_GS	NULL	32
005801FF0001005005D300692D37D636	CM211-2_IPTV_GS	NULL	32
005801FF0001005005D300692D37D63F	CM211-2_IPTV_GS	NULL	32
005801FF0001005005D300692D37D641	CM211-2_IPTV_GS	NULL	32
005801FF0001005005D300692D37D643	CM211-2_IPTV_GS	NULL	32
005801FF0001005005D300692D37D644	CM211-2_IPTV_GS	NULL	32
005801FF0001005005D300692D37D646	CM211-2_IPTV_GS	NULL	32
005801FF0001005005D300692D37D648	CM211-2_IPTV_GS	NULL	32
005801FF0001005005D300692D37D64B	CM211-2_IPTV_GS	NULL	32
005801FF0001005005D300692D37D64D	CM211-2_IPTV_GS	NULL	32
005801FF0001005005D300692D37D650	CM211-2_IPTV_GS	NULL	32
005801FF0001005005D300692D37D655	CM211-2_IPTV_GS	NULL	32
005801FF0001005005D300692D37D657	CM211-2_IPTV_GS	NULL	32
005801FF0001005005D300692D37D65A	CM211-2_IPTV_GS	NULL	32
005801FF0001005005D300692D37D65C	CM211-2_IPTV_GS	NULL	32
005801FF0001005005D300692D37D65D	CM211-2_IPTV_GS	NULL	32
005801FF0001005005D300692D37D65F	CM211-2_IPTV_GS	NULL	32
005801FF0001005005D300692D37D660	CM211-2_IPTV_GS	NULL	32
005801FF0001005005D300692D37D663	CM211-2_IPTV_GS	NULL	32
005801FF0001005005D300692D37D664	CM211-2_IPTV_GS	NULL	32
005801FF0001005005D300692D37D665	CM211-2_IPTV_GS	NULL	32
005801FF0001005005D300692D37D666	CM211-2_IPTV_GS	NULL	32
005801FF0001005005D300692D37D667	CM211-2_IPTV_GS	NULL	32
005801FF0001005005D300692D37D66A	CM211-2_IPTV_GS	NULL	32
005801FF0001005005D300692D37D66D	CM211-2_IPTV_GS	NULL	32
005801FF0001005005D300692D37D670	CM211-2_IPTV_GS	NULL	32
005801FF0001005005D300692D37D672	CM211-2_IPTV_GS	NULL	32
005801FF0001005005D300692D37D674	CM211-2_IPTV_GS	NULL	32
005801FF0001005005D300692D37D678	CM211-2_IPTV_GS	NULL	32
005801FF0001005005D300692D37D67A	CM211-2_IPTV_GS	NULL	32
005801FF0001005005D300692D37D67B	CM211-2_IPTV_GS	NULL	32
005801FF0001005005D300692D37D67C	CM211-2_IPTV_GS	NULL	32
005801FF0001005005D300692D37D67D	CM211-2_IPTV_GS	NULL	32
005801FF0001005005D300692D37D684	CM211-2_IPTV_GS	NULL	32
005801FF0001005005D300692D37D685	CM211-2_IPTV_GS	NULL	32
005801FF0001005005D300692D37D687	CM211-2_IPTV_GS	NULL	32
005801FF0001005005D300692D37D68A	CM211-2_IPTV_GS	NULL	32
005801FF0001005005D300692D37D68B	CM211-2_IPTV_GS	NULL	32
005801FF0001005005D300692D37D68C	CM211-2_IPTV_GS	NULL	32
005801FF0001005005D300692D37D68E	CM211-2_IPTV_GS	NULL	32
005801FF0001005005D300692D37D690	CM211-2_IPTV_GS	NULL	32
005801FF0001005005D300692D37D698	CM211-2_IPTV_GS	NULL	32
005801FF0001005005D300692D37D699	CM211-2_IPTV_GS	NULL	32
005801FF0001005005D300692D37D69B	CM211-2_IPTV_GS	NULL	32
005801FF0001005005D300692D37D69C	CM211-2_IPTV_GS	NULL	32
005801FF0001005005D300692D37D69F	CM211-2_IPTV_GS	NULL	32
005801FF0001005005D300692D37D6A0	CM211-2_IPTV_GS	NULL	32
005801FF0001005005D300692D37D6A1	CM211-2_IPTV_GS	NULL	32
005801FF0001005005D300692D37D6A2	CM211-2_IPTV_GS	NULL	32
005801FF0001005005D300692D37D6A3	CM211-2_IPTV_GS	NULL	32
005801FF0001005005D300692D37D6A6	CM211-2_IPTV_GS	NULL	32
005801FF0001005005D300692D37D6A7	CM211-2_IPTV_GS	NULL	32
005801FF0001005005D300692D37D6A8	CM211-2_IPTV_GS	NULL	32
005801FF0001005005D300692D37D6AA	CM211-2_IPTV_GS	NULL	32
005801FF0001005005D300692D37D6AB	CM211-2_IPTV_GS	NULL	32
005801FF0001005005D300692D37D6AD	CM211-2_IPTV_GS	NULL	32
005801FF0001005005D300692D37D6AE	CM211-2_IPTV_GS	NULL	32
005801FF0001005005D300692D37D6AF	CM211-2_IPTV_GS	NULL	32
005801FF0001005005D300692D37D6B0	CM211-2_IPTV_GS	NULL	32
005801FF0001005005D300692D37D6B4	CM211-2_IPTV_GS	NULL	32
005801FF0001005005D300692D37D6B6	CM211-2_IPTV_GS	NULL	32
005801FF0001005005D300692D37D6B9	CM211-2_IPTV_GS	NULL	32
005801FF0001005005D300692D37D6BF	CM211-2_IPTV_GS	NULL	32
005801FF0001005005D300692D37D6C1	CM211-2_IPTV_GS	NULL	32
005801FF0001005005D300692D37D6C2	CM211-2_IPTV_GS	NULL	32
005801FF0001005005D300692D37D6C4	CM211-2_IPTV_GS	NULL	32
005801FF0001005005D300692D37D6C7	CM211-2_IPTV_GS	NULL	32
005801FF0001005005D300692D37D6C8	CM211-2_IPTV_GS	NULL	32
005801FF0001005005D300692D37D6CD	CM211-2_IPTV_GS	NULL	32
005801FF0001005005D300692D37D6D2	CM211-2_IPTV_GS	NULL	32
005801FF0001005005D300692D37D6D3	CM211-2_IPTV_GS	NULL	32
005801FF0001005005D300692D37D6D5	CM211-2_IPTV_GS	NULL	32
005801FF0001005005D300692D37D6D6	CM211-2_IPTV_GS	NULL	32
005801FF0001005005D300692D37D6D8	CM211-2_IPTV_GS	NULL	32
005801FF0001005005D300692D37D6D9	CM211-2_IPTV_GS	NULL	32
005801FF0001005005D300692D37D6DC	CM211-2_IPTV_GS	NULL	32
005801FF0001005005D300692D37D6DD	CM211-2_IPTV_GS	NULL	32
005801FF0001005005D300692D37D6DF	CM211-2_IPTV_GS	NULL	32
005801FF0001005005D300692D37D6E0	CM211-2_IPTV_GS	NULL	32
005801FF0001005005D300692D37D6E3	CM211-2_IPTV_GS	NULL	32
005801FF0001005005D300692D37D6E5	CM211-2_IPTV_GS	NULL	32
005801FF0001005005D300692D37D6E7	CM211-2_IPTV_GS	NULL	32
005801FF0001005005D300692D37D6EB	CM211-2_IPTV_GS	NULL	32
005801FF0001005005D300692D37D6EF	CM211-2_IPTV_GS	NULL	32
005801FF0001005005D300692D37D6F3	CM211-2_IPTV_GS	NULL	32
005801FF0001005005D300692D37D6F5	CM211-2_IPTV_GS	NULL	32
005801FF0001005005D300692D37D6F8	CM211-2_IPTV_GS	NULL	32
005801FF0001005005D300692D37D6F9	CM211-2_IPTV_GS	NULL	32
005801FF0001005005D300692D37D6FF	CM211-2_IPTV_GS	NULL	32
005801FF0001005005D300692D37D702	CM211-2_IPTV_GS	NULL	32
005801FF0001005005D300692D37D705	CM211-2_IPTV_GS	NULL	32
005801FF0001005005D300692D37D708	CM211-2_IPTV_GS	NULL	32
005801FF0001005005D300692D37D70C	CM211-2_IPTV_GS	NULL	32
005801FF0001005005D300692D37D70D	CM211-2_IPTV_GS	NULL	32
005801FF0001005005D300692D37D713	CM211-2_IPTV_GS	NULL	32
005801FF0001005005D300692D37D717	CM211-2_IPTV_GS	NULL	32
005801FF0001005005D300692D37D719	CM211-2_IPTV_GS	NULL	32
005801FF0001005005D300692D37D71A	CM211-2_IPTV_GS	NULL	32
005801FF0001005005D300692D37D71B	CM211-2_IPTV_GS	NULL	32
005801FF0001005005D300692D37D71C	CM211-2_IPTV_GS	NULL	32
005801FF0001005005D300692D37D71E	CM211-2_IPTV_GS	NULL	32
005801FF0001005005D300692D37D722	CM211-2_IPTV_GS	NULL	32
005801FF0001005005D300692D37D724	CM211-2_IPTV_GS	NULL	32
005801FF0001005005D300692D37D725	CM211-2_IPTV_GS	NULL	32
005801FF0001005005D300692D37D726	CM211-2_IPTV_GS	NULL	32
005801FF0001005005D300692D37D728	CM211-2_IPTV_GS	NULL	32
005801FF0001005005D300692D37D729	CM211-2_IPTV_GS	NULL	32
005801FF0001005005D300692D37D72A	CM211-2_IPTV_GS	NULL	32
005801FF0001005005D300692D37D731	CM211-2_IPTV_GS	NULL	32
005801FF0001005005D300692D37D732	CM211-2_IPTV_GS	NULL	32
005801FF0001005005D300692D37D734	CM211-2_IPTV_GS	NULL	32
005801FF0001005005D300692D37D735	CM211-2_IPTV_GS	NULL	32
005801FF0001005005D300692D37D736	CM211-2_IPTV_GS	NULL	32
005801FF0001005005D300692D37D737	CM211-2_IPTV_GS	NULL	32
005801FF0001005005D300692D37D73E	CM211-2_IPTV_GS	NULL	32
005801FF0001005005D300692D37D748	CM211-2_IPTV_GS	NULL	32
005801FF0001005005D300692D37D74A	CM211-2_IPTV_GS	NULL	32
005801FF0001005005D300692D37D74E	CM211-2_IPTV_GS	NULL	32
005801FF0001005005D300692D37D754	CM211-2_IPTV_GS	NULL	32
005801FF0001005005D300692D37D757	CM211-2_IPTV_GS	NULL	32
005801FF0001005005D300692D37D75B	CM211-2_IPTV_GS	NULL	32
005801FF0001005005D300692D37D75D	CM211-2_IPTV_GS	NULL	32
005801FF0001005005D300692D37D761	CM211-2_IPTV_GS	NULL	32
005801FF0001005005D300692D37D766	CM211-2_IPTV_GS	NULL	32
005801FF0001005005D300692D37D767	CM211-2_IPTV_GS	NULL	32
005801FF0001005005D300692D37D76C	CM211-2_IPTV_GS	NULL	32
005801FF0001005005D300692D37D76D	CM211-2_IPTV_GS	NULL	32
005801FF0001005005D300692D37D76E	CM211-2_IPTV_GS	NULL	32
005801FF0001005005D300692D37D76F	CM211-2_IPTV_GS	NULL	32
005801FF0001005005D300692D37D770	CM211-2_IPTV_GS	NULL	32
005801FF0001005005D300692D37D776	CM211-2_IPTV_GS	NULL	32
005801FF0001005005D300692D37D778	CM211-2_IPTV_GS	NULL	32
005801FF0001005005D300692D37D77B	CM211-2_IPTV_GS	NULL	32
005801FF0001005005D300692D37D77D	CM211-2_IPTV_GS	NULL	32
005801FF0001005005D300692D37D77E	CM211-2_IPTV_GS	NULL	32
005801FF0001005005D300692D37D781	CM211-2_IPTV_GS	NULL	32
005801FF0001005005D300692D37D785	CM211-2_IPTV_GS	NULL	32
005801FF0001005005D300692D37D787	CM211-2_IPTV_GS	NULL	32
005801FF0001005005D300692D37D789	CM211-2_IPTV_GS	NULL	32
005801FF0001005005D300692D37D78D	CM211-2_IPTV_GS	NULL	32
005801FF0001005005D300692D37D78E	CM211-2_IPTV_GS	NULL	32
005801FF0001005005D300692D37D790	CM211-2_IPTV_GS	NULL	32
005801FF0001005005D300692D37D795	CM211-2_IPTV_GS	NULL	32
005801FF0001005005D300692D37D797	CM211-2_IPTV_GS	NULL	32
005801FF0001005005D300692D37D79B	CM211-2_IPTV_GS	NULL	32
005801FF0001005005D300692D37D79C	CM211-2_IPTV_GS	NULL	32
005801FF0001005005D300692D37D79D	CM211-2_IPTV_GS	NULL	32
005801FF0001005005D300692D37D79F	CM211-2_IPTV_GS	NULL	32
005801FF0001005005D300692D37D7A1	CM211-2_IPTV_GS	NULL	32
005801FF0001005005D300692D37D7A2	CM211-2_IPTV_GS	NULL	32
005801FF0001005005D300692D37D7AA	CM211-2_IPTV_GS	NULL	32
005801FF0001005005D300692D37D7AD	CM211-2_IPTV_GS	NULL	32
005801FF0001005005D300692D37D7B2	CM211-2_IPTV_GS	NULL	32
005801FF0001005005D300692D37D7B3	CM211-2_IPTV_GS	NULL	32
005801FF0001005005D300692D37D7B4	CM211-2_IPTV_GS	NULL	32
005801FF0001005005D300692D37D7B5	CM211-2_IPTV_GS	NULL	32
005801FF0001005005D300692D37D7B6	CM211-2_IPTV_GS	NULL	32
005801FF0001005005D300692D37D7BA	CM211-2_IPTV_GS	NULL	32
005801FF0001005005D300692D37D7BB	CM211-2_IPTV_GS	NULL	32
005801FF0001005005D300692D37D7BC	CM211-2_IPTV_GS	NULL	32
005801FF0001005005D300692D37D7BD	CM211-2_IPTV_GS	NULL	32
005801FF0001005005D300692D37D7BE	CM211-2_IPTV_GS	NULL	32
005801FF0001005005D300692D37D7C1	CM211-2_IPTV_GS	NULL	32
005801FF0001005005D300692D37D7C2	CM211-2_IPTV_GS	NULL	32
005801FF0001005005D300692D37D7C3	CM211-2_IPTV_GS	NULL	32
005801FF0001005005D300692D37D7C7	CM211-2_IPTV_GS	NULL	32
005801FF0001005005D300692D37D7CB	CM211-2_IPTV_GS	NULL	32
005801FF0001005005D300692D37D7CC	CM211-2_IPTV_GS	NULL	32
005801FF0001005005D300692D37D7CD	CM211-2_IPTV_GS	NULL	32
005801FF0001005005D300692D37D7CE	CM211-2_IPTV_GS	NULL	32
005801FF0001005005D300692D37D7D0	CM211-2_IPTV_GS	NULL	32
005801FF0001005005D300692D37D7D1	CM211-2_IPTV_GS	NULL	32
005801FF0001005005D300692D37D7D5	CM211-2_IPTV_GS	NULL	32
005801FF0001005005D300692D37D7D8	CM211-2_IPTV_GS	NULL	32
005801FF0001005005D300692D37D7D9	CM211-2_IPTV_GS	NULL	32
005801FF0001005005D300692D37D7DB	CM211-2_IPTV_GS	NULL	32
005801FF0001005005D300692D37D7DC	CM211-2_IPTV_GS	NULL	32
005801FF0001005005D300692D37D7E0	CM211-2_IPTV_GS	NULL	32
005801FF0001005005D300692D37D7E2	CM211-2_IPTV_GS	NULL	32
005801FF0001005005D300692D37D7E3	CM211-2_IPTV_GS	NULL	32
005801FF0001005005D300692D37D7E6	CM211-2_IPTV_GS	NULL	32
005801FF0001005005D300692D37D7EE	CM211-2_IPTV_GS	NULL	32
005801FF0001005005D300692D37D7F6	CM211-2_IPTV_GS	NULL	32
005801FF0001005005D300692D37D7F8	CM211-2_IPTV_GS	NULL	32
005801FF0001005005D300692D37D7FA	CM211-2_IPTV_GS	NULL	32
005801FF0001005005D300692D37D7FC	CM211-2_IPTV_GS	NULL	32
005801FF0001005005D300692D37D7FD	CM211-2_IPTV_GS	NULL	32
005801FF0001005005D300692D37D7FF	CM211-2_IPTV_GS	NULL	32
005801FF0001005005D300692D37D809	CM211-2_IPTV_GS	NULL	32
005801FF0001005005D300692D37D80C	CM211-2_IPTV_GS	NULL	32
005801FF0001005005D300692D37D810	CM211-2_IPTV_GS	NULL	32
005801FF0001005005D300692D37D813	CM211-2_IPTV_GS	NULL	32
005801FF0001005005D300692D37D814	CM211-2_IPTV_GS	NULL	32
005801FF0001005005D300692D37D815	CM211-2_IPTV_GS	NULL	32
005801FF0001005005D300692D37D819	CM211-2_IPTV_GS	NULL	32
005801FF0001005005D300692D37D81A	CM211-2_IPTV_GS	NULL	32
005801FF0001005005D300692D37D81B	CM211-2_IPTV_GS	NULL	32
005801FF0001005005D300692D37D81D	CM211-2_IPTV_GS	NULL	32
005801FF0001005005D300692D37D81F	CM211-2_IPTV_GS	NULL	32
005801FF0001005005D300692D37D821	CM211-2_IPTV_GS	NULL	32
005801FF0001005005D300692D37D823	CM211-2_IPTV_GS	NULL	32
005801FF0001005005D300692D37D824	CM211-2_IPTV_GS	NULL	32
005801FF0001005005D300692D37D826	CM211-2_IPTV_GS	NULL	32
005801FF0001005005D300692D37D829	CM211-2_IPTV_GS	NULL	32
005801FF0001005005D300692D37D82B	CM211-2_IPTV_GS	NULL	32
005801FF0001005005D300692D37D831	CM211-2_IPTV_GS	NULL	32
005801FF0001005005D300692D37D833	CM211-2_IPTV_GS	NULL	32
005801FF0001005005D300692D37D835	CM211-2_IPTV_GS	NULL	32
005801FF0001005005D300692D37D838	CM211-2_IPTV_GS	NULL	32
005801FF0001005005D300692D37D83C	CM211-2_IPTV_GS	NULL	32
005801FF0001005005D300692D37D83E	CM211-2_IPTV_GS	NULL	32
005801FF0001005005D300692D37D83F	CM211-2_IPTV_GS	NULL	32
005801FF0001005005D300692D37D840	CM211-2_IPTV_GS	NULL	32
005801FF0001005005D300692D37D841	CM211-2_IPTV_GS	NULL	3
005801FF0001005005D300692D37D843	CM211-2_IPTV_GS	NULL	32
005801FF0001005005D300692D37D844	CM211-2_IPTV_GS	NULL	32
005801FF0001005005D300692D37D845	CM211-2_IPTV_GS	NULL	32
005801FF0001005005D300692D37D846	CM211-2_IPTV_GS	NULL	32
005801FF0001005005D300692D37D847	CM211-2_IPTV_GS	NULL	32
005801FF0001005005D300692D37D848	CM211-2_IPTV_GS	NULL	32
005801FF0001005005D300692D37D84A	CM211-2_IPTV_GS	NULL	32
005801FF0001005005D300692D37D84C	CM211-2_IPTV_GS	NULL	32
005801FF0001005005D300692D37D84D	CM211-2_IPTV_GS	NULL	32
005801FF0001005005D300692D37D852	CM211-2_IPTV_GS	NULL	32
005801FF0001005005D300692D37D853	CM211-2_IPTV_GS	NULL	32
005801FF0001005005D300692D37D854	CM211-2_IPTV_GS	NULL	32
005801FF0001005005D300692D37D855	CM211-2_IPTV_GS	NULL	32
005801FF0001005005D300692D37D856	CM211-2_IPTV_GS	NULL	32
005801FF0001005005D300692D37D857	CM211-2_IPTV_GS	NULL	32
005801FF0001005005D300692D37D85C	CM211-2_IPTV_GS	NULL	32
005801FF0001005005D300692D37D860	CM211-2_IPTV_GS	NULL	32
005801FF0001005005D300692D37D865	CM211-2_IPTV_GS	NULL	32
005801FF0001005005D300692D37D867	CM211-2_IPTV_GS	NULL	32
005801FF0001005005D300692D37D869	CM211-2_IPTV_GS	NULL	32
005801FF0001005005D300692D37D86E	CM211-2_IPTV_GS	NULL	32
005801FF0001005005D300692D37D870	CM211-2_IPTV_GS	NULL	32
005801FF0001005005D300692D37D873	CM211-2_IPTV_GS	NULL	32
005801FF0001005005D300692D37D874	CM211-2_IPTV_GS	NULL	32
005801FF0001005005D300692D37D876	CM211-2_IPTV_GS	NULL	32
005801FF0001005005D300692D37D877	CM211-2_IPTV_GS	NULL	32
005801FF0001005005D300692D37D87E	CM211-2_IPTV_GS	NULL	32
005801FF0001005005D300692D37D87F	CM211-2_IPTV_GS	NULL	32
005801FF0001005005D300692D37D881	CM211-2_IPTV_GS	NULL	32
005801FF0001005005D300692D37D883	CM211-2_IPTV_GS	NULL	32
005801FF0001005005D300692D37D884	CM211-2_IPTV_GS	NULL	32
005801FF0001005005D300692D37D886	CM211-2_IPTV_GS	NULL	32
005801FF0001005005D300692D37D887	CM211-2_IPTV_GS	NULL	32
005801FF0001005005D300692D37D88A	CM211-2_IPTV_GS	NULL	32
005801FF0001005005D300692D37D88D	CM211-2_IPTV_GS	NULL	32
005801FF0001005005D300692D37D88F	CM211-2_IPTV_GS	NULL	32
005801FF0001005005D300692D37D894	CM211-2_IPTV_GS	NULL	32
005801FF0001005005D300692D37D895	CM211-2_IPTV_GS	NULL	32
005801FF0001005005D300692D37D898	CM211-2_IPTV_GS	NULL	32
005801FF0001005005D300692D37D89A	CM211-2_IPTV_GS	NULL	32
005801FF0001005005D300692D37D89F	CM211-2_IPTV_GS	NULL	32
005801FF0001005005D300692D37D8A2	CM211-2_IPTV_GS	NULL	32
005801FF0001005005D300692D37D8A3	CM211-2_IPTV_GS	NULL	32
005801FF0001005005D300692D37D8A4	CM211-2_IPTV_GS	NULL	32
005801FF0001005005D300692D37D8A5	CM211-2_IPTV_GS	NULL	32
005801FF0001005005D300692D37D8A9	CM211-2_IPTV_GS	NULL	32
005801FF0001005005D300692D37D8AD	CM211-2_IPTV_GS	NULL	32
005801FF0001005005D300692D37D8AE	CM211-2_IPTV_GS	NULL	32
005801FF0001005005D300692D37D8B3	CM211-2_IPTV_GS	NULL	32
005801FF0001005005D300692D37D8B4	CM211-2_IPTV_GS	NULL	32
005801FF0001005005D300692D37D8B7	CM211-2_IPTV_GS	NULL	32
005801FF0001005005D300692D37D8B8	CM211-2_IPTV_GS	NULL	32
005801FF0001005005D300692D37D8B9	CM211-2_IPTV_GS	NULL	32
005801FF0001005005D300692D37D8BB	CM211-2_IPTV_GS	NULL	32
005801FF0001005005D300692D37D8BD	CM211-2_IPTV_GS	NULL	32
005801FF0001005005D300692D37D8BE	CM211-2_IPTV_GS	NULL	32
005801FF0001005005D300692D37D8BF	CM211-2_IPTV_GS	NULL	32
005801FF0001005005D300692D37D8C0	CM211-2_IPTV_GS	NULL	32
005801FF0001005005D300692D37D8C3	CM211-2_IPTV_GS	NULL	32
005801FF0001005005D300692D37D8C8	CM211-2_IPTV_GS	NULL	32
005801FF0001005005D300692D37D8CB	CM211-2_IPTV_GS	NULL	32
005801FF0001005005D300692D37D8CE	CM211-2_IPTV_GS	NULL	32
005801FF0001005005D300692D37D8D2	CM211-2_IPTV_GS	NULL	32
005801FF0001005005D300692D37D8D3	CM211-2_IPTV_GS	NULL	32
005801FF0001005005D300692D37D8D4	CM211-2_IPTV_GS	NULL	32
005801FF0001005005D300692D37D8D8	CM211-2_IPTV_GS	NULL	32
005801FF0001005005D300692D37D8D9	CM211-2_IPTV_GS	NULL	32
005801FF0001005005D300692D37D8DA	CM211-2_IPTV_GS	NULL	32
005801FF0001005005D300692D37D8DC	CM211-2_IPTV_GS	NULL	32
005801FF0001005005D300692D37D8DD	CM211-2_IPTV_GS	NULL	32
005801FF0001005005D300692D37D8DE	CM211-2_IPTV_GS	NULL	32
005801FF0001005005D300692D37D8E5	CM211-2_IPTV_GS	NULL	32
005801FF0001005005D300692D37D8E7	CM211-2_IPTV_GS	NULL	32
005801FF0001005005D300692D37D8EF	CM211-2_IPTV_GS	NULL	32
005801FF0001005005D300692D37D8F0	CM211-2_IPTV_GS	NULL	32
005801FF0001005005D300692D37D8F2	CM211-2_IPTV_GS	NULL	32
005801FF0001005005D300692D37D8F6	CM211-2_IPTV_GS	NULL	32
005801FF0001005005D300692D37D8F7	CM211-2_IPTV_GS	NULL	32
005801FF0001005005D300692D37D8F8	CM211-2_IPTV_GS	NULL	32
005801FF0001005005D300692D37D8F9	CM211-2_IPTV_GS	NULL	32
005801FF0001005005D300692D37D8FA	CM211-2_IPTV_GS	NULL	32
005801FF0001005005D300692D37D8FC	CM211-2_IPTV_GS	NULL	32
005801FF0001005005D300692D37D8FD	CM211-2_IPTV_GS	NULL	32
005801FF0001005005D300692D37D900	CM211-2_IPTV_GS	NULL	32
005801FF0001005005D300692D37D903	CM211-2_IPTV_GS	NULL	32
005801FF0001005005D300692D37D905	CM211-2_IPTV_GS	NULL	32
005801FF0001005005D300692D37D907	CM211-2_IPTV_GS	NULL	32
005801FF0001005005D300692D37D908	CM211-2_IPTV_GS	NULL	32
005801FF0001005005D300692D37D90A	CM211-2_IPTV_GS	NULL	32
005801FF0001005005D300692D37D90E	CM211-2_IPTV_GS	NULL	32
005801FF0001005005D300692D37D910	CM211-2_IPTV_GS	NULL	32
005801FF0001005005D300692D37D914	CM211-2_IPTV_GS	NULL	32
005801FF0001005005D300692D37D918	CM211-2_IPTV_GS	NULL	32
005801FF0001005005D300692D37D91C	CM211-2_IPTV_GS	NULL	32
005801FF0001005005D300692D37D91D	CM211-2_IPTV_GS	NULL	32
005801FF0001005005D300692D37D91E	CM211-2_IPTV_GS	NULL	32
005801FF0001005005D300692D37D920	CM211-2_IPTV_GS	NULL	32
005801FF0001005005D300692D37D923	CM211-2_IPTV_GS	NULL	32
005801FF0001005005D300692D37D926	CM211-2_IPTV_GS	NULL	32
005801FF0001005005D300692D37D929	CM211-2_IPTV_GS	NULL	32
005801FF0001005005D300692D37D92B	CM211-2_IPTV_GS	NULL	32
005801FF0001005005D300692D37D92D	CM211-2_IPTV_GS	NULL	32
005801FF0001005005D300692D37D932	CM211-2_IPTV_GS	NULL	32
005801FF0001005005D300692D37D934	CM211-2_IPTV_GS	NULL	32
005801FF0001005005D300692D37D935	CM211-2_IPTV_GS	NULL	32
005801FF0001005005D300692D37D938	CM211-2_IPTV_GS	NULL	32
005801FF0001005005D300692D37D939	CM211-2_IPTV_GS	NULL	32
005801FF0001005005D300692D37D93C	CM211-2_IPTV_GS	NULL	32
005801FF0001005005D300692D37D93F	CM211-2_IPTV_GS	NULL	32
005801FF0001005005D300692D37D941	CM211-2_IPTV_GS	NULL	32
005801FF0001005005D300692D37D944	CM211-2_IPTV_GS	NULL	32
005801FF0001005005D300692D37D946	CM211-2_IPTV_GS	NULL	32
005801FF0001005005D300692D37D948	CM211-2_IPTV_GS	NULL	32
005801FF0001005005D300692D37D949	CM211-2_IPTV_GS	NULL	32
005801FF0001005005D300692D37D94B	CM211-2_IPTV_GS	NULL	32
005801FF0001005005D300692D37D94C	CM211-2_IPTV_GS	NULL	32
005801FF0001005005D300692D37D94E	CM211-2_IPTV_GS	NULL	32
005801FF0001005005D300692D37D94F	CM211-2_IPTV_GS	NULL	32
005801FF0001005005D300692D37D951	CM211-2_IPTV_GS	NULL	32
005801FF0001005005D300692D37D952	CM211-2_IPTV_GS	NULL	32
005801FF0001005005D300692D37D953	CM211-2_IPTV_GS	NULL	32
005801FF0001005005D300692D37D954	CM211-2_IPTV_GS	NULL	32
005801FF0001005005D300692D37D95A	CM211-2_IPTV_GS	NULL	32
005801FF0001005005D300692D37D95C	CM211-2_IPTV_GS	NULL	32
005801FF0001005005D300692D37D962	CM211-2_IPTV_GS	NULL	32
005801FF0001005005D300692D37D969	CM211-2_IPTV_GS	NULL	32
005801FF0001005005D300692D37D96A	CM211-2_IPTV_GS	NULL	32
005801FF0001005005D300692D37D96C	CM211-2_IPTV_GS	NULL	32
005801FF0001005005D300692D37D96E	CM211-2_IPTV_GS	NULL	32
005801FF0001005005D300692D37D970	CM211-2_IPTV_GS	NULL	32
005801FF0001005005D300692D37D971	CM211-2_IPTV_GS	NULL	32
005801FF0001005005D300692D37D972	CM211-2_IPTV_GS	NULL	32
005801FF0001005005D300692D37D976	CM211-2_IPTV_GS	NULL	32
005801FF0001005005D300692D37D977	CM211-2_IPTV_GS	NULL	32
005801FF0001005005D300692D37D979	CM211-2_IPTV_GS	NULL	32
005801FF0001005005D300692D37D97C	CM211-2_IPTV_GS	NULL	32
005801FF0001005005D300692D37D97F	CM211-2_IPTV_GS	NULL	3
005801FF0001005005D300692D37D980	CM211-2_IPTV_GS	NULL	32
005801FF0001005005D300692D37D982	CM211-2_IPTV_GS	NULL	32
005801FF0001005005D300692D37D985	CM211-2_IPTV_GS	NULL	32
005801FF0001005005D300692D37D986	CM211-2_IPTV_GS	NULL	32
005801FF0001005005D300692D37D98C	CM211-2_IPTV_GS	NULL	32
005801FF0001005005D300692D37D992	CM211-2_IPTV_GS	NULL	32
005801FF0001005005D300692D37D996	CM211-2_IPTV_GS	NULL	32
005801FF0001005005D300692D37D99B	CM211-2_IPTV_GS	NULL	32
005801FF0001005005D300692D37D99D	CM211-2_IPTV_GS	NULL	32
005801FF0001005005D300692D37D99F	CM211-2_IPTV_GS	NULL	32
005801FF0001005005D300692D37D9A0	CM211-2_IPTV_GS	NULL	32
005801FF0001005005D300692D37D9A1	CM211-2_IPTV_GS	NULL	32
005801FF0001005005D300692D37D9A4	CM211-2_IPTV_GS	NULL	32
005801FF0001005005D300692D37D9A6	CM211-2_IPTV_GS	NULL	32
005801FF0001005005D300692D37D9A7	CM211-2_IPTV_GS	NULL	32
005801FF0001005005D300692D37D9A8	CM211-2_IPTV_GS	NULL	32
005801FF0001005005D300692D37D9AB	CM211-2_IPTV_GS	NULL	32
005801FF0001005005D300692D37D9AC	CM211-2_IPTV_GS	NULL	32
005801FF0001005005D300692D37D9AD	CM211-2_IPTV_GS	NULL	32
005801FF0001005005D300692D37D9AE	CM211-2_IPTV_GS	NULL	32
005801FF0001005005D300692D37D9B2	CM211-2_IPTV_GS	NULL	32
005801FF0001005005D300692D37D9B3	CM211-2_IPTV_GS	NULL	32
005801FF0001005005D300692D37D9B4	CM211-2_IPTV_GS	NULL	32
005801FF0001005005D300692D37D9B7	CM211-2_IPTV_GS	NULL	32
005801FF0001005005D300692D37D9BD	CM211-2_IPTV_GS	NULL	32
005801FF0001005005D300692D37D9C0	CM211-2_IPTV_GS	NULL	32
005801FF0001005005D300692D37D9CA	CM211-2_IPTV_GS	NULL	32
005801FF0001005005D300692D37D9CB	CM211-2_IPTV_GS	NULL	32
005801FF0001005005D300692D37D9CE	CM211-2_IPTV_GS	NULL	32
005801FF0001005005D300692D37D9D0	CM211-2_IPTV_GS	NULL	32
005801FF0001005005D300692D37D9D1	CM211-2_IPTV_GS	NULL	32
005801FF0001005005D300692D37D9D8	CM211-2_IPTV_GS	NULL	32
005801FF0001005005D300692D37D9D9	CM211-2_IPTV_GS	NULL	32
005801FF0001005005D300692D37D9DC	CM211-2_IPTV_GS	NULL	32
005801FF0001005005D300692D37D9DF	CM211-2_IPTV_GS	NULL	32
005801FF0001005005D300692D37D9E3	CM211-2_IPTV_GS	NULL	32
005801FF0001005005D300692D37D9E4	CM211-2_IPTV_GS	NULL	32
005801FF0001005005D300692D37D9E9	CM211-2_IPTV_GS	NULL	32
005801FF0001005005D300692D37D9EB	CM211-2_IPTV_GS	NULL	32
005801FF0001005005D300692D37D9EC	CM211-2_IPTV_GS	NULL	32
005801FF0001005005D300692D37D9ED	CM211-2_IPTV_GS	NULL	32
005801FF0001005005D300692D37D9EE	CM211-2_IPTV_GS	NULL	32
005801FF0001005005D300692D37D9F7	CM211-2_IPTV_GS	NULL	32
005801FF0001005005D300692D37D9FA	CM211-2_IPTV_GS	NULL	32
005801FF0001005005D300692D37D9FB	CM211-2_IPTV_GS	NULL	32
005801FF0001005005D300692D37D9FE	CM211-2_IPTV_GS	NULL	32
005801FF0001005005D300692D37DA00	CM211-2_IPTV_GS	NULL	32
005801FF0001005005D300692D37DA02	CM211-2_IPTV_GS	NULL	32
005801FF0001005005D300692D37DA03	CM211-2_IPTV_GS	NULL	32
005801FF0001005005D300692D37DA04	CM211-2_IPTV_GS	NULL	32
005801FF0001005005D300692D37DA05	CM211-2_IPTV_GS	NULL	32
005801FF0001005005D300692D37DA06	CM211-2_IPTV_GS	NULL	32
005801FF0001005005D300692D37DA08	CM211-2_IPTV_GS	NULL	32
005801FF0001005005D300692D37DA0A	CM211-2_IPTV_GS	NULL	32
005801FF0001005005D300692D37DA0B	CM211-2_IPTV_GS	NULL	32
005801FF0001005005D300692D37DA0F	CM211-2_IPTV_GS	NULL	32
005801FF0001005005D300692D37DA13	CM211-2_IPTV_GS	NULL	32
005801FF0001005005D300692D37DA14	CM211-2_IPTV_GS	NULL	32
005801FF0001005005D300692D37DA15	CM211-2_IPTV_GS	NULL	32
005801FF0001005005D300692D37DA17	CM211-2_IPTV_GS	NULL	32
005801FF0001005005D300692D37DA19	CM211-2_IPTV_GS	NULL	32
005801FF0001005005D300692D37DA1B	CM211-2_IPTV_GS	NULL	32
005801FF0001005005D300692D37DA1D	CM211-2_IPTV_GS	NULL	32
005801FF0001005005D300692D37DA1E	CM211-2_IPTV_GS	NULL	32
005801FF0001005005D300692D37DA1F	CM211-2_IPTV_GS	NULL	32
005801FF0001005005D300692D37DA24	CM211-2_IPTV_GS	NULL	32
005801FF0001005005D300692D37DA28	CM211-2_IPTV_GS	NULL	32
005801FF0001005005D300692D37DA2A	CM211-2_IPTV_GS	NULL	32
005801FF0001005005D300692D37DA2B	CM211-2_IPTV_GS	NULL	32
005801FF0001005005D300692D37DA2C	CM211-2_IPTV_GS	NULL	32
005801FF0001005005D300692D37DA2D	CM211-2_IPTV_GS	NULL	32
005801FF0001005005D300692D37DA2F	CM211-2_IPTV_GS	NULL	32
005801FF0001005005D300692D37DA30	CM211-2_IPTV_GS	NULL	32
005801FF0001005005D300692D37DA31	CM211-2_IPTV_GS	NULL	32
005801FF0001005005D300692D37DA32	CM211-2_IPTV_GS	NULL	32
005801FF0001005005D300692D37DA33	CM211-2_IPTV_GS	NULL	32
005801FF0001005005D300692D37DA37	CM211-2_IPTV_GS	NULL	32
005801FF0001005005D300692D37DA3D	CM211-2_IPTV_GS	NULL	32
005801FF0001005005D300692D37DA40	CM211-2_IPTV_GS	NULL	32
005801FF0001005005D300692D37DA43	CM211-2_IPTV_GS	NULL	32
005801FF0001005005D300692D37DA47	CM211-2_IPTV_GS	NULL	32
005801FF0001005005D300692D37DA4A	CM211-2_IPTV_GS	NULL	32
005801FF0001005005D300692D37DA52	CM211-2_IPTV_GS	NULL	32
005801FF0001005005D300692D37DA54	CM211-2_IPTV_GS	NULL	32
005801FF0001005005D300692D37DA55	CM211-2_IPTV_GS	NULL	32
005801FF0001005005D300692D37DA59	CM211-2_IPTV_GS	NULL	32
005801FF0001005005D300692D37DA5B	CM211-2_IPTV_GS	NULL	32
005801FF0001005005D300692D37DA5E	CM211-2_IPTV_GS	NULL	32
005801FF0001005005D300692D37DA62	CM211-2_IPTV_GS	NULL	32
005801FF0001005005D300692D37DA64	CM211-2_IPTV_GS	NULL	32
005801FF0001005005D300692D37DA65	CM211-2_IPTV_GS	NULL	32
005801FF0001005005D300692D37DA66	CM211-2_IPTV_GS	NULL	32
005801FF0001005005D300692D37DA69	CM211-2_IPTV_GS	NULL	32
005801FF0001005005D300692D37DA6A	CM211-2_IPTV_GS	NULL	32
005801FF0001005005D300692D37DA6B	CM211-2_IPTV_GS	NULL	32
005801FF0001005005D300692D37DA6C	CM211-2_IPTV_GS	NULL	32
005801FF0001005005D300692D37DA6D	CM211-2_IPTV_GS	NULL	32
005801FF0001005005D300692D37DA6E	CM211-2_IPTV_GS	NULL	32
005801FF0001005005D300692D37DA6F	CM211-2_IPTV_GS	NULL	32
005801FF0001005005D300692D37DA77	CM211-2_IPTV_GS	NULL	32
005801FF0001005005D300692D37DA78	CM211-2_IPTV_GS	NULL	32
005801FF0001005005D300692D37DA7B	CM211-2_IPTV_GS	NULL	32
005801FF0001005005D300692D37DA7D	CM211-2_IPTV_GS	NULL	32
005801FF0001005005D300692D37DA7E	CM211-2_IPTV_GS	NULL	32
005801FF0001005005D300692D37DA80	CM211-2_IPTV_GS	NULL	32
005801FF0001005005D300692D37DA81	CM211-2_IPTV_GS	NULL	32
005801FF0001005005D300692D37DA82	CM211-2_IPTV_GS	NULL	32
005801FF0001005005D300692D37DA83	CM211-2_IPTV_GS	NULL	32
005801FF0001005005D300692D37DA85	CM211-2_IPTV_GS	NULL	32
005801FF0001005005D300692D37DA86	CM211-2_IPTV_GS	NULL	32
005801FF0001005005D300692D37DA88	CM211-2_IPTV_GS	NULL	32
005801FF0001005005D300692D37DA89	CM211-2_IPTV_GS	NULL	32
005801FF0001005005D300692D37DA8A	CM211-2_IPTV_GS	NULL	3
005801FF0001005005D300692D37DA90	CM211-2_IPTV_GS	NULL	32
005801FF0001005005D300692D37DA92	CM211-2_IPTV_GS	NULL	32
005801FF0001005005D300692D37DA93	CM211-2_IPTV_GS	NULL	32
005801FF0001005005D300692D37DA96	CM211-2_IPTV_GS	NULL	32
005801FF0001005005D300692D37DA9B	CM211-2_IPTV_GS	NULL	32
005801FF0001005005D300692D37DA9C	CM211-2_IPTV_GS	NULL	32
005801FF0001005005D300692D37DA9E	CM211-2_IPTV_GS	NULL	32
005801FF0001005005D300692D37DA9F	CM211-2_IPTV_GS	NULL	32
005801FF0001005005D300692D37DAA1	CM211-2_IPTV_GS	NULL	32
005801FF0001005005D300692D37DAA2	CM211-2_IPTV_GS	NULL	32
005801FF0001005005D300692D37DAA3	CM211-2_IPTV_GS	NULL	32
005801FF0001005005D300692D37DAA5	CM211-2_IPTV_GS	NULL	32
005801FF0001005005D300692D37DAA7	CM211-2_IPTV_GS	NULL	32
005801FF0001005005D300692D37DAA8	CM211-2_IPTV_GS	NULL	32
005801FF0001005005D300692D37DAAA	CM211-2_IPTV_GS	NULL	32
005801FF0001005005D300692D37DAAD	CM211-2_IPTV_GS	NULL	32
005801FF0001005005D300692D37DAB3	CM211-2_IPTV_GS	NULL	32
005801FF0001005005D300692D37DAB5	CM211-2_IPTV_GS	NULL	32
005801FF0001005005D300692D37DAB6	CM211-2_IPTV_GS	NULL	32
005801FF0001005005D300692D37DABA	CM211-2_IPTV_GS	NULL	32
005801FF0001005005D300692D37DABB	CM211-2_IPTV_GS	NULL	32
005801FF0001005005D300692D37DAC1	CM211-2_IPTV_GS	NULL	32
005801FF0001005005D300692D37DAC3	CM211-2_IPTV_GS	NULL	32
005801FF0001005005D300692D37DAC4	CM211-2_IPTV_GS	NULL	32
005801FF0001005005D300692D37DAC5	CM211-2_IPTV_GS	NULL	32
005801FF0001005005D300692D37DAC7	CM211-2_IPTV_GS	NULL	32
005801FF0001005005D300692D37DAC9	CM211-2_IPTV_GS	NULL	32
005801FF0001005005D300692D37DACB	CM211-2_IPTV_GS	NULL	32
005801FF0001005005D300692D37DACE	CM211-2_IPTV_GS	NULL	32
005801FF0001005005D300692D37DAD1	CM211-2_IPTV_GS	NULL	32
005801FF0001005005D300692D37DAD2	CM211-2_IPTV_GS	NULL	32
005801FF0001005005D300692D37DAD3	CM211-2_IPTV_GS	NULL	32
005801FF0001005005D300692D37DAD5	CM211-2_IPTV_GS	NULL	32
005801FF0001005005D300692D37DADA	CM211-2_IPTV_GS	NULL	32
005801FF0001005005D300692D37DADB	CM211-2_IPTV_GS	NULL	32
005801FF0001005005D300692D37DADD	CM211-2_IPTV_GS	NULL	32
005801FF0001005005D300692D37DADE	CM211-2_IPTV_GS	NULL	32
005801FF0001005005D300692D37DADF	CM211-2_IPTV_GS	NULL	32
005801FF0001005005D300692D37DAE2	CM211-2_IPTV_GS	NULL	32
005801FF0001005005D300692D37DAE3	CM211-2_IPTV_GS	NULL	32
005801FF0001005005D300692D37DAE5	CM211-2_IPTV_GS	NULL	32
005801FF0001005005D300692D37DAE8	CM211-2_IPTV_GS	NULL	32
