htv_languagelabel_dm.deviceid	htv_languagelabel_dm.v_b1	htv_languagelabel_dm.v_b2	htv_languagelabel_dm.v_b3	htv_languagelabel_dm.v_b4	htv_languagelabel_dm.v_b5	htv_languagelabel_dm.v_b6	htv_languagelabel_dm.v_b7	htv_languagelabel_dm.v_b8	htv_languagelabel_dm.v_b9	htv_languagelabel_dm.date_time
004903000003204019297C52593C36AE	0	1	0	0	0	0	0	0	0	20210901
004903FF001847800001748F1B108D54	0	0	0	0	0	0	0	0	1	20210901
005101FF00011810111160D21CA9B1E5	0	1	0	0	0	1	0	0	0	20210901
005801FF0001005005D300692D37D26F	0	0	0	0	0	0	0	0	1	20210901
005801FF0001005005D300692D37D283	0	0	0	0	0	0	0	0	1	20210901
005801FF0001005005D300692D37D294	0	0	0	0	0	0	0	0	1	20210901
005801FF0001005005D300692D37D2AA	1	0	0	0	0	0	0	0	0	20210901
005801FF0001005005D300692D37D2DB	0	0	0	0	0	0	0	0	1	20210901
005801FF0001005005D300692D37D2EE	0	0	0	0	0	0	0	0	1	20210901
005801FF0001005005D300692D37D300	1	0	0	0	0	0	0	0	0	20210901
005801FF0001005005D300692D37D34D	0	0	0	0	0	1	0	0	0	20210901
005801FF0001005005D300692D37D356	0	0	0	0	0	0	0	0	1	20210901
005801FF0001005005D300692D37D36E	0	0	0	0	0	0	0	0	1	20210901
005801FF0001005005D300692D37D376	0	0	0	0	0	0	0	0	1	20210901
005801FF0001005005D300692D37D379	0	0	0	0	0	0	0	0	1	20210901
005801FF0001005005D300692D37D37C	0	0	0	0	0	0	0	0	1	20210901
005801FF0001005005D300692D37D39B	1	0	0	0	0	0	0	0	0	20210901
005801FF0001005005D300692D37D39F	0	0	0	0	0	0	0	0	1	20210901
005801FF0001005005D300692D37D3AB	0	0	0	0	0	0	0	0	1	20210901
005801FF0001005005D300692D37D3D5	0	0	0	0	0	0	0	0	1	20210901
005801FF0001005005D300692D37D40F	0	0	0	0	0	0	0	0	1	20210901
005801FF0001005005D300692D37D41E	0	0	0	0	0	0	0	0	1	20210901
005801FF0001005005D300692D37D460	1	0	0	0	0	0	0	0	0	20210901
005801FF0001005005D300692D37D4A1	0	0	0	0	0	0	0	0	1	20210901
005801FF0001005005D300692D37D4AD	0	0	0	0	0	0	0	0	1	20210901
005801FF0001005005D300692D37D4C1	1	0	0	0	0	0	0	0	0	20210901
005801FF0001005005D300692D37D4D7	0	0	0	0	0	0	0	0	1	20210901
005801FF0001005005D300692D37D4DB	0	0	0	0	0	0	0	0	1	20210901
005801FF0001005005D300692D37D55D	1	0	0	0	0	1	0	0	0	20210901
005801FF0001005005D300692D37D62B	0	0	0	0	0	0	0	0	1	20210901
005801FF0001005005D300692D37D643	0	0	0	0	0	0	0	0	1	20210901
005801FF0001005005D300692D37D666	1	0	0	0	0	1	0	0	0	20210901
005801FF0001005005D300692D37D6D8	0	0	0	0	0	0	0	0	1	20210901
005801FF0001005005D300692D37D70E	1	0	0	0	0	0	0	0	0	20210901
005801FF0001005005D300692D37D71B	0	0	0	0	0	0	0	0	1	20210901
005801FF0001005005D300692D37D733	0	0	0	0	0	0	0	0	1	20210901
005801FF0001005005D300692D37D749	0	0	0	0	0	0	0	0	1	20210901
005801FF0001005005D300692D37D74F	1	0	0	0	0	0	0	0	0	20210901
005801FF0001005005D300692D37D7BF	0	0	0	0	0	0	0	0	1	20210901
005801FF0001005005D300692D37D7C5	0	0	0	0	0	0	0	0	1	20210901
005801FF0001005005D300692D37D7D5	0	0	0	0	0	0	0	0	1	20210901
005801FF0001005005D300692D37D7D6	0	0	0	0	0	1	0	0	0	20210901
005801FF0001005005D300692D37D800	1	0	0	0	0	0	0	0	0	20210901
005801FF0001005005D300692D37D808	0	0	0	0	0	0	0	0	1	20210901
005801FF0001005005D300692D37D81D	1	0	0	0	0	0	0	0	0	20210901
005801FF0001005005D300692D37D846	0	0	0	0	0	0	0	0	1	20210901
005801FF0001005005D300692D37D85F	0	0	0	0	0	0	0	0	1	20210901
005801FF0001005005D300692D37D886	1	0	0	0	0	0	0	0	0	20210901
005801FF0001005005D300692D37D895	1	0	0	0	0	0	0	0	0	20210901
005801FF0001005005D300692D37D896	0	0	0	0	0	0	0	0	1	20210901
005801FF0001005005D300692D37D8A7	1	0	0	0	0	0	0	0	0	20210901
005801FF0001005005D300692D37D8B7	0	0	0	0	0	0	0	0	1	20210901
005801FF0001005005D300692D37D8C1	0	0	0	0	0	0	0	0	1	20210901
005801FF0001005005D300692D37D8D2	0	0	0	0	0	0	0	0	1	20210901
005801FF0001005005D300692D37D8FF	0	0	0	0	0	0	0	0	1	20210901
005801FF0001005005D300692D37D914	1	0	0	0	0	0	0	0	0	20210901
005801FF0001005005D300692D37D93C	0	0	0	0	0	0	0	0	1	20210901
005801FF0001005005D300692D37D952	0	0	0	0	0	0	0	0	1	20210901
005801FF0001005005D300692D37D979	0	0	0	0	0	0	0	0	1	20210901
005801FF0001005005D300692D37D994	0	0	0	0	0	0	0	0	1	20210901
005801FF0001005005D300692D37D998	0	0	0	0	0	0	0	0	1	20210901
005801FF0001005005D300692D37D9BB	1	0	0	0	0	0	0	0	0	20210901
005801FF0001005005D300692D37D9C7	0	0	0	0	0	0	0	0	1	20210901
005801FF0001005005D300692D37D9DA	0	0	0	0	0	0	0	0	1	20210901
005801FF0001005005D300692D37DA0C	0	0	0	0	0	0	0	0	1	20210901
005801FF0001005005D300692D37DA3C	1	0	0	0	0	0	0	0	0	20210901
005801FF0001005005D300692D37DA68	0	0	0	0	0	0	0	0	1	20210901
005801FF0001005005D300692D37DA69	0	0	0	0	0	0	0	0	1	20210901
005801FF0001005005D300692D37DA6C	0	0	0	0	0	0	0	0	1	20210901
005801FF0001005005D300692D37DA6D	0	0	0	0	0	0	0	0	1	20210901
005801FF0001005005D300692D37DA82	0	0	0	0	0	0	0	0	1	20210901
005801FF0001005005D300692D37DA95	0	0	0	0	0	0	0	0	1	20210901
005801FF0001005005D300692D37DAAB	0	0	0	0	0	0	0	0	1	20210901
005801FF0001005005D300692D37DAAE	0	0	0	0	0	0	0	0	1	20210901
005801FF0001005005D300692D37DABB	1	0	0	0	0	0	0	0	0	20210901
005801FF0001005005D300692D37DAD0	0	0	0	0	0	0	0	0	1	20210901
005801FF0001005005D300692D37DB14	1	1	0	0	0	0	0	0	0	20210901
005801FF0001005005D300692D37DB16	1	0	0	0	0	0	0	0	0	20210901
005801FF0001005005D300692D37DB62	0	0	0	0	0	0	0	0	1	20210901
005801FF0001005005D300692D37DB8C	0	0	0	0	0	0	0	0	1	20210901
005801FF0001005005D300692D37DB9E	0	0	0	0	0	0	0	0	1	20210901
005801FF0001005005D300692D37DBBF	0	0	0	0	0	0	0	0	1	20210901
005801FF0001005005D300692D37DC27	0	0	0	0	0	0	0	0	1	20210901
005801FF0001005005D300692D37DC69	0	0	0	0	0	0	0	0	1	20210901
005801FF0001005005D300692D37DC8B	0	0	0	0	0	0	0	0	1	20210901
005801FF0001005005D300692D37DC8E	0	0	0	0	0	0	0	0	1	20210901
005801FF0001005005D300692D37DC94	0	0	0	0	0	0	0	0	1	20210901
005801FF0001005005D300692D37DC95	1	0	0	0	0	0	0	0	0	20210901
005801FF0001005005D300692D37DC9A	0	0	0	0	0	0	0	0	1	20210901
005801FF0001005005D300692D37DCBE	1	0	0	0	0	0	0	0	0	20210901
005801FF0001005005D300692D37DCD7	0	0	0	0	0	0	0	0	1	20210901
005801FF0001005005D300692D37DD0F	0	0	0	0	0	0	0	0	1	20210901
005801FF0001005005D300692D37DD13	0	0	0	0	0	0	0	0	1	20210901
005801FF0001005005D300692D37DD1B	0	0	0	0	0	0	0	0	1	20210901
005801FF0001005005D300692D37DD23	0	0	0	0	0	0	0	0	1	20210901
005801FF0001005005D300692D37DD59	0	0	0	0	0	0	0	0	1	20210901
005801FF0001005005D300692D37DD63	1	0	0	0	0	0	0	0	0	20210901
005801FF0001005005D300692D37DDA6	1	0	0	0	0	0	0	0	0	20210901
005801FF0001005005D300692D37DDDB	0	0	0	0	0	0	0	0	1	20210901
005801FF0001005005D300692D37DDE1	0	0	0	0	0	0	0	0	1	20210901
005801FF0001005005D300692D37DE1C	0	0	0	0	0	0	0	0	1	20210901
005801FF0001005005D300692D37DE23	0	0	0	0	0	0	0	0	1	20210901
005801FF0001005005D300692D37DE69	0	0	0	0	0	0	0	0	1	20210901
005801FF0001005005D300692D37DE80	0	0	0	0	0	0	0	0	1	20210901
005801FF0001005005D300692D37DE9C	0	0	0	0	0	0	0	0	1	20210901
005801FF0001005005D300692D37DEAC	0	0	0	0	0	0	0	0	1	20210901
005801FF0001005005D300692D37DED0	0	0	0	0	0	0	0	0	1	20210901
005801FF0001005005D300692D37DF1C	0	0	0	0	0	0	0	0	1	20210901
005801FF0001005005D300692D37DF31	0	0	0	0	0	0	0	0	1	20210901
005801FF0001005005D300692D37DF41	0	0	0	0	0	0	0	0	1	20210901
005801FF0001005005D300692D37DF56	1	0	0	0	0	0	0	0	0	20210901
005801FF0001005005D300692D37DFAA	1	0	0	0	0	0	0	0	0	20210901
005801FF0001005005D300692D37DFCF	0	0	0	0	0	0	0	0	1	20210901
005801FF0001005005D300692D37DFE1	1	0	0	0	0	0	0	0	0	20210901
005801FF0001005005D300692D37E000	0	0	0	0	0	0	0	0	1	20210901
005801FF0001005005D300692D37E00D	1	0	0	0	0	0	0	0	0	20210901
005801FF0001005005D300692D37E01D	0	0	0	0	0	0	0	0	1	20210901
005801FF0001005005D300692D37E04B	0	0	0	0	0	0	0	0	1	20210901
005801FF0001005005D300692D37E067	0	0	0	0	0	0	0	0	1	20210901
005801FF0001005005D300692D37E069	0	0	0	0	0	0	0	0	1	20210901
005801FF0001005005D300692D37E0B8	1	0	0	0	0	0	0	0	0	20210901
005801FF0001005005D300692D37E0B9	1	0	0	0	0	0	0	0	0	20210901
005801FF0001005005D300692D37E0D8	0	0	0	0	0	0	0	0	1	20210901
005801FF0001005005D300692D37E0FA	0	0	0	0	0	0	0	0	1	20210901
005801FF0001005005D300692D37E117	1	0	0	0	0	0	0	0	0	20210901
005801FF0001005005D300692D37E129	0	0	0	0	0	0	0	0	1	20210901
005801FF0001005005D300692D37E152	0	0	0	0	0	0	0	0	1	20210901
005801FF0001005005D300692D37E154	1	0	0	0	0	0	0	0	0	20210901
005801FF0001005005D300692D37E1B9	1	0	0	0	0	0	0	0	0	20210901
005801FF0001005005D300692D37E1CE	0	0	0	0	0	0	0	0	1	20210901
005801FF0001005005D300692D37E1CF	1	0	0	0	0	0	0	0	0	20210901
005801FF0001005005D300692D37E1E2	1	0	0	0	0	0	0	0	0	20210901
005801FF0001005005D300692D37E20A	0	0	0	0	0	0	0	0	1	20210901
005801FF0001005005D300692D37E236	0	0	0	0	0	0	0	0	1	20210901
005801FF0001005005D300692D37E237	0	0	0	0	0	0	0	0	1	20210901
005801FF0001005005D300692D37E23E	1	0	0	0	0	0	0	0	0	20210901
005801FF0001005005D300692D37E24F	0	0	0	0	0	0	0	0	1	20210901
005801FF0001005005D300692D37E27D	0	0	0	0	0	0	0	0	1	20210901
005801FF0001005005D300692D37E298	1	0	0	0	0	0	0	0	0	20210901
005801FF0001005005D300692D37E2B9	0	0	0	0	0	0	0	0	1	20210901
005801FF0001005005D300692D37E2CC	0	0	0	0	0	0	0	0	1	20210901
005801FF0001005005D300692D37E340	1	0	0	0	0	0	0	0	0	20210901
005801FF0001005005D300692D37E365	0	0	0	0	0	0	0	0	1	20210901
005801FF0001005005D300692D37E372	1	0	0	0	0	0	0	0	0	20210901
005801FF0001005005D300692D37E386	0	0	0	0	0	0	0	0	1	20210901
005801FF0001005005D300692D37E3D0	0	0	0	0	0	0	0	0	1	20210901
005801FF0001005005D300692D37E3F7	0	0	0	0	0	0	0	0	1	20210901
005801FF0001005005D300692D37E401	0	0	0	0	0	0	0	0	1	20210901
005801FF0001005005D300692D37E415	0	0	0	0	0	0	0	0	1	20210901
005801FF0001005005D300692D37E469	0	0	0	0	0	0	0	0	1	20210901
005801FF0001005005D300692D37E478	0	0	0	0	0	0	0	0	1	20210901
005801FF0001005005D300692D37E492	0	0	0	0	0	0	0	0	1	20210901
005801FF0001005005D300692D37E4C4	0	0	0	0	0	0	0	0	1	20210901
005801FF0001005005D300692D37E4DE	0	0	0	0	0	0	0	0	1	20210901
005801FF0001005005D300692D37E4F1	1	0	0	0	0	0	0	0	0	20210901
005801FF0001005005D300692D37E51D	0	0	0	0	0	0	0	0	1	20210901
005801FF0001005005D300692D37E56D	0	0	0	0	0	0	0	0	1	20210901
005801FF0001005005D300692D37E5B7	0	0	0	0	0	0	0	0	1	20210901
005801FF0001005005D300692D37E5D5	1	0	0	0	0	1	0	0	0	20210901
005801FF0001005005D300692D37E5DD	0	0	0	0	0	0	0	0	1	20210901
005801FF0001005005D300692D37E5DE	1	0	0	0	0	0	0	0	0	20210901
005801FF0001005005D300692D37E5EA	0	0	0	0	0	0	0	0	1	20210901
005801FF0001005005D300692D37E5F8	1	0	0	0	0	0	0	0	0	20210901
005801FF0001005005D300692D37E623	0	0	0	0	0	0	0	0	1	20210901
005801FF0001005005D300692D37E637	0	0	0	0	0	0	0	0	1	20210901
005801FF0001005005D300692D37E686	0	0	0	0	0	0	0	0	1	20210901
005801FF0001005005D300692D37E68D	0	0	0	0	0	0	0	0	1	20210901
005801FF0001005005D300692D37E6AE	0	0	0	0	0	0	0	0	1	20210901
005801FF0001005005D300692D37E6C3	0	0	0	0	0	0	0	0	1	20210901
005801FF0001005005D300692D37E6D9	0	0	0	0	0	0	0	0	1	20210901
005801FF0001005005D300692D37E6E7	0	0	0	0	0	0	0	0	1	20210901
005801FF0001005005D300692D37E702	1	0	0	0	0	0	0	0	0	20210901
005801FF0001005005D300692D37E704	0	0	0	0	0	0	0	0	1	20210901
005801FF0001005005D300692D37E72F	1	0	0	0	0	1	0	0	0	20210901
005801FF0001005005D300692D37E739	0	0	0	0	0	0	0	0	1	20210901
005801FF0001005005D300692D37E750	0	0	0	0	0	0	0	0	1	20210901
005801FF0001005005D300692D37E767	1	0	0	0	0	0	0	0	0	20210901
005801FF0001005005D300692D37E783	0	0	0	0	0	0	0	0	1	20210901
005801FF0001005005D300692D37E7A1	0	0	0	0	0	0	0	0	1	20210901
005801FF0001005005D300692D37E7B0	0	0	0	0	0	0	0	0	1	20210901
005801FF0001005005D300692D37E7BA	0	0	0	0	0	0	0	0	1	20210901
005801FF0001005005D300692D37E80B	0	0	0	0	0	0	0	0	1	20210901
005801FF0001005005D300692D37E82F	1	0	0	0	0	1	0	0	0	20210901
005801FF0001005005D300692D37E841	0	0	0	0	0	0	0	0	1	20210901
005801FF0001005005D300692D37E843	0	0	0	0	0	0	0	0	1	20210901
005801FF0001005005D300692D37E85D	1	0	0	0	0	0	0	0	0	20210901
005801FF0001005005D300692D37E863	0	0	0	0	0	0	0	0	1	20210901
005801FF0001005005D300692D37E892	0	0	0	0	0	0	0	0	1	20210901
005801FF0001005005D300692D37E89D	0	0	0	0	0	0	0	0	1	20210901
005801FF0001005005D300692D37E8F3	0	0	0	0	0	0	0	0	1	20210901
005801FF0001005005D300692D37E918	0	0	0	0	0	0	0	0	1	20210901
005801FF0001005005D300692D37E92F	0	0	0	0	0	0	0	0	1	20210901
005801FF0001005005D300692D37E95B	0	0	0	0	0	0	0	0	1	20210901
005801FF0001005005D300692D37E99E	0	0	0	0	0	0	0	0	1	20210901
005801FF0001005005D300692D37E9BF	0	0	0	0	0	0	0	0	1	20210901
005801FF0001005005D300692D37EA0D	1	0	0	0	0	0	0	0	0	20210901
005801FF0001005005D300692D37EA35	0	0	0	0	0	0	0	0	1	20210901
005801FF0001005005D300692D37EA7B	1	0	0	0	0	0	0	0	0	20210901
005801FF0001005005D300692D37EA7E	1	0	0	0	0	0	0	0	0	20210901
005801FF0001005005D300692D37EA9E	1	0	0	0	0	0	0	0	0	20210901
005801FF0001005005D300692D37EAA2	0	0	0	0	0	0	0	0	1	20210901
005801FF0001005005D300692D37EAA9	0	0	0	0	0	0	0	0	1	20210901
005801FF0001005005D300692D37EAAB	0	0	0	0	0	0	0	0	1	20210901
005801FF0001005005D300692D37EABB	0	0	0	0	0	0	0	0	1	20210901
005801FF0001005005D300692D37EAD3	0	0	0	0	0	1	0	0	0	20210901
005801FF0001005005D300692D37EAD8	0	0	0	0	0	0	0	0	1	20210901
005801FF0001005005D300692D37EB18	0	0	0	0	0	0	0	0	1	20210901
005801FF0001005005D300692D37EB2A	0	0	0	0	0	0	0	0	1	20210901
005801FF0001005005D300692D37EB36	0	0	0	0	0	0	0	0	1	20210901
005801FF0001005005D300692D37EB3A	0	0	0	0	0	0	0	0	1	20210901
005801FF0001005005D300692D37EB61	0	0	0	0	0	0	0	0	1	20210901
005801FF0001005005D300692D37EB8A	1	0	0	0	0	0	0	0	0	20210901
005801FF0001005005D300692D37EB8D	0	0	0	0	0	0	0	0	1	20210901
005801FF0001005005D300692D37EB96	0	0	0	0	0	0	0	0	1	20210901
005801FF0001005005D300692D37EBCA	1	0	0	0	0	0	0	0	0	20210901
005801FF0001005005D300692D37EBE7	0	0	0	0	0	0	0	0	1	20210901
005801FF0001005005D300692D37EC14	0	0	0	0	0	0	0	0	1	20210901
005801FF0001005005D300692D37EC2B	0	0	0	0	0	0	0	0	1	20210901
005801FF0001005005D300692D37EC31	0	0	0	0	0	0	0	0	1	20210901
005801FF0001005005D300692D37EC3C	1	0	0	0	0	0	0	0	0	20210901
005801FF0001005005D300692D37EC58	0	0	0	0	0	0	0	0	1	20210901
005801FF0001005005D300692D37EC9F	1	0	0	0	0	0	0	0	0	20210901
005801FF0001005005D300692D37ECA2	1	0	0	0	0	0	0	0	0	20210901
005801FF0001005005D300692D37ECCB	0	0	0	0	0	0	0	0	1	20210901
005801FF0001005005D300692D37ED16	0	0	0	0	0	0	0	0	1	20210901
005801FF0001005005D300692D37ED43	0	0	0	0	0	0	0	0	1	20210901
005801FF0001005005D300692D37ED44	0	0	0	0	0	0	0	0	1	20210901
005801FF0001005005D300692D37ED7B	1	0	0	0	0	0	0	0	0	20210901
005801FF0001005005D300692D37ED81	1	0	0	0	0	0	0	0	0	20210901
005801FF0001005005D300692D37EDA7	1	0	0	0	0	0	0	0	0	20210901
005801FF0001005005D300692D37EDB9	0	0	0	0	0	0	0	0	1	20210901
005801FF0001005005D300692D37EDBA	1	0	0	0	0	0	0	0	0	20210901
005801FF0001005005D300692D37EDC7	0	0	0	0	0	0	0	0	1	20210901
005801FF0001005005D300692D37EDE1	0	0	0	0	0	0	0	0	1	20210901
005801FF0001005005D300692D37EDE7	0	0	0	0	0	0	0	0	1	20210901
005801FF0001005005D300692D37EE02	0	0	0	0	0	0	0	0	1	20210901
005801FF0001005005D300692D37EE2A	0	0	0	0	0	0	0	0	1	20210901
005801FF0001005005D300692D37EE33	1	0	0	0	0	0	0	0	0	20210901
005801FF0001005005D300692D37EE3D	1	0	0	0	0	0	0	0	0	20210901
005801FF0001005005D300692D37EE7E	0	0	0	0	0	0	0	0	1	20210901
005801FF0001005005D300692D37EE92	0	0	0	0	0	0	0	0	1	20210901
005801FF0001005005D300692D37EEAE	0	0	0	0	0	0	0	0	1	20210901
005801FF0001005005D300692D37EED3	0	0	0	0	0	0	0	0	1	20210901
005801FF0001005005D300692D37EEDA	0	0	0	0	0	0	0	0	1	20210901
005801FF0001005005D300692D37EF1E	1	0	0	0	0	0	0	0	0	20210901
005801FF0001005005D300692D37EF2E	1	0	0	0	0	0	0	0	0	20210901
005801FF0001005005D300692D37EF2F	0	0	0	0	0	0	0	0	1	20210901
005801FF0001005005D300692D37EF3E	0	0	0	0	0	0	0	0	1	20210901
005801FF0001005005D300692D37EF71	0	0	0	0	0	0	0	0	1	20210901
005801FF0001005005D300692D37EFAC	0	0	0	0	0	0	0	0	1	20210901
005801FF0001005005D300692D37EFD7	0	0	0	0	0	0	0	0	1	20210901
005801FF0001005005D300692D37EFFB	0	0	0	0	0	0	0	0	1	20210901
005801FF0001005005D300692D37F019	0	0	0	0	0	0	0	0	1	20210901
005801FF0001005005D300692D37F064	0	0	0	0	0	0	0	0	1	20210901
005801FF0001005005D300692D37F067	0	0	0	0	0	0	0	0	1	20210901
005801FF0001005005D300692D37F075	1	0	0	0	0	0	0	0	0	20210901
005801FF0001005005D300692D37F09E	0	0	0	0	0	0	0	0	1	20210901
005801FF0001005005D300692D37F0C2	0	0	0	0	0	0	0	0	1	20210901
005801FF0001005005D300692D37F0F7	0	0	0	0	0	0	0	0	1	20210901
005801FF0001005005D300692D37F112	0	0	0	0	0	0	0	0	1	20210901
005801FF0001005005D300692D37F117	0	0	0	0	0	0	0	0	1	20210901
005801FF0001005005D300692D37F130	0	0	0	0	0	0	0	0	1	20210901
005801FF0001005005D300692D37F14D	0	1	0	0	0	0	0	0	0	20210901
005801FF0001005005D300692D37F14F	0	0	0	0	0	0	0	0	1	20210901
005801FF0001005005D300692D37F16F	0	0	0	0	0	0	0	0	1	20210901
005801FF0001005005D300692D37F173	0	0	0	0	0	0	0	0	1	20210901
005801FF0001005005D300692D37F19B	0	0	0	0	0	0	0	0	1	20210901
005801FF0001005005D300692D37F1AE	0	0	0	0	0	0	0	0	1	20210901
005801FF0001005005D300692D37F1E4	0	0	0	0	0	0	0	0	1	20210901
005801FF0001005005D300692D37F216	0	0	0	0	0	0	0	0	1	20210901
005801FF0001005005D300692D37F258	1	0	0	0	0	0	0	0	0	20210901
005801FF0001005005D300692D37F25E	0	0	0	0	0	0	0	0	1	20210901
005801FF0001005005D300692D37F276	0	0	0	0	0	0	0	0	1	20210901
005801FF0001005005D300692D37F28F	0	0	0	0	0	0	0	0	1	20210901
005801FF0001005005D300692D37F291	0	0	0	0	0	0	0	0	1	20210901
005801FF0001005005D300692D37F29C	0	0	0	0	0	0	0	0	1	20210901
005801FF0001005005D300692D37F2A5	1	0	0	0	0	0	0	0	0	20210901
005801FF0001005005D300692D37F2F1	0	0	0	0	0	0	0	0	1	20210901
005801FF0001005005D300692D37F30A	0	0	0	0	0	0	0	0	1	20210901
005801FF0001005005D300692D37F346	0	0	0	0	0	0	0	0	1	20210901
005801FF0001005005D300692D37F378	0	0	0	0	0	0	0	0	1	20210901
005801FF0001005005D300692D37F37B	1	0	0	0	0	0	0	0	0	20210901
005801FF0001005005D300692D37F3AA	0	0	0	0	0	0	0	0	1	20210901
005801FF0001005005D300692D37F3C3	0	0	0	0	0	0	0	0	1	20210901
005801FF0001005005D300692D37F3D0	1	0	0	0	0	0	0	0	0	20210901
005801FF0001005005D300692D37F3F1	1	0	0	0	0	0	0	0	0	20210901
005801FF0001005005D300692D37F41F	0	0	0	0	0	0	0	0	1	20210901
005801FF0001005005D300692D37F46F	1	0	0	0	0	0	0	0	0	20210901
005801FF0001005005D300692D37F480	1	0	0	0	0	0	0	0	0	20210901
005801FF0001005005D300692D37F4BB	0	0	0	0	0	0	0	0	1	20210901
005801FF0001005005D300692D37F4C9	0	0	0	0	0	0	0	0	1	20210901
005801FF0001005005D300692D37F4D8	0	0	0	0	0	0	0	0	1	20210901
005801FF0001005005D300692D37F4DC	0	0	0	0	0	0	0	0	1	20210901
005801FF0001005005D300692D37F512	0	0	0	0	0	0	0	0	1	20210901
005801FF0001005005D300692D37F534	0	0	0	0	0	0	0	0	1	20210901
005801FF0001005005D300692D37F56A	0	0	0	0	0	0	0	0	1	20210901
005801FF0001005005D300692D37F587	0	0	0	0	0	0	0	0	1	20210901
005801FF0001005005D300692D37F5EF	0	0	0	0	0	0	0	0	1	20210901
005801FF0001005005D300692D37F5F6	0	0	0	0	0	0	0	0	1	20210901
005801FF0001005005D300692D37F5FA	0	0	0	0	0	0	0	0	1	20210901
005801FF0001005005D300692D37F611	0	0	0	0	0	0	0	0	1	20210901
005801FF0001005005D300692D37F62E	0	0	0	0	0	0	0	0	1	20210901
005801FF0001005005D300692D37F640	0	0	0	0	0	0	0	0	1	20210901
005801FF0001005005D300692D37F6AF	1	0	0	0	0	0	0	0	0	20210901
005801FF0001005005D300692D37F6BB	0	0	0	0	0	0	0	0	1	20210901
005801FF0001005005D300692D37F6D7	0	0	0	0	0	0	0	0	1	20210901
005801FF0001005005D300692D37F72A	0	0	0	0	0	0	0	0	1	20210901
005801FF0001005005D300692D37F72F	0	0	0	0	0	0	0	0	1	20210901
005801FF0001005005D300692D37F776	0	0	0	0	0	0	0	0	1	20210901
005801FF0001005005D300692D37F7E1	0	0	0	0	0	0	0	0	1	20210901
005801FF0001005005D300692D37F7E6	0	0	0	0	0	0	0	0	1	20210901
005801FF0001005005D300692D37F7EB	0	0	0	0	0	0	0	0	1	20210901
005801FF0001005005D300692D37F7F1	1	0	0	0	0	0	0	0	0	20210901
005801FF0001005005D300692D37F7F5	0	0	0	0	0	0	0	0	1	20210901
005801FF0001005005D300692D37F803	0	0	0	0	0	0	0	0	1	20210901
005801FF0001005005D300692D37F808	0	0	0	0	0	0	0	0	1	20210901
005801FF0001005005D300692D37F816	0	0	0	0	0	0	0	0	1	20210901
005801FF0001005005D300692D37F830	0	0	0	0	0	0	0	0	1	20210901
005801FF0001005005D300692D37F85E	1	0	0	0	0	0	0	0	0	20210901
005801FF0001005005D300692D37F876	1	0	0	0	0	0	0	0	0	20210901
005801FF0001005005D300692D37F8B0	0	0	0	0	0	0	0	0	1	20210901
005801FF0001005005D300692D37F8BF	1	0	0	0	0	0	0	0	0	20210901
005801FF0001005005D300692D37F8D0	1	0	0	0	0	1	0	0	0	20210901
005801FF0001005005D300692D37F906	0	0	0	0	0	0	0	0	1	20210901
005801FF0001005005D300692D37F909	1	0	0	0	0	0	0	0	0	20210901
005801FF0001005005D300692D37F910	0	0	0	0	0	0	0	0	1	20210901
005801FF0001005005D300692D37F92A	0	0	0	0	0	0	0	0	1	20210901
005801FF0001005005D300692D37F968	0	0	0	0	0	0	0	0	1	20210901
005801FF0001005005D300692D37F97A	0	0	0	0	0	0	0	0	1	20210901
005801FF0001005005D300692D37F9CF	0	0	0	0	0	0	0	0	1	20210901
005801FF0001005005D300692D37F9F2	1	0	0	0	0	0	0	0	0	20210901
005801FF0001005005D300692D37F9F6	0	0	0	0	0	0	0	0	1	20210901
005801FF0001005005D300692D37FA24	1	0	0	0	0	0	0	0	0	20210901
005801FF0001005005D300692D37FA30	0	0	0	0	0	0	0	0	1	20210901
005801FF0001005005D300692D37FA34	0	0	0	0	0	0	0	0	1	20210901
005801FF0001005005D300692D37FA3D	0	0	0	0	0	0	0	0	1	20210901
005801FF0001005005D300692D37FA3E	1	0	0	0	0	0	0	0	0	20210901
005801FF0001005005D300692D37FA46	0	0	0	0	0	0	0	0	1	20210901
005801FF0001005005D300692D37FA5B	1	0	0	0	0	0	0	0	0	20210901
005801FF0001005005D300692D37FA66	0	0	0	0	0	0	0	0	1	20210901
005801FF0001005005D300692D37FA6D	0	0	0	0	0	0	0	0	1	20210901
005801FF0001005005D300692D37FA8D	0	0	0	0	0	0	0	0	1	20210901
005801FF0001005005D300692D37FA98	0	0	0	0	0	0	0	0	1	20210901
005801FF0001005005D300692D37FAA1	0	0	0	0	0	0	0	0	1	20210901
005801FF0001005005D300692D37FAA7	0	0	0	0	0	0	0	0	1	20210901
005801FF0001005005D300692D37FABD	0	0	0	0	0	0	0	0	1	20210901
005801FF0001005005D300692D37FACC	0	0	0	0	0	0	0	0	1	20210901
005801FF0001005005D300692D37FAD1	0	0	0	0	0	0	0	0	1	20210901
005801FF0001005005D300692D37FADD	0	0	0	0	0	0	0	0	1	20210901
005801FF0001005005D300692D37FAF5	0	0	0	0	0	0	0	0	1	20210901
005801FF0001005005D300692D37FB04	0	0	0	0	0	0	0	0	1	20210901
005801FF0001005005D300692D37FB08	0	0	0	0	0	0	0	0	1	20210901
005801FF0001005005D300692D37FB36	0	0	0	0	0	0	0	0	1	20210901
005801FF0001005005D300692D37FB38	0	0	0	0	0	0	0	0	1	20210901
005801FF0001005005D300692D37FB72	1	0	0	0	0	0	0	0	0	20210901
005801FF0001005005D300692D37FB7A	0	0	0	0	0	0	0	0	1	20210901
005801FF0001005005D300692D37FBA6	1	0	0	0	0	0	0	0	0	20210901
005801FF0001005005D300692D37FBB0	0	0	0	0	0	0	0	0	1	20210901
005801FF0001005005D300692D37FBB5	0	0	0	0	0	0	0	0	1	20210901
005801FF0001005005D300692D37FBC8	0	0	0	0	0	0	0	0	1	20210901
005801FF0001005005D300692D37FBD2	0	0	0	0	0	0	0	0	1	20210901
005801FF0001005005D300692D37FBD3	0	0	0	0	0	1	0	0	0	20210901
005801FF0001005005D300692D37FC26	0	0	0	0	0	0	0	0	1	20210901
005801FF0001005005D300692D37FC2A	1	0	0	0	0	0	0	0	0	20210901
005801FF0001005005D300692D37FC4F	0	0	0	0	0	0	0	0	1	20210901
005801FF0001005005D300692D37FC51	0	0	0	0	0	0	0	0	1	20210901
005801FF0001005005D300692D37FC52	0	0	0	0	0	0	0	0	1	20210901
005801FF0001005005D300692D37FC62	1	0	0	0	0	0	0	0	0	20210901
005801FF0001005005D300692D37FC67	1	0	0	0	0	0	0	0	0	20210901
005801FF0001005005D300692D37FC77	0	0	0	0	0	0	0	0	1	20210901
005801FF0001005005D300692D37FCA3	0	0	0	0	0	0	0	0	1	20210901
005801FF0001005005D300692D37FCA8	0	0	0	0	0	0	0	0	1	20210901
005801FF0001005005D300692D37FCAB	0	0	0	0	0	0	0	0	1	20210901
005801FF0001005005D300692D37FCD7	0	0	0	0	0	0	0	0	1	20210901
005801FF0001005005D300692D37FCE7	0	0	0	0	0	0	0	0	1	20210901
005801FF0001005005D300692D37FCF7	0	0	0	0	0	0	0	0	1	20210901
005801FF0001005005D300692D37FCF9	1	0	0	0	0	0	0	0	0	20210901
005801FF0001005005D300692D37FD24	1	0	0	0	0	0	0	0	0	20210901
005801FF0001005005D300692D37FD2B	0	0	0	0	0	0	0	0	1	20210901
005801FF0001005005D300692D37FD2F	1	0	0	0	0	0	0	0	0	20210901
005801FF0001005005D300692D37FD32	0	0	0	0	0	0	0	0	1	20210901
005801FF0001005005D300692D37FD39	0	0	0	0	0	0	0	0	1	20210901
005801FF0001005005D300692D37FD4B	0	0	0	0	0	0	0	0	1	20210901
005801FF0001005005D300692D37FD7C	0	0	0	0	0	0	0	0	1	20210901
005801FF0001005005D300692D37FDBC	1	0	0	0	0	0	0	0	0	20210901
005801FF0001005005D300692D37FDD3	0	0	0	0	0	0	0	0	1	20210901
005801FF0001005005D300692D37FE26	0	0	0	0	0	0	0	0	1	20210901
005801FF0001005005D300692D37FE3A	0	0	0	0	0	0	0	0	1	20210901
005801FF0001005005D300692D37FE4B	1	0	0	0	0	0	0	0	0	20210901
005801FF0001005005D300692D37FE4D	1	0	0	0	0	0	0	0	0	20210901
005801FF0001005005D300692D37FE80	0	0	0	0	0	0	0	0	1	20210901
005801FF0001005005D300692D37FE89	1	0	0	0	0	0	0	0	0	20210901
005801FF0001005005D300692D37FE90	0	1	0	0	0	0	0	0	0	20210901
005801FF0001005005D300692D37FEB4	1	0	0	0	0	0	0	0	0	20210901
005801FF0001005005D300692D37FEB5	1	0	0	0	0	0	0	0	0	20210901
005801FF0001005005D300692D37FEC0	1	0	0	0	0	0	0	0	0	20210901
005801FF0001005005D300692D37FEC3	1	0	0	0	0	0	0	0	0	20210901
005801FF0001005005D300692D37FEC4	0	0	0	0	0	0	0	0	1	20210901
005801FF0001005005D300692D37FEC9	1	0	0	0	0	0	0	0	0	20210901
005801FF0001005005D300692D37FECC	0	0	0	0	0	0	0	0	1	20210901
005801FF0001005005D300692D37FED7	0	0	0	0	0	0	0	0	1	20210901
005801FF0001005005D300692D37FEF4	0	0	0	0	0	0	0	0	1	20210901
005801FF0001005005D300692D37FEF9	0	0	0	0	0	0	0	0	1	20210901
005801FF0001005005D300692D37FF0F	0	0	0	0	0	0	0	0	1	20210901
005801FF0001005005D300692D37FF1D	0	0	0	0	0	0	0	0	1	20210901
005801FF0001005005D300692D37FF2D	0	0	0	0	0	0	0	0	1	20210901
005801FF0001005005D300692D37FF47	0	0	0	0	0	0	0	0	1	20210901
005801FF0001005005D300692D37FF49	1	0	0	0	0	0	0	0	0	20210901
005801FF0001005005D300692D37FF5D	0	0	0	0	0	0	0	0	1	20210901
005801FF0001005005D300692D37FF82	0	0	0	0	0	0	0	0	1	20210901
005801FF0001005005D300692D37FF87	1	0	0	0	0	0	0	0	0	20210901
005801FF0001005005D300692D37FF9D	0	0	0	0	0	0	0	0	1	20210901
005801FF0001005005D300692D37FF9E	0	0	0	0	0	0	0	0	1	20210901
005801FF0001005005D300692D37FFA0	0	0	0	0	0	0	0	0	1	20210901
005801FF0001005005D300692D37FFC5	0	0	0	0	0	0	0	0	1	20210901
005801FF0001005005D300692D37FFDA	1	0	0	0	0	0	0	0	0	20210901
005801FF0001005005D300692D37FFDD	0	0	0	0	0	0	0	0	1	20210901
005801FF0001005005D300692D37FFE5	0	0	0	0	0	0	0	0	1	20210901
005801FF0001005005D300692D37FFEB	0	0	0	0	0	0	0	0	1	20210901
005801FF0001005005D300692D37FFEE	0	0	0	0	0	1	0	0	0	20210901
005801FF0001005005D300692D37FFFB	0	0	0	0	0	0	0	0	1	20210901
005801FF0001005005D300692D380026	0	0	0	0	0	0	0	0	1	20210901
005801FF0001005005D300692D380051	0	0	0	0	0	0	0	0	1	20210901
005801FF0001005005D300692D3800A3	0	0	0	0	0	0	0	0	1	20210901
005801FF0001005005D300692D3800C6	0	0	0	0	0	0	0	0	1	20210901
005801FF0001005005D300692D3800E2	0	0	0	0	0	0	0	0	1	20210901
005801FF0001005005D300692D38010C	0	0	0	0	0	0	0	0	1	20210901
005801FF0001005005D300692D38012B	0	0	0	0	0	0	0	0	1	20210901
005801FF0001005005D300692D380132	0	0	0	0	0	0	0	0	1	20210901
005801FF0001005005D300692D38013D	0	0	0	0	0	0	0	0	1	20210901
005801FF0001005005D300692D3801AD	1	0	0	0	0	0	0	0	0	20210901
005801FF0001005005D300692D3801BE	0	0	0	0	0	0	0	0	1	20210901
005801FF0001005005D300692D3801CA	0	0	0	0	0	0	0	0	1	20210901
005801FF0001005005D300692D3801FC	1	0	0	0	0	0	0	0	0	20210901
005801FF0001005005D300692D380204	0	0	0	0	0	0	0	0	1	20210901
005801FF0001005005D300692D38021F	0	0	0	0	0	0	0	0	1	20210901
005801FF0001005005D300692D380231	0	0	0	0	0	1	0	0	0	20210901
005801FF0001005005D300692D380238	0	0	0	0	0	0	0	0	1	20210901
005801FF0001005005D300692D38024B	0	0	0	0	0	0	0	0	1	20210901
005801FF0001005005D300692D380262	0	0	0	0	0	0	0	0	1	20210901
005801FF0001005005D300692D380272	1	0	0	0	0	0	0	0	0	20210901
005801FF0001005005D300692D38027E	0	0	0	0	0	0	0	0	1	20210901
005801FF0001005005D300692D380295	0	0	0	0	0	0	0	0	1	20210901
005801FF0001005005D300692D380299	0	0	0	0	0	0	0	0	1	20210901
005801FF0001005005D300692D3802AB	0	0	0	0	0	0	0	0	1	20210901
005801FF0001005005D300692D3802B3	0	0	0	0	0	0	0	0	1	20210901
005801FF0001005005D300692D3802FE	0	0	0	0	0	0	0	0	1	20210901
005801FF0001005005D300692D380325	0	0	0	0	0	0	0	0	1	20210901
005801FF0001005005D300692D38032C	0	0	0	0	0	0	0	0	1	20210901
005801FF0001005005D300692D380345	0	0	0	0	0	0	0	0	1	20210901
005801FF0001005005D300692D380351	0	0	0	0	0	1	0	0	0	20210901
005801FF0001005005D300692D380373	0	0	0	0	0	0	0	0	1	20210901
005801FF0001005005D300692D3803AF	0	0	0	0	0	0	0	0	1	20210901
005801FF0001005005D300692D3803B7	0	0	0	0	0	0	0	0	1	20210901
005801FF0001005005D300692D380413	0	0	0	0	0	0	0	0	1	20210901
005801FF0001005005D300692D380427	0	0	0	0	0	0	0	0	1	20210901
005801FF0001005005D300692D380439	1	0	0	0	0	0	0	0	0	20210901
005801FF0001005005D300692D38043A	0	0	0	0	0	0	0	0	1	20210901
005801FF0001005005D300692D380442	0	0	0	0	0	0	0	0	1	20210901
005801FF0001005005D300692D38045E	1	0	0	0	0	0	0	0	0	20210901
005801FF0001005005D300692D380467	1	0	0	0	0	0	0	0	0	20210901
005801FF0001005005D300692D380483	0	0	0	0	0	0	0	0	1	20210901
005801FF0001005005D300692D38048F	1	0	0	0	0	0	0	0	0	20210901
005801FF0001005005D300692D3804A2	0	0	0	0	0	0	0	0	1	20210901
005801FF0001005005D300692D3804BA	1	0	0	0	0	0	0	0	0	20210901
005801FF0001005005D300692D3804C3	0	0	0	0	0	0	0	0	1	20210901
005801FF0001005005D300692D3804D1	0	0	0	0	0	0	0	0	1	20210901
005801FF0001005005D300692D3804D6	1	0	0	0	0	0	0	0	0	20210901
005801FF0001005005D300692D3804DB	1	0	0	0	0	0	0	0	0	20210901
005801FF0001005005D300692D3804EB	0	0	0	0	0	0	0	0	1	20210901
005801FF0001005005D300692D3804FE	0	0	0	0	0	0	0	0	1	20210901
005801FF0001005005D300692D3804FF	0	0	0	0	0	0	0	0	1	20210901
005801FF0001005005D300692D380504	0	0	0	0	0	0	0	0	1	20210901
005801FF0001005005D300692D380505	1	0	0	0	0	0	0	0	0	20210901
005801FF0001005005D300692D38052A	1	0	0	0	0	0	0	0	0	20210901
005801FF0001005005D300692D380546	0	0	0	0	0	0	0	0	1	20210901
005801FF0001005005D300692D38054F	0	0	0	0	0	0	0	0	1	20210901
005801FF0001005005D300692D380556	0	0	0	0	0	0	0	0	1	20210901
005801FF0001005005D300692D38055B	0	0	0	0	0	0	0	0	1	20210901
005801FF0001005005D300692D380560	1	0	0	0	0	0	0	0	0	20210901
005801FF0001005005D300692D380597	1	0	0	0	0	0	0	0	0	20210901
005801FF0001005005D300692D3805D0	0	0	0	0	0	0	0	0	1	20210901
005801FF0001005005D300692D380626	0	0	0	0	0	0	0	0	1	20210901
005801FF0001005005D300692D380633	0	0	0	0	0	0	0	0	1	20210901
005801FF0001005005D300692D380659	0	0	0	0	0	0	0	0	1	20210901
005801FF0001005005D300692D380690	1	0	0	0	0	0	0	0	0	20210901
005801FF0001005005D300692D3806B6	0	0	0	0	0	0	0	0	1	20210901
005801FF0001005005D300692D3806DE	0	0	0	0	0	0	0	0	1	20210901
005801FF0001005005D300692D380713	1	0	0	0	0	0	0	0	0	20210901
005801FF0001005005D300692D380733	0	0	0	0	0	0	0	0	1	20210901
005801FF0001005005D300692D380735	1	0	0	0	0	0	0	0	0	20210901
005801FF0001005005D300692D38074F	0	0	0	0	0	0	0	0	1	20210901
005801FF0001005005D300692D380763	1	0	0	0	0	0	0	0	0	20210901
005801FF0001005005D300692D380767	0	0	0	0	0	0	0	0	1	20210901
005801FF0001005005D300692D38077F	0	0	0	0	0	0	0	0	1	20210901
005801FF0001005005D300692D3807AE	0	0	0	0	0	0	0	0	1	20210901
005801FF0001005005D300692D3807B0	0	0	0	0	0	0	0	0	1	20210901
005801FF0001005005D300692D3807B5	0	0	0	0	0	0	0	0	1	20210901
005801FF0001005005D300692D3807BE	1	0	0	0	0	0	0	0	0	20210901
005801FF0001005005D300692D3807CC	0	0	0	0	0	0	0	0	1	20210901
005801FF0001005005D300692D3807F9	1	0	0	0	0	1	0	0	0	20210901
005801FF0001005005D300692D3807FE	0	0	0	0	0	0	0	0	1	20210901
005801FF0001005005D300692D380806	0	0	0	0	0	0	0	0	1	20210901
005801FF0001005005D300692D380807	0	0	0	0	0	0	0	0	1	20210901
005801FF0001005005D300692D380811	0	0	0	0	0	0	0	0	1	20210901
005801FF0001005005D300692D380835	0	0	0	0	0	0	0	0	1	20210901
005801FF0001005005D300692D380845	0	0	0	0	0	0	0	0	1	20210901
005801FF0001005005D300692D38084E	0	0	0	0	0	0	0	0	1	20210901
005801FF0001005005D300692D38085F	0	0	0	0	0	0	0	0	1	20210901
005801FF0001005005D300692D380868	0	0	0	0	0	0	0	0	1	20210901
005801FF0001005005D300692D380870	0	0	0	0	0	0	0	0	1	20210901
005801FF0001005005D300692D380895	0	0	0	0	0	0	0	0	1	20210901
005801FF0001005005D300692D3808A5	0	0	0	0	0	0	0	0	1	20210901
005801FF0001005005D300692D3808A6	0	0	0	0	0	0	0	0	1	20210901
005801FF0001005005D300692D38090F	1	1	0	0	0	0	0	0	0	20210901
005801FF0001005005D300692D380916	1	0	0	0	0	0	0	0	0	20210901
005801FF0001005005D300692D38091F	0	0	0	0	0	0	0	0	1	20210901
005801FF0001005005D300692D38093D	0	0	0	0	0	0	0	0	1	20210901
005801FF0001005005D300692D380946	0	0	0	0	0	0	0	0	1	20210901
005801FF0001005005D300692D380948	0	0	0	0	0	0	0	0	1	20210901
005801FF0001005005D300692D38099D	0	0	0	0	0	0	0	0	1	20210901
005801FF0001005005D300692D3809A2	1	0	0	0	0	0	0	0	0	20210901
005801FF0001005005D300692D3809BE	0	0	0	0	0	0	0	0	1	20210901
005801FF0001005005D300692D3809E3	0	0	0	0	0	0	0	0	1	20210901
005801FF0001005005D300692D380AD3	0	0	0	0	0	0	0	0	1	20210901
005801FF0001005005D300692D380AE5	0	0	0	0	0	0	0	0	1	20210901
005801FF0001005005D300692D380B42	0	0	0	0	0	0	0	0	1	20210901
005801FF0001005005D300692D380B4B	0	0	0	0	0	0	0	0	1	20210901
005801FF0001005005D300692D380B63	0	0	0	0	0	0	0	0	1	20210901
005801FF0001005005D300692D380B74	0	0	0	0	0	0	0	0	1	20210901
005801FF0001005005D300692D380BA3	1	0	0	0	0	0	0	0	0	20210901
005801FF0001005005D300692D380BB8	0	0	0	0	0	0	0	0	1	20210901
005801FF0001005005D300692D380BC1	1	0	0	0	0	0	0	0	0	20210901
005801FF0001005005D300692D380BC7	1	0	0	0	0	0	0	0	0	20210901
005801FF0001005005D300692D380BCD	0	0	0	0	0	0	0	0	1	20210901
005801FF0001005005D300692D380BD5	0	0	0	0	0	0	0	0	1	20210901
005801FF0001005005D300692D380C0E	0	0	0	0	0	0	0	0	1	20210901
005801FF0001005005D300692D380C20	0	0	0	0	0	0	0	0	1	20210901
005801FF0001005005D300692D380C63	1	1	0	0	0	0	0	0	0	20210901
005801FF0001005005D300692D380C68	0	0	0	0	0	0	0	0	1	20210901
005801FF0001005005D300692D380C6F	0	0	0	0	0	0	0	0	1	20210901
005801FF0001005005D300692D380CDE	1	0	0	0	0	1	0	0	0	20210901
005801FF0001005005D300692D380CFE	0	0	0	0	0	0	0	0	1	20210901
005801FF0001005005D300692D380D35	0	0	0	0	0	0	0	0	1	20210901
005801FF0001005005D300692D380D4F	0	0	0	0	0	0	0	0	1	20210901
005801FF0001005005D300692D380D7C	0	0	0	0	0	0	0	0	1	20210901
005801FF0001005005D300692D380D7F	1	1	0	0	0	0	0	0	0	20210901
005801FF0001005005D300692D380D8E	1	0	0	0	0	0	0	0	0	20210901
005801FF0001005005D300692D380D96	0	0	0	0	0	0	0	0	1	20210901
005801FF0001005005D300692D380DAF	0	0	0	0	0	0	0	0	1	20210901
005801FF0001005005D300692D380DC3	0	0	0	0	0	0	0	0	1	20210901
005801FF0001005005D300692D380DCC	0	0	0	0	0	0	0	0	1	20210901
005801FF0001005005D300692D380DDC	0	0	0	0	0	0	0	0	1	20210901
005801FF0001005005D300692D380E06	0	0	0	0	0	0	0	0	1	20210901
005801FF0001005005D300692D380E1D	0	0	0	0	0	0	0	0	1	20210901
005801FF0001005005D300692D380E23	1	0	0	0	0	0	0	0	0	20210901
005801FF0001005005D300692D380E28	0	0	0	0	0	0	0	0	1	20210901
005801FF0001005005D300692D380E2E	0	0	0	0	0	0	0	0	1	20210901
005801FF0001005005D300692D380E2F	0	0	0	0	0	0	0	0	1	20210901
005801FF0001005005D300692D380E4E	0	0	0	0	0	0	0	0	1	20210901
005801FF0001005005D300692D380E51	0	0	0	0	0	0	0	0	1	20210901
005801FF0001005005D300692D380E69	1	0	0	0	0	0	0	0	0	20210901
005801FF0001005005D300692D380EC0	0	0	0	0	0	0	0	0	1	20210901
005801FF0001005005D300692D380EDF	0	0	0	0	0	0	0	0	1	20210901
005801FF0001005005D300692D380EFB	0	0	0	0	0	0	0	0	1	20210901
005801FF0001005005D300692D380EFE	0	0	0	0	0	0	0	0	1	20210901
005801FF0001005005D300692D380F06	1	0	0	0	0	0	0	0	0	20210901
005801FF0001005005D300692D380F0A	0	0	0	0	0	0	0	0	1	20210901
005801FF0001005005D300692D380F0E	0	0	0	0	0	0	0	0	1	20210901
005801FF0001005005D300692D380F29	1	0	0	0	0	0	0	0	0	20210901
005801FF0001005005D300692D380F37	0	0	0	0	0	0	0	0	1	20210901
005801FF0001005005D300692D380F48	0	0	0	0	0	0	0	0	1	20210901
005801FF0001005005D300692D380F4E	1	0	0	0	0	1	0	0	0	20210901
005801FF0001005005D300692D380F51	0	0	0	0	0	0	0	0	1	20210901
005801FF0001005005D300692D380F54	0	0	0	0	0	0	0	0	1	20210901
005801FF0001005005D300692D380F67	0	0	0	0	0	0	0	0	1	20210901
005801FF0001005005D300692D380F8E	0	0	0	0	0	0	0	0	1	20210901
005801FF0001005005D300692D380F99	1	0	0	0	0	0	0	0	0	20210901
005801FF0001005005D300692D380FBB	0	0	0	0	0	0	0	0	1	20210901
005801FF0001005005D300692D380FBC	0	0	0	0	0	0	0	0	1	20210901
005801FF0001005005D300692D380FE7	1	0	0	0	0	0	0	0	0	20210901
005801FF0001005005D300692D380FF8	0	0	0	0	0	0	0	0	1	20210901
005801FF0001005005D300692D381002	1	0	0	0	0	0	0	0	0	20210901
005801FF0001005005D300692D381006	0	0	0	0	0	0	0	0	1	20210901
005801FF0001005005D300692D381029	0	0	0	0	0	0	0	0	1	20210901
005801FF0001005005D300692D381054	0	0	0	0	0	0	0	0	1	20210901
005801FF0001005005D300692D38105E	0	0	0	0	0	0	0	0	1	20210901
005801FF0001005005D300692D381087	0	0	0	0	0	0	0	0	1	20210901
005801FF0001005005D300692D381088	1	0	0	0	0	0	0	0	0	20210901
005801FF0001005005D300692D381092	1	0	0	0	0	0	0	0	0	20210901
005801FF0001005005D300692D3810B3	0	0	0	0	0	0	0	0	1	20210901
005801FF0001005005D300692D3810CA	1	0	0	0	0	0	0	0	0	20210901
005801FF0001005005D300692D3810E3	0	0	0	0	0	0	0	0	1	20210901
005801FF0001005005D300692D3810E4	0	0	0	0	0	0	0	0	1	20210901
005801FF0001005005D300692D3810F3	0	0	0	0	0	0	0	0	1	20210901
005801FF0001005005D300692D3810F6	1	0	0	0	0	0	0	0	0	20210901
005801FF0001005005D300692D38112E	0	0	0	0	0	0	0	0	1	20210901
005801FF0001005005D300692D38113F	0	0	0	0	0	0	0	0	1	20210901
005801FF0001005005D300692D38114C	0	0	0	0	0	0	0	0	1	20210901
005801FF0001005005D300692D381161	0	0	0	0	0	0	0	0	1	20210901
005801FF0001005005D300692D38117A	0	0	0	0	0	0	0	0	1	20210901
005801FF0001005005D300692D38118A	0	0	0	0	0	0	0	0	1	20210901
005801FF0001005005D300692D3811B5	0	0	0	0	0	0	0	0	1	20210901
005801FF0001005005D300692D3811BF	0	0	0	0	0	0	0	0	1	20210901
005801FF0001005005D300692D381207	0	0	0	0	0	0	0	0	1	20210901
005801FF0001005005D300692D381219	1	0	0	0	0	0	0	0	0	20210901
005801FF0001005005D300692D38122A	0	0	0	0	0	0	0	0	1	20210901
005801FF0001005005D300692D38123F	1	0	0	0	0	0	0	0	0	20210901
005801FF0001005005D300692D381248	1	0	0	0	0	1	0	0	0	20210901
005801FF0001005005D300692D381266	0	0	0	0	0	0	0	0	1	20210901
005801FF0001005005D300692D38126F	1	0	0	0	0	0	0	0	0	20210901
005801FF0001005005D300692D381277	0	0	0	0	0	1	0	0	0	20210901
005801FF0001005005D300692D38128E	1	0	0	0	0	0	0	0	0	20210901
005801FF0001005005D300692D381297	1	0	0	0	0	0	0	0	0	20210901
005801FF0001005005D300692D3812AB	0	0	0	0	0	0	0	0	1	20210901
005801FF0001005005D300692D3812CC	0	0	0	0	0	0	0	0	1	20210901
005801FF0001005005D300692D3812CE	0	0	0	0	0	0	0	0	1	20210901
005801FF0001005005D300692D38135F	0	0	0	0	0	0	0	0	1	20210901
005801FF0001005005D300692D3813A9	0	0	0	0	0	0	0	0	1	20210901
005801FF0001005005D300692D3813C6	1	0	0	0	0	0	0	0	0	20210901
005801FF0001005005D300692D3813EB	0	0	0	0	0	0	0	0	1	20210901
005801FF0001005005D300692D381432	1	0	0	0	0	0	0	0	0	20210901
005801FF0001005005D300692D381436	0	0	0	0	0	0	0	0	1	20210901
005801FF0001005005D300692D38144C	0	0	0	0	0	0	0	0	1	20210901
005801FF0001005005D300692D38145A	0	0	0	0	0	0	0	0	1	20210901
005801FF0001005005D300692D38146B	0	0	0	0	0	0	0	0	1	20210901
005801FF0001005005D300692D381489	0	0	0	0	0	0	0	0	1	20210901
005801FF0001005005D300692D3814CC	0	0	0	0	0	0	0	0	1	20210901
005801FF0001005005D300692D381509	0	0	0	0	0	0	0	0	1	20210901
005801FF0001005005D300692D381522	0	0	0	0	0	0	0	0	1	20210901
005801FF0001005005D300692D381528	0	0	0	0	0	0	0	0	1	20210901
005801FF0001005005D300692D381535	0	0	0	0	0	0	0	0	1	20210901
005801FF0001005005D300692D381545	0	0	0	0	0	0	0	0	1	20210901
005801FF0001005005D300692D38155B	0	0	0	0	0	0	0	0	1	20210901
005801FF0001005005D300692D381572	0	0	0	0	0	0	0	0	1	20210901
005801FF0001005005D300692D381591	0	0	0	0	0	0	0	0	1	20210901
005801FF0001005005D300692D3815D0	0	0	0	0	0	0	0	0	1	20210901
005801FF0001005005D300692D3815D6	0	0	0	0	0	0	0	0	1	20210901
005801FF0001005005D300692D3815E8	0	0	0	0	0	0	0	0	1	20210901
005801FF0001005005D300692D3815F7	1	0	0	0	0	0	0	0	0	20210901
005801FF0001005005D300692D3815FC	1	0	0	0	0	0	0	0	0	20210901
005801FF0001005005D300692D38160D	1	0	0	0	0	0	0	0	0	20210901
005801FF0001005005D300692D381611	1	0	0	0	0	0	0	0	0	20210901
005801FF0001005005D300692D38163D	0	0	0	0	0	0	0	0	1	20210901
005801FF0001005005D300692D381645	0	0	0	0	0	0	0	0	1	20210901
005801FF0001005005D300692D38164C	0	0	0	0	0	0	0	0	1	20210901
005801FF0001005005D300692D381654	0	0	0	0	0	0	0	0	1	20210901
005801FF0001005005D300692D38165B	0	0	0	0	0	0	0	0	1	20210901
005801FF0001005005D300692D38169F	0	0	0	0	0	1	0	0	0	20210901
005801FF0001005005D300692D3816B1	0	0	0	0	0	0	0	0	1	20210901
005801FF0001005005D300692D3816C2	1	0	0	0	0	0	0	0	0	20210901
005801FF0001005005D300692D3816CA	0	0	0	0	0	0	0	0	1	20210901
005801FF0001005005D300692D3816CC	0	0	0	0	0	0	0	0	1	20210901
005801FF0001005005D300692D3816D8	1	0	0	0	0	0	0	0	0	20210901
005801FF0001005005D300692D3816DD	1	0	0	0	0	0	0	0	0	20210901
005801FF0001005005D300692D3816E5	0	0	0	0	0	0	0	0	1	20210901
005801FF0001005005D300692D3816FE	1	0	0	0	0	0	0	0	0	20210901
005801FF0001005005D300692D381731	1	0	0	0	0	0	0	0	0	20210901
005801FF0001005005D300692D38175A	0	0	0	0	0	0	0	0	1	20210901
005801FF0001005005D300692D381792	0	0	0	0	0	0	0	0	1	20210901
005801FF0001005005D300692D38179C	1	1	0	0	0	0	0	0	0	20210901
005801FF0001005005D300692D3817D4	0	0	0	0	0	0	0	0	1	20210901
005801FF0001005005D300692D38182F	0	0	0	0	0	0	0	0	1	20210901
005801FF0001005005D300692D381844	0	0	0	0	0	0	0	0	1	20210901
005801FF0001005005D300692D381855	0	0	0	0	0	0	0	0	1	20210901
005801FF0001005005D300692D381871	1	0	0	0	0	0	0	0	0	20210901
005801FF0001005005D300692D38187D	0	0	0	0	0	0	0	0	1	20210901
005801FF0001005005D300692D3818B9	0	0	0	0	0	0	0	0	1	20210901
005801FF0001005005D300692D3818D7	0	0	0	0	0	0	0	0	1	20210901
005801FF0001005005D300692D381904	1	0	0	0	0	0	0	0	0	20210901
005801FF0001005005D300692D381909	0	0	0	0	0	0	0	0	1	20210901
005801FF0001005005D300692D38193C	0	0	0	0	0	0	0	0	1	20210901
005801FF0001005005D300692D38197B	0	0	0	0	0	0	0	0	1	20210901
005801FF0001005005D300692D381991	0	0	0	0	0	0	0	0	1	20210901
005801FF0001005005D300692D38199A	1	0	0	0	0	0	0	0	0	20210901
005801FF0001005005D300692D381A0A	0	0	0	0	0	0	0	0	1	20210901
005801FF0001005005D300692D381A31	0	0	0	0	0	0	0	0	1	20210901
005801FF0001005005D300692D381A41	1	0	0	0	0	0	0	0	0	20210901
005801FF0001005005D300692D381A4A	0	0	0	0	0	0	0	0	1	20210901
005801FF0001005005D300692D381A4D	0	0	0	0	0	0	0	0	1	20210901
005801FF0001005005D300692D381A6D	0	0	0	0	0	0	0	0	1	20210901
005801FF0001005005D300692D381A7A	1	0	0	0	0	0	0	0	0	20210901
005801FF0001005005D300692D381AAB	0	0	0	0	0	0	0	0	1	20210901
005801FF0001005005D300692D381B12	0	0	0	0	0	0	0	0	1	20210901
005801FF0001005005D300692D381B21	0	0	0	0	0	0	0	0	1	20210901
005801FF0001005005D300692D381B2E	0	0	0	0	0	0	0	0	1	20210901
005801FF0001005005D300692D381B53	0	0	0	0	0	0	0	0	1	20210901
005801FF0001005005D300692D381B5C	0	0	0	0	0	0	0	0	1	20210901
005801FF0001005005D300692D381B7E	0	0	0	0	0	0	0	0	1	20210901
005801FF0001005005D300692D381B85	0	0	0	0	0	0	0	0	1	20210901
005801FF0001005005D300692D381B89	0	0	0	0	0	0	0	0	1	20210901
005801FF0001005005D300692D381BC9	0	0	0	0	0	0	0	0	1	20210901
005801FF0001005005D300692D381BD6	0	0	0	0	0	0	0	0	1	20210901
005801FF0001005005D300692D381BEA	1	0	0	0	0	1	0	0	0	20210901
005801FF0001005005D300692D381BFB	0	0	0	0	0	0	0	0	1	20210901
005801FF0001005005D300692D381C15	1	0	0	0	0	0	0	0	0	20210901
005801FF0001005005D300692D381C1C	0	0	0	0	0	0	0	0	1	20210901
005801FF0001005005D300692D381C26	1	0	0	0	0	0	0	0	0	20210901
005801FF0001005005D300692D381C5C	0	0	0	0	0	0	0	0	1	20210901
005801FF0001005005D300692D381C9A	0	0	0	0	0	0	0	0	1	20210901
005801FF0001005005D300692D381CD9	1	0	0	0	0	0	0	0	0	20210901
005801FF0001005005D300692D381CF1	0	0	0	0	0	0	0	0	1	20210901
005801FF0001005005D300692D381CF4	0	0	0	0	0	0	0	0	1	20210901
005801FF0001005005D300692D381D03	0	0	0	0	0	1	0	0	0	20210901
005801FF0001005005D300692D381D31	1	0	0	0	0	0	0	0	0	20210901
005801FF0001005005D300692D381D42	0	0	0	0	0	0	0	0	1	20210901
005801FF0001005005D300692D381D49	0	0	0	0	0	0	0	0	1	20210901
005801FF0001005005D300692D381D6C	1	0	0	0	0	0	0	0	0	20210901
005801FF0001005005D300692D381D6E	0	0	0	0	0	0	0	0	1	20210901
005801FF0001005005D300692D381D76	0	0	0	0	0	0	0	0	1	20210901
005801FF0001005005D300692D381D8F	1	0	0	0	0	0	0	0	0	20210901
005801FF0001005005D300692D381D97	0	0	0	0	0	0	0	0	1	20210901
005801FF0001005005D300692D381D9B	1	0	0	0	0	0	0	0	0	20210901
005801FF0001005005D300692D381DDD	0	0	0	0	0	0	0	0	1	20210901
005801FF0001005005D300692D381DFC	1	0	0	0	0	1	0	0	0	20210901
005801FF0001005005D300692D381E00	0	0	0	0	0	0	0	0	1	20210901
005801FF0001005005D300692D381E0E	1	0	0	0	0	0	0	0	0	20210901
005801FF0001005005D300692D381E22	0	0	0	0	0	0	0	0	1	20210901
005801FF0001005005D300692D381E55	1	0	0	0	0	0	0	0	0	20210901
005801FF0001005005D300692D381E5A	0	0	0	0	0	0	0	0	1	20210901
005801FF0001005005D300692D381E77	1	0	0	0	0	0	0	0	0	20210901
005801FF0001005005D300692D381E82	0	0	0	0	0	0	0	0	1	20210901
005801FF0001005005D300692D381E8B	0	0	0	0	0	0	0	0	1	20210901
005801FF0001005005D300692D381E95	0	0	0	0	0	0	0	0	1	20210901
005801FF0001005005D300692D381E96	0	0	0	0	0	0	0	0	1	20210901
005801FF0001005005D300692D381EC5	1	0	0	0	0	0	0	0	0	20210901
005801FF0001005005D300692D381ED2	0	0	0	0	0	0	0	0	1	20210901
005801FF0001005005D300692D381ED3	0	0	0	0	0	0	0	0	1	20210901
005801FF0001005005D300692D381EDA	1	0	0	0	0	0	0	0	0	20210901
005801FF0001005005D300692D381F13	0	0	0	0	0	0	0	0	1	20210901
005801FF0001005005D300692D381F1A	0	0	0	0	0	0	0	0	1	20210901
005801FF0001005005D300692D381F6A	0	0	0	0	0	0	0	0	1	20210901
005801FF0001005005D300692D381F7B	0	0	0	0	0	0	0	0	1	20210901
005801FF0001005005D300692D381F8E	0	0	0	0	0	0	0	0	1	20210901
005801FF0001005005D300692D381FB4	0	0	0	0	0	0	0	0	1	20210901
005801FF0001005005D300692D381FDB	1	0	0	0	0	0	0	0	0	20210901
005801FF0001005005D300692D381FE6	1	0	0	0	0	0	0	0	0	20210901
005801FF0001005005D300692D381FF5	0	0	0	0	0	0	0	0	1	20210901
005801FF0001005005D300692D382007	0	0	0	0	0	0	0	0	1	20210901
005801FF0001005005D300692D382011	1	0	0	0	0	0	0	0	0	20210901
005801FF0001005005D300692D382018	0	0	0	0	0	0	0	0	1	20210901
005801FF0001005005D300692D382022	0	0	0	0	0	0	0	0	1	20210901
005801FF0001005005D300692D382028	0	0	0	0	0	0	0	0	1	20210901
005801FF0001005005D300692D382049	0	0	0	0	0	0	0	0	1	20210901
005801FF0001005006D400692D3D9C52	0	0	0	0	0	0	0	0	1	20210901
005801FF0001005006D400692D3D9C61	0	0	0	0	0	0	0	0	1	20210901
005801FF0001005006D400692D3D9C7D	0	0	0	0	0	0	0	0	1	20210901
005801FF0001005006D400692D3D9D1F	0	0	0	0	0	0	0	0	1	20210901
005801FF0001005006D400692D3D9D67	0	0	0	0	0	0	0	0	1	20210901
005801FF0001005006D400692D3D9D7B	1	0	0	0	0	0	0	0	0	20210901
005801FF0001005006D400692D3D9D8D	1	0	0	0	0	0	0	0	0	20210901
005801FF0001005006D400692D3D9DC4	0	0	0	0	0	0	0	0	1	20210901
005801FF0001005006D400692D3D9DCE	0	0	0	0	0	0	0	0	1	20210901
005801FF0001005006D400692D3D9DCF	0	0	0	0	0	0	0	0	1	20210901
005801FF0001005006D400692D3D9DFC	0	0	0	0	0	0	0	0	1	20210901
005801FF0001005006D400692D3D9E0A	0	0	0	0	0	0	0	0	1	20210901
005801FF0001005006D400692D3D9E52	0	0	0	0	0	0	0	0	1	20210901
005801FF0001005006D400692D3D9E56	0	0	0	0	0	0	0	0	1	20210901
005801FF0001005006D400692D3D9E5C	1	0	0	0	0	0	0	0	0	20210901
005801FF0001005006D400692D3D9E5E	0	0	0	0	0	0	0	0	1	20210901
005801FF0001005006D400692D3D9E70	1	0	0	0	0	0	0	0	0	20210901
005801FF0001005006D400692D3D9E86	0	0	0	0	0	0	0	0	1	20210901
005801FF0001005006D400692D3D9E90	0	0	0	0	0	0	0	0	1	20210901
005801FF0001005006D400692D3D9EA0	0	0	0	0	0	0	0	0	1	20210901
005801FF0001005006D400692D3D9F10	1	0	0	0	0	0	0	0	0	20210901
005801FF0001005006D400692D3D9F48	0	0	0	0	0	0	0	0	1	20210901
005801FF0001005006D400692D3D9F84	0	0	0	0	0	1	0	0	0	20210901
005801FF0001005006D400692D3D9FBE	0	0	0	0	0	0	0	0	1	20210901
005801FF0001005006D400692D3D9FC7	0	0	0	0	0	0	0	0	1	20210901
005801FF0001005006D400692D3D9FE6	0	0	0	0	0	0	0	0	1	20210901
005801FF0001005006D400692D3D9FF2	1	0	0	0	0	0	0	0	0	20210901
005801FF0001005006D400692D3DA021	0	0	0	0	0	0	0	0	1	20210901
005801FF0001005006D400692D3DA076	0	0	0	0	0	0	0	0	1	20210901
005801FF0001005006D400692D3DA07A	0	0	0	0	0	0	0	0	1	20210901
005801FF0001005006D400692D3DA095	0	0	0	0	0	0	0	0	1	20210901
005801FF0001005006D400692D3DA0D4	0	0	0	0	0	0	0	0	1	20210901
005801FF0001005006D400692D3DA1A1	0	0	0	0	0	0	0	0	1	20210901
005801FF0001005006D400692D3DA1A4	1	0	0	0	0	0	0	0	0	20210901
005801FF0001005006D400692D3DA219	0	0	0	0	0	0	0	0	1	20210901
005801FF0001005006D400692D3DA21A	0	0	0	0	0	0	0	0	1	20210901
005801FF0001005006D400692D3DA241	0	0	0	0	0	0	0	0	1	20210901
005801FF0001005006D400692D3DA25D	0	0	0	0	0	0	0	0	1	20210901
005801FF0001005006D400692D3DA289	0	0	0	0	0	0	0	0	1	20210901
005801FF0001005006D400692D3DA28C	0	0	0	0	0	0	0	0	1	20210901
005801FF0001005006D400692D3DA28F	0	0	0	0	0	0	0	0	1	20210901
005801FF0001005006D400692D3DA2AE	0	0	0	0	0	0	0	0	1	20210901
005801FF0001005006D400692D3DA318	0	0	0	0	0	0	0	0	1	20210901
005801FF0001005006D400692D3DA358	0	0	0	0	0	0	0	0	1	20210901
005801FF0001005006D400692D3DA360	1	0	0	0	0	0	0	0	0	20210901
005801FF0001005006D400692D3DA393	0	0	0	0	0	0	0	0	1	20210901
005801FF0001005006D400692D3DA48B	0	0	0	0	0	0	0	0	1	20210901
005801FF0001005006D400692D3DA4A7	0	0	0	0	0	0	0	0	1	20210901
005801FF0001005006D400692D3DA4EB	1	0	0	0	0	0	0	0	0	20210901
005801FF0001005006D400692D3DA58E	0	0	0	0	0	0	0	0	1	20210901
005801FF0001005006D400692D3DA61E	1	0	0	0	0	0	0	0	0	20210901
005801FF0001005006D400692D3DA655	0	0	0	0	0	0	0	0	1	20210901
005801FF0001005006D400692D3DA6A5	1	0	0	0	0	0	0	0	0	20210901
005801FF0001005006D400692D3DA6B3	0	0	0	0	0	0	0	0	1	20210901
005801FF0001005006D400692D3DA6E0	0	0	0	0	0	0	0	0	1	20210901
005801FF0001005006D400692D3DA6EF	0	0	0	0	0	0	0	0	1	20210901
005801FF0001005006D400692D3DA719	0	0	0	0	0	0	0	0	1	20210901
005801FF0001005006D400692D3DA756	0	0	0	0	0	1	0	0	0	20210901
005801FF0001005006D400692D3DA77D	0	0	0	0	0	0	0	0	1	20210901
005801FF0001005006D400692D3DA796	1	0	0	0	0	0	0	0	0	20210901
005801FF0001005006D400692D3DA79A	1	0	0	0	0	0	0	0	0	20210901
005801FF0001005006D400692D3DA7A4	0	0	0	0	0	0	0	0	1	20210901
005801FF0001005006D400692D3DA7C6	0	0	0	0	0	0	0	0	1	20210901
005801FF0001005006D400692D3DA7C9	1	0	0	0	0	0	0	0	0	20210901
005801FF0001005006D400692D3DA819	0	0	0	0	0	0	0	0	1	20210901
005801FF0001005006D400692D3DA838	0	0	0	0	0	0	0	0	1	20210901
005801FF0001005006D400692D3DA83D	0	0	0	0	0	0	0	0	1	20210901
005801FF0001005006D400692D3DA840	0	0	0	0	0	0	0	0	1	20210901
005801FF0001005006D400692D3DA8D1	1	0	0	0	0	0	0	0	0	20210901
005801FF0001005006D400692D3DA91C	0	0	0	0	0	0	0	0	1	20210901
005801FF0001005006D400692D3DA93C	0	0	0	0	0	0	0	0	1	20210901
005801FF0001005006D400692D3DA951	0	0	0	0	0	0	0	0	1	20210901
005801FF0001005006D400692D3DA987	0	0	0	0	0	0	0	0	1	20210901
005801FF0001005006D400692D3DA9D7	0	0	0	0	0	0	0	0	1	20210901
005801FF0001005006D400692D3DA9DE	1	0	0	0	0	0	0	0	0	20210901
005801FF0001005006D400692D3DA9E9	1	0	0	0	0	0	0	0	0	20210901
005801FF0001005006D400692D3DA9EB	0	0	0	0	0	0	0	0	1	20210901
005801FF0001005006D400692D3DA9F4	0	0	0	0	0	0	0	0	1	20210901
005801FF0001005006D400692D3DAA2D	0	0	0	0	0	0	0	0	1	20210901
005801FF0001005006D400692D3DAA5F	0	0	0	0	0	0	0	0	1	20210901
005801FF0001005006D400692D3DAA82	0	0	0	0	0	0	0	0	1	20210901
005801FF0001005006D400692D3DAA85	0	0	0	0	0	0	0	0	1	20210901
005801FF0001005006D400692D3DAABD	1	0	0	0	0	0	0	0	0	20210901
005801FF0001005006D400692D3DAB53	0	0	0	0	0	0	0	0	1	20210901
005801FF0001005006D400692D3DAB8D	0	0	0	0	0	0	0	0	1	20210901
005801FF0001005006D400692D3DABA0	0	0	0	0	0	0	0	0	1	20210901
005801FF0001005006D400692D3DAC18	0	0	0	0	0	0	0	0	1	20210901
005801FF0001005006D400692D3DAC53	0	0	0	0	0	0	0	0	1	20210901
005801FF0001005006D400692D3DAC77	0	0	0	0	0	0	0	0	1	20210901
005801FF0001005006D400692D3DAC8A	1	0	0	0	0	0	0	0	0	20210901
005801FF0001005006D400692D3DACD4	0	0	0	0	0	0	0	0	1	20210901
005801FF0001005006D400692D3DACEC	1	0	0	0	0	0	0	0	0	20210901
005801FF0001005006D400692D3DAD42	0	0	0	0	0	0	0	0	1	20210901
005801FF0001005006D400692D3DAD46	1	0	0	0	0	0	0	0	0	20210901
005801FF0001005006D400692D3DAD67	0	0	0	0	0	0	0	0	1	20210901
005801FF0001005006D400692D3DAD69	1	0	0	0	0	0	0	0	0	20210901
005801FF0001005006D400692D3DAD73	0	0	0	0	0	0	0	0	1	20210901
005801FF0001005006D400692D3DAD9F	0	0	0	0	0	0	0	0	1	20210901
005801FF0001005006D400692D3DADB4	0	0	0	0	0	0	0	0	1	20210901
005801FF0001005006D400692D3DADCF	0	0	0	0	0	0	0	0	1	20210901
005801FF0001005006D400692D3DAE30	0	0	0	0	0	0	0	0	1	20210901
005801FF0001005006D400692D3DAE42	0	0	0	0	0	0	0	0	1	20210901
005801FF0001005006D400692D3DAE58	0	0	0	0	0	0	0	0	1	20210901
005801FF0001005006D400692D3DAE5C	0	0	0	0	0	0	0	0	1	20210901
005801FF0001005006D400692D3DAE6A	1	0	0	0	0	0	0	0	0	20210901
005801FF0001005006D400692D3DAE70	0	0	0	0	0	0	0	0	1	20210901
005801FF0001005006D400692D3DAE94	0	0	0	0	0	0	0	0	1	20210901
005801FF0001005006D400692D3DAE99	0	0	0	0	0	0	0	0	1	20210901
005801FF0001005006D400692D3DAE9C	0	0	0	0	0	0	0	0	1	20210901
005801FF0001005006D400692D3DAEB6	1	0	0	0	0	0	0	0	0	20210901
005801FF0001005006D400692D3DAEB9	0	0	0	0	0	0	0	0	1	20210901
005801FF0001005006D400692D3DAEEA	0	0	0	0	0	0	0	0	1	20210901
005801FF0001005006D400692D3DAEF9	0	0	0	0	0	0	0	0	1	20210901
005801FF0001005006D400692D3DAFB1	1	0	0	0	0	0	0	0	0	20210901
005801FF0001005006D400692D3DB14C	0	0	0	0	0	0	0	0	1	20210901
005801FF0001005006D400692D3DB156	0	0	0	0	0	0	0	0	1	20210901
005801FF0001005006D400692D3DB181	0	0	0	0	0	0	0	0	1	20210901
005801FF0001005006D400692D3DB1E4	0	0	0	0	0	0	0	0	1	20210901
005801FF0001005006D400692D3DB20A	0	0	0	0	0	0	0	0	1	20210901
005801FF0001005006D400692D3DB220	1	0	0	0	0	0	0	0	0	20210901
005801FF0001005006D400692D3DB224	0	0	0	0	0	0	0	0	1	20210901
005801FF0001005006D400692D3DB22F	1	0	0	0	0	0	0	0	0	20210901
005801FF0001005006D400692D3DB27E	0	0	0	0	0	0	0	0	1	20210901
005801FF0001005006D400692D3DB291	1	0	0	0	0	0	0	0	0	20210901
005801FF0001005006D400692D3DB292	0	0	0	0	0	0	0	0	1	20210901
005801FF0001005006D400692D3DB2D9	0	0	0	0	0	0	0	0	1	20210901
005801FF0001005006D400692D3DB2DC	0	0	0	0	0	0	0	0	1	20210901
005801FF0001005006D400692D3DB30F	1	0	0	0	0	0	0	0	0	20210901
005801FF0001005006D400692D3DB31F	0	0	0	0	0	0	0	0	1	20210901
005801FF0001005006D400692D3DB357	0	0	0	0	0	0	0	0	1	20210901
005801FF0001005006D400692D3DB370	1	0	0	0	0	0	0	0	0	20210901
005801FF0001005006D400692D3DB3D9	1	0	0	0	0	0	0	0	0	20210901
005801FF0001005006D400692D3DB43F	0	0	0	0	0	0	0	0	1	20210901
005801FF0001005006D400692D3DB4CE	0	0	0	0	0	0	0	0	1	20210901
005801FF0001005006D400692D3DB4FA	0	0	0	0	0	0	0	0	1	20210901
005801FF0001005006D400692D3DB6A5	0	0	0	0	0	0	0	0	1	20210901
005801FF0001005006D400692D3DB761	0	0	0	0	0	0	0	0	1	20210901
005801FF0001005006D400692D3DB772	0	0	0	0	0	0	0	0	1	20210901
005801FF0001005006D400692D3DB82C	1	0	0	0	0	0	0	0	0	20210901
005801FF0001005006D400692D3DB856	0	0	0	0	0	0	0	0	1	20210901
005801FF0001005006D400692D3DB87E	0	0	0	0	0	0	0	0	1	20210901
005801FF0001005006D400692D3DB8D5	1	0	0	0	0	0	0	0	0	20210901
005801FF0001005006D400692D3DB8D7	0	0	0	0	0	0	0	0	1	20210901
005801FF0001005006D400692D3DB8DE	0	0	0	0	0	0	0	0	1	20210901
005801FF0001005006D400692D3DB96E	1	0	0	0	0	0	0	0	0	20210901
005801FF0001005006D400692D3DB9C0	0	0	0	0	0	0	0	0	1	20210901
005801FF0001005006D400692D3DB9EE	1	0	0	0	0	0	0	0	0	20210901
005801FF0001005006D400692D3DBA3C	0	0	0	0	0	0	0	0	1	20210901
005801FF0001005006D400692D3DBB9A	1	0	0	0	0	0	0	0	0	20210901
005801FF0001005006D400692D3DBBD8	0	0	0	0	0	0	0	0	1	20210901
005801FF0001005006D400692D3DBC62	1	0	0	0	0	0	0	0	0	20210901
005801FF0001005006D400692D3DBCB3	0	0	0	0	0	0	0	0	1	20210901
005801FF0001005006D400692D3DBCD3	0	0	0	0	0	0	0	0	1	20210901
005801FF0001005006D400692D3DBD26	0	0	0	0	0	0	0	0	1	20210901
005801FF0001005006D400692D3DBD40	1	0	0	0	0	0	0	0	0	20210901
005801FF0001005006D400692D3DBD65	1	1	0	0	0	0	0	0	0	20210901
005801FF0001005006D400692D3DBD97	1	0	0	0	0	0	0	0	0	20210901
005801FF0001005006D400692D3DBD9F	0	0	0	0	0	0	0	0	1	20210901
005801FF0001005006D400692D3DBDA5	0	0	0	0	0	0	0	0	1	20210901
005801FF0001005006D400692D3DBDDA	0	0	0	0	0	0	0	0	1	20210901
005801FF0001005006D400692D3DBE20	0	0	0	0	0	0	0	0	1	20210901
005801FF0001005006D400692D3DBE38	1	1	0	0	0	0	0	0	0	20210901
005801FF0001005006D400692D3DBE4A	0	0	0	0	0	0	0	0	1	20210901
005801FF0001005006D400692D3DBE5D	0	0	0	0	0	0	0	0	1	20210901
005801FF0001005006D400692D3DBE60	0	0	0	0	0	0	0	0	1	20210901
005801FF0001005006D400692D3DBE7C	0	0	0	0	0	0	0	0	1	20210901
005801FF0001005006D400692D3DBE8F	1	0	0	0	0	0	0	0	0	20210901
005801FF0001005006D400692D3DBE97	1	0	0	0	0	0	0	0	0	20210901
005801FF0001005006D400692D3DBEBF	0	0	0	0	0	0	0	0	1	20210901
005801FF0001005006D400692D3DBF80	0	0	0	0	0	0	0	0	1	20210901
005801FF0001005006D400692D3DBFA4	0	0	0	0	0	0	0	0	1	20210901
005801FF0001005006D400692D3DBFB2	1	0	0	0	0	0	0	0	0	20210901
005801FF0001005006D400692D3DBFBF	1	0	0	0	0	1	0	0	0	20210901
005801FF0001005006D400692D3DBFD6	0	0	0	0	0	0	0	0	1	20210901
005801FF0001005006D400692D3DC01E	0	0	0	0	0	0	0	0	1	20210901
005801FF0001005006D400692D3DC01F	1	0	0	0	0	0	0	0	0	20210901
005801FF0001005006D400692D3DC05A	0	0	0	0	0	0	0	0	1	20210901
005801FF0001005006D400692D3DC086	0	0	0	0	0	0	0	0	1	20210901
005801FF0001005006D400692D3DC0D3	0	0	0	0	0	0	0	0	1	20210901
005801FF0001005006D400692D3DC0E2	0	0	0	0	0	0	0	0	1	20210901
005801FF0001005006D400692D3DC125	0	0	0	0	0	0	0	0	1	20210901
005801FF0001005006D400692D3DC185	0	0	0	0	0	0	0	0	1	20210901
005801FF0001005006D400692D3DC18D	0	0	0	0	0	0	0	0	1	20210901
005801FF0001005006D400692D3DC1B0	0	0	0	0	0	0	0	0	1	20210901
005801FF0001005006D400692D3DC1EB	0	0	0	0	0	0	0	0	1	20210901
005801FF0001005006D400692D3DC2CE	0	0	0	0	0	0	0	0	1	20210901
005801FF0001005006D400692D3DC2F1	0	0	0	0	0	0	0	0	1	20210901
005801FF0001005006D400692D3DC312	0	0	0	0	0	0	0	0	1	20210901
005801FF0001005006D400692D3DC325	1	0	0	0	0	0	0	0	0	20210901
005801FF0001005006D400692D3DC369	0	0	0	0	0	0	0	0	1	20210901
005801FF0001005006D400692D3DC379	0	0	0	0	0	0	0	0	1	20210901
005801FF0001005006D400692D3DC3A2	0	0	0	0	0	0	0	0	1	20210901
005801FF0001005006D400692D3DC3AA	0	0	0	0	0	0	0	0	1	20210901
005801FF00010050F6E52C43BE5C9F43	0	0	0	0	0	0	0	0	1	20210901
005801FF00010050F6E52C43BE5C9F99	0	0	0	0	0	0	0	0	1	20210901
005801FF00010050F6E52C43BE5C9F9B	0	0	0	0	0	0	0	0	1	20210901
005801FF00010050F6E52C43BE5C9FB0	0	0	0	0	0	0	0	0	1	20210901
005801FF00010050F6E52C43BE5CA013	0	0	0	0	0	0	0	0	1	20210901
005801FF00010050F6E52C43BE5CA04F	0	0	0	0	0	0	0	0	1	20210901
005801FF00010050F6E52C43BE5CA0BE	1	0	0	0	0	0	0	0	0	20210901
005801FF00010050F6E52C43BE5CA127	1	0	0	0	0	0	0	0	0	20210901
005801FF00010050F6E52C43BE5CA12A	0	0	0	0	0	0	0	0	1	20210901
005801FF00010050F6E52C43BE5CA17A	1	0	0	0	0	0	0	0	0	20210901
005801FF00010050F6E52C43BE5CA1BD	0	0	0	0	0	0	0	0	1	20210901
005801FF00010050F6E52C43BE5CA257	0	0	0	0	0	0	0	0	1	20210901
005801FF00010050F6E52C43BE5CA27C	0	0	0	0	0	0	0	0	1	20210901
005801FF00010050F6E52C43BE5CA297	0	0	0	0	0	0	0	0	1	20210901
005801FF00010050F6E52C43BE5CA2A6	0	0	0	0	0	0	0	0	1	20210901
005801FF00010050F6E52C43BE5CA2C7	0	0	0	0	0	0	0	0	1	20210901
005801FF00010050F6E52C43BE5CA2C9	0	0	0	0	0	0	0	0	1	20210901
005801FF00010050F6E52C43BE5CA2F2	1	0	0	0	0	0	0	0	0	20210901
005801FF00010050F6E52C43BE5CA305	0	0	0	0	0	0	0	0	1	20210901
005801FF00010050F6E52C43BE5CA307	0	0	0	0	0	0	0	0	1	20210901
005801FF00010050F6E52C43BE5CA312	0	0	0	0	0	0	0	0	1	20210901
005801FF00010050F6E52C43BE5CA360	0	0	0	0	0	0	0	0	1	20210901
005801FF00010050F6E52C43BE5CA39B	0	0	0	0	0	0	0	0	1	20210901
005801FF00010050F6E52C43BE5CA3A9	0	0	0	0	0	0	0	0	1	20210901
005801FF00010050F6E52C43BE5CA443	0	0	0	0	0	0	0	0	1	20210901
005801FF00010050F6E52C43BE5CA474	0	0	0	0	0	0	0	0	1	20210901
005801FF00010050F6E52C43BE5CA488	0	0	0	0	0	0	0	0	1	20210901
005801FF00010050F6E52C43BE5CA4BB	0	0	0	0	0	0	0	0	1	20210901
005801FF00010050F6E52C43BE5CA4E1	1	0	0	0	0	0	0	0	0	20210901
005801FF00010050F6E52C43BE5CA4F8	1	0	0	0	0	0	0	0	0	20210901
005801FF00010050F6E52C43BE5CA531	0	0	0	0	0	0	0	0	1	20210901
005801FF00010050F6E52C43BE5CA5CF	0	0	0	0	0	0	0	0	1	20210901
005801FF00010050F6E52C43BE5CA5E9	0	0	0	0	0	0	0	0	1	20210901
005801FF00010050F6E52C43BE5CA642	0	0	0	0	0	0	0	0	1	20210901
005801FF00010050F6E52C43BE5CA669	0	0	0	0	0	0	0	0	1	20210901
005801FF00010050F6E52C43BE5CA677	0	0	0	0	0	0	0	0	1	20210901
005801FF00010050F6E52C43BE5CA6B9	1	0	0	0	0	0	0	0	0	20210901
005801FF00010050F6E52C43BE5CA6CB	0	0	0	0	0	0	0	0	1	20210901
005801FF00010050F6E52C43BE5CA6D7	0	0	0	0	0	0	0	0	1	20210901
005801FF00010050F6E52C43BE5CA6E7	0	0	0	0	0	0	0	0	1	20210901
005801FF00010050F6E52C43BE5CA6F5	0	0	0	0	0	0	0	0	1	20210901
005801FF00010050F6E52C43BE5CA7C5	0	0	0	0	0	0	0	0	1	20210901
005801FF00010050F6E52C43BE5CA7DF	0	0	0	0	0	0	0	0	1	20210901
005801FF00010050F6E52C43BE5CA806	0	0	0	0	0	0	0	0	1	20210901
005801FF00010050F6E52C43BE5CA813	0	0	0	0	0	0	0	0	1	20210901
005801FF00010050F6E52C43BE5CA84A	0	0	0	0	0	0	0	0	1	20210901
005801FF00010050F6E52C43BE5CA869	0	0	0	0	0	0	0	0	1	20210901
005801FF00010050F6E52C43BE5CA878	0	0	0	0	0	0	0	0	1	20210901
005801FF00010050F6E52C43BE5CA92C	0	0	0	0	0	0	0	0	1	20210901
005801FF00010050F6E52C43BE5CA938	1	0	0	0	0	0	0	0	0	20210901
005801FF00010050F6E52C43BE5CAA07	0	0	0	0	0	0	0	0	1	20210901
005801FF00010050F6E52C43BE5CAA2D	0	0	0	0	0	0	0	0	1	20210901
005801FF00010050F6E52C43BE5CAA4A	0	0	0	0	0	0	0	0	1	20210901
005801FF00010050F6E52C43BE5CAA55	0	0	0	0	0	0	0	0	1	20210901
005801FF00010050F6E52C43BE5CAA8E	0	0	0	0	0	0	0	0	1	20210901
005801FF00010050F6E52C43BE5CAB09	0	0	0	0	0	0	0	0	1	20210901
005801FF00010050F6E52C43BE5CAB8E	1	0	0	0	0	0	0	0	0	20210901
005801FF00010050F6E52C43BE5CACC4	1	0	0	0	0	0	0	0	0	20210901
005801FF00010050F6E52C43BE5CADDD	0	0	0	0	0	0	0	0	1	20210901
005801FF00010050F6E52C43BE5CADE8	1	0	0	0	0	0	0	0	0	20210901
005801FF00010050F6E52C43BE5CAE02	0	0	0	0	0	0	0	0	1	20210901
005801FF00010050F6E52C43BE5CAE6E	0	0	0	0	0	0	0	0	1	20210901
005801FF00010050F6E52C43BE5CAEA5	0	0	0	0	0	0	0	0	1	20210901
